sample_id,dataset_source,provenance_tier,experiment_id,experiment_group,session_id,window_id,traffic_class,environment_id,flow_duration_sec,packets_per_sec,bytes_per_sec,mean_iat_sec,std_iat_sec,mean_packet_size_bytes,std_packet_size_bytes,min_packet_size_bytes,max_packet_size_bytes,pkt_len_p25,pkt_len_p50,pkt_len_p75,pkt_len_p90,directional_byte_ratio,pcap_source
NAT_ENH_EXP_BULK_ENV_CLEAN_SESS_0001_W0000,DS1_NATIVE_IPSEC_ENHANCED,1,EXP_BULK_ENV_CLEAN,GRP_EXP_BULK_ENV_CLEAN_SESS_0001,SESS_0001,0,BULK,ENV_CLEAN,2.11197,4.2614,360.8006,0.263996,0.25032,84.67,8.0,70.0,90.0,86.0,90.0,90.0,90.0,1.0,EXP_BULK_ENV_CLEAN_SESS_0001.pcap
NAT_ENH_EXP_BULK_ENV_CLEAN_SESS_0002_W0000,DS1_NATIVE_IPSEC_ENHANCED,1,EXP_BULK_ENV_CLEAN,GRP_EXP_BULK_ENV_CLEAN_SESS_0002,SESS_0002,0,BULK,ENV_CLEAN,2.203143,136.623,147822.0059,0.007344,0.060797,1081.97,613.32,42.0,1510.0,134.0,1452.0,1510.0,1510.0,0.0026,EXP_BULK_ENV_CLEAN_SESS_0002.pcap
NAT_ENH_EXP_BULK_ENV_CLEAN_SESS_0003_W0000,DS1_NATIVE_IPSEC_ENHANCED,1,EXP_BULK_ENV_CLEAN,GRP_EXP_BULK_ENV_CLEAN_SESS_0003,SESS_0003,0,BULK,ENV_CLEAN,2.859809,117.84,133447.7269,0.008511,0.067963,1132.45,588.58,42.0,1510.0,460.0,1452.0,1510.0,1510.0,0.0025,EXP_BULK_ENV_CLEAN_SESS_0003.pcap
NAT_ENH_EXP_BULK_ENV_CLEAN_SESS_0004_W0000,DS1_NATIVE_IPSEC_ENHANCED,1,EXP_BULK_ENV_CLEAN,GRP_EXP_BULK_ENV_CLEAN_SESS_0004,SESS_0004,0,BULK,ENV_CLEAN,2.2285,208.6605,210100.5265,0.004803,0.0477,1006.9,641.14,42.0,1510.0,134.0,1452.0,1510.0,1510.0,0.0018,EXP_BULK_ENV_CLEAN_SESS_0004.pcap
NAT_ENH_EXP_BULK_ENV_CLEAN_SESS_0005_W0000,DS1_NATIVE_IPSEC_ENHANCED,1,EXP_BULK_ENV_CLEAN,GRP_EXP_BULK_ENV_CLEAN_SESS_0005,SESS_0005,0,BULK,ENV_CLEAN,2.821867,164.4301,173541.4893,0.006095,0.067453,1055.41,624.89,42.0,1510.0,134.0,1452.0,1510.0,1510.0,0.0017,EXP_BULK_ENV_CLEAN_SESS_0005.pcap
NAT_ENH_EXP_BULK_ENV_CLEAN_SESS_0006_W0000,DS1_NATIVE_IPSEC_ENHANCED,1,EXP_BULK_ENV_CLEAN,GRP_EXP_BULK_ENV_CLEAN_SESS_0006,SESS_0006,0,BULK,ENV_CLEAN,2.392591,185.5729,203524.5473,0.005401,0.049478,1096.74,605.84,42.0,1510.0,134.0,1452.0,1510.0,1510.0,0.0017,EXP_BULK_ENV_CLEAN_SESS_0006.pcap
NAT_ENH_EXP_BULK_ENV_CLEAN_SESS_0007_W0000,DS1_NATIVE_IPSEC_ENHANCED,1,EXP_BULK_ENV_CLEAN,GRP_EXP_BULK_ENV_CLEAN_SESS_0007,SESS_0007,0,BULK,ENV_CLEAN,1.990316,194.9439,221916.0003,0.005143,0.058644,1138.36,583.89,42.0,1510.0,503.5,1452.0,1510.0,1510.0,0.0021,EXP_BULK_ENV_CLEAN_SESS_0007.pcap
NAT_ENH_EXP_BULK_ENV_CLEAN_SESS_0008_W0000,DS1_NATIVE_IPSEC_ENHANCED,1,EXP_BULK_ENV_CLEAN,GRP_EXP_BULK_ENV_CLEAN_SESS_0008,SESS_0008,0,BULK,ENV_CLEAN,2.422417,152.3272,167116.154,0.006583,0.059713,1097.09,606.76,42.0,1510.0,134.0,1452.0,1510.0,1510.0,0.0021,EXP_BULK_ENV_CLEAN_SESS_0008.pcap
NAT_ENH_EXP_BULK_ENV_CLEAN_SESS_0009_W0000,DS1_NATIVE_IPSEC_ENHANCED,1,EXP_BULK_ENV_CLEAN,GRP_EXP_BULK_ENV_CLEAN_SESS_0009,SESS_0009,0,BULK,ENV_CLEAN,2.145923,160.77,183997.7569,0.006238,0.048653,1144.48,581.58,42.0,1510.0,518.0,1452.0,1510.0,1510.0,0.0021,EXP_BULK_ENV_CLEAN_SESS_0009.pcap
NAT_ENH_EXP_BULK_ENV_CLEAN_SESS_0010_W0000,DS1_NATIVE_IPSEC_ENHANCED,1,EXP_BULK_ENV_CLEAN,GRP_EXP_BULK_ENV_CLEAN_SESS_0010,SESS_0010,0,BULK,ENV_CLEAN,2.801154,146.0113,147890.8389,0.006866,0.071869,1012.87,640.07,42.0,1510.0,134.0,1452.0,1510.0,1510.0,0.0018,EXP_BULK_ENV_CLEAN_SESS_0010.pcap
NAT_ENH_EXP_BULK_ENV_CLEAN_SESS_0011_W0000,DS1_NATIVE_IPSEC_ENHANCED,1,EXP_BULK_ENV_CLEAN,GRP_EXP_BULK_ENV_CLEAN_SESS_0011,SESS_0011,0,BULK,ENV_CLEAN,2.136528,157.7325,158471.5939,0.006359,0.059309,1004.69,642.54,42.0,1510.0,134.0,1452.0,1510.0,1510.0,0.0025,EXP_BULK_ENV_CLEAN_SESS_0011.pcap
NAT_ENH_EXP_BULK_ENV_CLEAN_SESS_0012_W0000,DS1_NATIVE_IPSEC_ENHANCED,1,EXP_BULK_ENV_CLEAN,GRP_EXP_BULK_ENV_CLEAN_SESS_0012,SESS_0012,0,BULK,ENV_CLEAN,1.997607,190.7282,206794.9309,0.005257,0.039939,1084.24,612.83,42.0,1510.0,134.0,1452.0,1510.0,1510.0,0.0023,EXP_BULK_ENV_CLEAN_SESS_0012.pcap
NAT_ENH_EXP_BULK_ENV_CLEAN_SESS_0013_W0000,DS1_NATIVE_IPSEC_ENHANCED,1,EXP_BULK_ENV_CLEAN,GRP_EXP_BULK_ENV_CLEAN_SESS_0013,SESS_0013,0,BULK,ENV_CLEAN,2.271228,177.4371,190296.6286,0.00565,0.048886,1072.47,618.09,42.0,1510.0,134.0,1452.0,1510.0,1510.0,0.0022,EXP_BULK_ENV_CLEAN_SESS_0013.pcap
NAT_ENH_EXP_BULK_ENV_CLEAN_SESS_0014_W0000,DS1_NATIVE_IPSEC_ENHANCED,1,EXP_BULK_ENV_CLEAN,GRP_EXP_BULK_ENV_CLEAN_SESS_0014,SESS_0014,0,BULK,ENV_CLEAN,2.082531,224.2464,248240.7254,0.004469,0.040728,1107.0,601.0,42.0,1510.0,134.0,1452.0,1510.0,1510.0,0.0016,EXP_BULK_ENV_CLEAN_SESS_0014.pcap
NAT_ENH_EXP_BULK_ENV_CLEAN_SESS_0015_W0000,DS1_NATIVE_IPSEC_ENHANCED,1,EXP_BULK_ENV_CLEAN,GRP_EXP_BULK_ENV_CLEAN_SESS_0015,SESS_0015,0,BULK,ENV_CLEAN,2.241643,190.4853,207191.3148,0.005262,0.04728,1087.7,610.16,42.0,1510.0,134.0,1452.0,1510.0,1510.0,0.002,EXP_BULK_ENV_CLEAN_SESS_0015.pcap
NAT_ENH_EXP_BULK_ENV_CLEAN_SESS_0016_W0000,DS1_NATIVE_IPSEC_ENHANCED,1,EXP_BULK_ENV_CLEAN,GRP_EXP_BULK_ENV_CLEAN_SESS_0016,SESS_0016,0,BULK,ENV_CLEAN,1.883898,217.6339,241060.2884,0.004606,0.049513,1107.64,600.37,42.0,1510.0,134.0,1452.0,1510.0,1510.0,0.0019,EXP_BULK_ENV_CLEAN_SESS_0016.pcap
NAT_ENH_EXP_BULK_ENV_CLEAN_SESS_0017_W0000,DS1_NATIVE_IPSEC_ENHANCED,1,EXP_BULK_ENV_CLEAN,GRP_EXP_BULK_ENV_CLEAN_SESS_0017,SESS_0017,0,BULK,ENV_CLEAN,2.133573,179.9798,181198.8777,0.005571,0.055901,1006.77,642.06,42.0,1510.0,134.0,1452.0,1510.0,1510.0,0.0022,EXP_BULK_ENV_CLEAN_SESS_0017.pcap
NAT_ENH_EXP_BULK_ENV_CLEAN_SESS_0018_W0000,DS1_NATIVE_IPSEC_ENHANCED,1,EXP_BULK_ENV_CLEAN,GRP_EXP_BULK_ENV_CLEAN_SESS_0018,SESS_0018,0,BULK,ENV_CLEAN,2.262264,184.7707,195862.6391,0.005425,0.048826,1060.03,622.96,42.0,1510.0,134.0,1452.0,1510.0,1510.0,0.0021,EXP_BULK_ENV_CLEAN_SESS_0018.pcap
NAT_ENH_EXP_BULK_ENV_CLEAN_SESS_0019_W0000,DS1_NATIVE_IPSEC_ENHANCED,1,EXP_BULK_ENV_CLEAN,GRP_EXP_BULK_ENV_CLEAN_SESS_0019,SESS_0019,0,BULK,ENV_CLEAN,2.320387,161.18,171986.3878,0.006221,0.04916,1067.05,620.5,42.0,1510.0,150.0,1452.0,1510.0,1510.0,0.0024,EXP_BULK_ENV_CLEAN_SESS_0019.pcap
NAT_ENH_EXP_BULK_ENV_CLEAN_SESS_0020_W0000,DS1_NATIVE_IPSEC_ENHANCED,1,EXP_BULK_ENV_CLEAN,GRP_EXP_BULK_ENV_CLEAN_SESS_0020,SESS_0020,0,BULK,ENV_CLEAN,2.439316,129.9545,129951.5912,0.007719,0.055591,999.98,644.01,42.0,1510.0,134.0,1452.0,1510.0,1510.0,0.003,EXP_BULK_ENV_CLEAN_SESS_0020.pcap
NAT_ENH_EXP_BULK_ENV_HIGH_LATENCY_SESS_W0000,DS1_NATIVE_IPSEC_ENHANCED,1,EXP_BULK_ENV_HIGH,GRP_EXP_BULK_ENV_HIGH_LATENCY_SESS,LATENCY_SESS,0,BULK,ENV_HIGH,2.403738,89.8601,102126.3641,0.01118,0.063348,1136.5,590.7,42.0,1510.0,324.25,1452.0,1510.0,1510.0,0.0031,EXP_BULK_ENV_HIGH_LATENCY_SESS_0031.pcap
NAT_ENH_EXP_BULK_ENV_HIGH_LATENCY_SESS_W0000,DS1_NATIVE_IPSEC_ENHANCED,1,EXP_BULK_ENV_HIGH,GRP_EXP_BULK_ENV_HIGH_LATENCY_SESS,LATENCY_SESS,0,BULK,ENV_HIGH,2.238889,62.531,70202.2304,0.016107,0.086187,1122.68,599.52,42.0,1510.0,256.75,1452.0,1510.0,1510.0,0.0048,EXP_BULK_ENV_HIGH_LATENCY_SESS_0032.pcap
NAT_ENH_EXP_BULK_ENV_HIGH_LATENCY_SESS_W0000,DS1_NATIVE_IPSEC_ENHANCED,1,EXP_BULK_ENV_HIGH,GRP_EXP_BULK_ENV_HIGH_LATENCY_SESS,LATENCY_SESS,0,BULK,ENV_HIGH,1.865135,104.5501,119260.5238,0.009614,0.064842,1140.7,588.45,42.0,1510.0,897.0,1452.0,1510.0,1510.0,0.0034,EXP_BULK_ENV_HIGH_LATENCY_SESS_0033.pcap
NAT_ENH_EXP_BULK_ENV_HIGH_LATENCY_SESS_W0000,DS1_NATIVE_IPSEC_ENHANCED,1,EXP_BULK_ENV_HIGH,GRP_EXP_BULK_ENV_HIGH_LATENCY_SESS,LATENCY_SESS,0,BULK,ENV_HIGH,1.786089,97.4196,111709.4424,0.010324,0.056804,1146.68,585.0,42.0,1510.0,1452.0,1452.0,1510.0,1510.0,0.0038,EXP_BULK_ENV_HIGH_LATENCY_SESS_0034.pcap
NAT_ENH_EXP_BULK_ENV_HIGH_LATENCY_SESS_W0000,DS1_NATIVE_IPSEC_ENHANCED,1,EXP_BULK_ENV_HIGH,GRP_EXP_BULK_ENV_HIGH_LATENCY_SESS,LATENCY_SESS,0,BULK,ENV_HIGH,2.043129,97.8891,112466.224,0.010267,0.050547,1148.91,584.35,42.0,1510.0,1452.0,1452.0,1510.0,1510.0,0.0041,EXP_BULK_ENV_HIGH_LATENCY_SESS_0035.pcap
NAT_ENH_EXP_BULK_ENV_HIGH_LATENCY_SESS_W0000,DS1_NATIVE_IPSEC_ENHANCED,1,EXP_BULK_ENV_HIGH,GRP_EXP_BULK_ENV_HIGH_LATENCY_SESS,LATENCY_SESS,0,BULK,ENV_HIGH,2.347478,63.8984,70369.558,0.015755,0.070856,1101.27,610.92,42.0,1510.0,134.0,1452.0,1510.0,1510.0,0.0057,EXP_BULK_ENV_HIGH_LATENCY_SESS_0036.pcap
NAT_ENH_EXP_BULK_ENV_HIGH_LATENCY_SESS_W0000,DS1_NATIVE_IPSEC_ENHANCED,1,EXP_BULK_ENV_HIGH,GRP_EXP_BULK_ENV_HIGH_LATENCY_SESS,LATENCY_SESS,0,BULK,ENV_HIGH,2.110103,104.2603,121679.8347,0.009635,0.059106,1167.08,572.8,42.0,1510.0,1452.0,1452.0,1510.0,1510.0,0.0033,EXP_BULK_ENV_HIGH_LATENCY_SESS_0037.pcap
NAT_ENH_EXP_BULK_ENV_HIGH_LATENCY_SESS_W0000,DS1_NATIVE_IPSEC_ENHANCED,1,EXP_BULK_ENV_HIGH,GRP_EXP_BULK_ENV_HIGH_LATENCY_SESS,LATENCY_SESS,0,BULK,ENV_HIGH,2.326509,122.5011,144231.1206,0.008192,0.063337,1177.39,565.38,42.0,1510.0,1452.0,1452.0,1510.0,1510.0,0.0023,EXP_BULK_ENV_HIGH_LATENCY_SESS_0038.pcap
NAT_ENH_EXP_BULK_ENV_HIGH_LATENCY_SESS_W0000,DS1_NATIVE_IPSEC_ENHANCED,1,EXP_BULK_ENV_HIGH,GRP_EXP_BULK_ENV_HIGH_LATENCY_SESS,LATENCY_SESS,0,BULK,ENV_HIGH,2.328617,102.2066,119395.7566,0.009825,0.058542,1168.18,571.89,42.0,1510.0,1452.0,1452.0,1510.0,1510.0,0.0031,EXP_BULK_ENV_HIGH_LATENCY_SESS_0039.pcap
NAT_ENH_EXP_BULK_ENV_HIGH_LATENCY_SESS_W0000,DS1_NATIVE_IPSEC_ENHANCED,1,EXP_BULK_ENV_HIGH,GRP_EXP_BULK_ENV_HIGH_LATENCY_SESS,LATENCY_SESS,0,BULK,ENV_HIGH,2.522123,88.0211,100840.0423,0.011412,0.067344,1145.64,585.67,42.0,1510.0,1452.0,1452.0,1510.0,1510.0,0.0034,EXP_BULK_ENV_HIGH_LATENCY_SESS_0040.pcap
NAT_ENH_EXP_BULK_ENV_HIGH_LATENCY_SESS_W0000,DS1_NATIVE_IPSEC_ENHANCED,1,EXP_BULK_ENV_HIGH,GRP_EXP_BULK_ENV_HIGH_LATENCY_SESS,LATENCY_SESS,0,BULK,ENV_HIGH,2.769127,232.2032,287316.9165,0.004313,0.04693,1237.35,520.29,42.0,1510.0,1452.0,1452.0,1510.0,1510.0,0.0012,EXP_BULK_ENV_HIGH_LATENCY_SESS_0041.pcap
NAT_ENH_EXP_BULK_ENV_HIGH_LATENCY_SESS_W0000,DS1_NATIVE_IPSEC_ENHANCED,1,EXP_BULK_ENV_HIGH,GRP_EXP_BULK_ENV_HIGH_LATENCY_SESS,LATENCY_SESS,0,BULK,ENV_HIGH,2.316177,274.5904,342505.36,0.003648,0.036276,1247.33,511.84,42.0,1510.0,1452.0,1452.0,1510.0,1510.0,0.0012,EXP_BULK_ENV_HIGH_LATENCY_SESS_0042.pcap
NAT_ENH_EXP_BULK_ENV_HIGH_LATENCY_SESS_W0000,DS1_NATIVE_IPSEC_ENHANCED,1,EXP_BULK_ENV_HIGH,GRP_EXP_BULK_ENV_HIGH_LATENCY_SESS,LATENCY_SESS,0,BULK,ENV_HIGH,2.559039,223.5214,266148.7506,0.004482,0.045959,1190.71,555.54,42.0,1510.0,1452.0,1452.0,1510.0,1510.0,0.0012,EXP_BULK_ENV_HIGH_LATENCY_SESS_0043.pcap
NAT_ENH_EXP_BULK_ENV_HIGH_LATENCY_SESS_W0000,DS1_NATIVE_IPSEC_ENHANCED,1,EXP_BULK_ENV_HIGH,GRP_EXP_BULK_ENV_HIGH_LATENCY_SESS,LATENCY_SESS,0,BULK,ENV_HIGH,1.63197,5.5148,469.3713,0.203996,0.179553,85.11,8.17,70.0,90.0,86.0,90.0,90.0,90.0,1.0,EXP_BULK_ENV_HIGH_LATENCY_SESS_0044.pcap
NAT_ENH_EXP_BULK_ENV_HIGH_LATENCY_SESS_W0001,DS1_NATIVE_IPSEC_ENHANCED,1,EXP_BULK_ENV_HIGH,GRP_EXP_BULK_ENV_HIGH_LATENCY_SESS,LATENCY_SESS,1,BULK,ENV_HIGH,2.714426,64.4704,75079.2237,0.0156,0.133976,1164.55,573.18,42.0,1510.0,1452.0,1452.0,1510.0,1510.0,0.0021,EXP_BULK_ENV_HIGH_LATENCY_SESS_0044.pcap
NAT_ENH_EXP_BULK_ENV_HIGH_LATENCY_SESS_W0000,DS1_NATIVE_IPSEC_ENHANCED,1,EXP_BULK_ENV_HIGH,GRP_EXP_BULK_ENV_HIGH_LATENCY_SESS,LATENCY_SESS,0,BULK,ENV_HIGH,1.86928,5.3497,455.7905,0.207698,0.224205,85.2,7.76,70.0,90.0,86.0,90.0,90.0,90.0,1.0,EXP_BULK_ENV_HIGH_LATENCY_SESS_0045.pcap
NAT_ENH_EXP_BULK_ENV_HIGH_LATENCY_SESS_W0001,DS1_NATIVE_IPSEC_ENHANCED,1,EXP_BULK_ENV_HIGH,GRP_EXP_BULK_ENV_HIGH_LATENCY_SESS,LATENCY_SESS,1,BULK,ENV_HIGH,2.45126,4.4875,377.7649,0.245126,0.454069,84.18,28.86,42.0,134.0,70.0,90.0,90.0,134.0,1.7076,EXP_BULK_ENV_HIGH_LATENCY_SESS_0045.pcap
NAT_ENH_EXP_BULK_ENV_HIGH_LATENCY_SESS_W0000,DS1_NATIVE_IPSEC_ENHANCED,1,EXP_BULK_ENV_HIGH,GRP_EXP_BULK_ENV_HIGH_LATENCY_SESS,LATENCY_SESS,0,BULK,ENV_HIGH,2.889165,186.9052,232377.5077,0.00536,0.051877,1243.29,515.51,42.0,1510.0,1452.0,1452.0,1510.0,1510.0,0.0014,EXP_BULK_ENV_HIGH_LATENCY_SESS_0046.pcap
NAT_ENH_EXP_BULK_ENV_HIGH_LATENCY_SESS_W0000,DS1_NATIVE_IPSEC_ENHANCED,1,EXP_BULK_ENV_HIGH,GRP_EXP_BULK_ENV_HIGH_LATENCY_SESS,LATENCY_SESS,0,BULK,ENV_HIGH,2.693822,215.6787,269752.4041,0.004645,0.044162,1250.71,509.02,42.0,1510.0,1452.0,1452.0,1510.0,1510.0,0.0013,EXP_BULK_ENV_HIGH_LATENCY_SESS_0047.pcap
NAT_ENH_EXP_BULK_ENV_HIGH_LATENCY_SESS_W0000,DS1_NATIVE_IPSEC_ENHANCED,1,EXP_BULK_ENV_HIGH,GRP_EXP_BULK_ENV_HIGH_LATENCY_SESS,LATENCY_SESS,0,BULK,ENV_HIGH,2.278822,230.3822,286633.5973,0.004349,0.038795,1244.17,514.84,42.0,1510.0,1452.0,1452.0,1510.0,1510.0,0.0014,EXP_BULK_ENV_HIGH_LATENCY_SESS_0048.pcap
NAT_ENH_EXP_BULK_ENV_HIGH_LATENCY_SESS_W0000,DS1_NATIVE_IPSEC_ENHANCED,1,EXP_BULK_ENV_HIGH,GRP_EXP_BULK_ENV_HIGH_LATENCY_SESS,LATENCY_SESS,0,BULK,ENV_HIGH,2.627437,189.1577,234870.3216,0.005297,0.048006,1241.66,517.03,42.0,1510.0,1452.0,1452.0,1510.0,1510.0,0.0015,EXP_BULK_ENV_HIGH_LATENCY_SESS_0049.pcap
NAT_ENH_EXP_BULK_ENV_HIGH_LATENCY_SESS_W0000,DS1_NATIVE_IPSEC_ENHANCED,1,EXP_BULK_ENV_HIGH,GRP_EXP_BULK_ENV_HIGH_LATENCY_SESS,LATENCY_SESS,0,BULK,ENV_HIGH,2.979935,172.1514,211865.3474,0.00582,0.054584,1230.69,525.93,42.0,1510.0,1452.0,1452.0,1510.0,1510.0,0.0015,EXP_BULK_ENV_HIGH_LATENCY_SESS_0050.pcap
NAT_ENH_EXP_BULK_ENV_HIGH_LATENCY_SESS_W0000,DS1_NATIVE_IPSEC_ENHANCED,1,EXP_BULK_ENV_HIGH,GRP_EXP_BULK_ENV_HIGH_LATENCY_SESS,LATENCY_SESS,0,BULK,ENV_HIGH,2.332943,229.3241,291535.2029,0.004369,0.042147,1271.28,490.36,42.0,1510.0,1452.0,1452.0,1510.0,1510.0,0.0012,EXP_BULK_ENV_HIGH_LATENCY_SESS_0051.pcap
NAT_ENH_EXP_BULK_ENV_HIGH_LATENCY_SESS_W0000,DS1_NATIVE_IPSEC_ENHANCED,1,EXP_BULK_ENV_HIGH,GRP_EXP_BULK_ENV_HIGH_LATENCY_SESS,LATENCY_SESS,0,BULK,ENV_HIGH,2.586549,199.107,242640.3085,0.005032,0.046502,1218.64,535.46,42.0,1510.0,1452.0,1452.0,1510.0,1510.0,0.0015,EXP_BULK_ENV_HIGH_LATENCY_SESS_0052.pcap
NAT_ENH_EXP_BULK_ENV_HIGH_LATENCY_SESS_W0000,DS1_NATIVE_IPSEC_ENHANCED,1,EXP_BULK_ENV_HIGH,GRP_EXP_BULK_ENV_HIGH_LATENCY_SESS,LATENCY_SESS,0,BULK,ENV_HIGH,2.408464,227.5309,282569.7261,0.004403,0.041065,1241.9,516.59,42.0,1510.0,1452.0,1452.0,1510.0,1510.0,0.0012,EXP_BULK_ENV_HIGH_LATENCY_SESS_0053.pcap
NAT_ENH_EXP_BULK_ENV_HIGH_LATENCY_SESS_W0000,DS1_NATIVE_IPSEC_ENHANCED,1,EXP_BULK_ENV_HIGH,GRP_EXP_BULK_ENV_HIGH_LATENCY_SESS,LATENCY_SESS,0,BULK,ENV_HIGH,2.455479,204.0335,252633.7889,0.004911,0.04058,1238.2,519.91,42.0,1510.0,1452.0,1452.0,1510.0,1510.0,0.0015,EXP_BULK_ENV_HIGH_LATENCY_SESS_0054.pcap
NAT_ENH_EXP_BULK_ENV_HIGH_LATENCY_SESS_W0000,DS1_NATIVE_IPSEC_ENHANCED,1,EXP_BULK_ENV_HIGH,GRP_EXP_BULK_ENV_HIGH_LATENCY_SESS,LATENCY_SESS,0,BULK,ENV_HIGH,2.684004,155.7375,187834.6798,0.006436,0.051063,1206.1,545.17,42.0,1510.0,1452.0,1452.0,1510.0,1510.0,0.0019,EXP_BULK_ENV_HIGH_LATENCY_SESS_0055.pcap
NAT_ENH_EXP_BULK_ENV_HIGH_LATENCY_SESS_W0000,DS1_NATIVE_IPSEC_ENHANCED,1,EXP_BULK_ENV_HIGH,GRP_EXP_BULK_ENV_HIGH_LATENCY_SESS,LATENCY_SESS,0,BULK,ENV_HIGH,2.022837,4.4492,378.6761,0.252855,0.194047,85.11,8.17,70.0,90.0,86.0,90.0,90.0,90.0,1.0,EXP_BULK_ENV_HIGH_LATENCY_SESS_0056.pcap
NAT_ENH_EXP_BULK_ENV_HIGH_LATENCY_SESS_W0000,DS1_NATIVE_IPSEC_ENHANCED,1,EXP_BULK_ENV_HIGH,GRP_EXP_BULK_ENV_HIGH_LATENCY_SESS,LATENCY_SESS,0,BULK,ENV_HIGH,2.478307,198.5226,245472.0089,0.005047,0.043896,1236.49,521.34,42.0,1510.0,1452.0,1452.0,1510.0,1510.0,0.0015,EXP_BULK_ENV_HIGH_LATENCY_SESS_0057.pcap
NAT_ENH_EXP_BULK_ENV_HIGH_LATENCY_SESS_W0000,DS1_NATIVE_IPSEC_ENHANCED,1,EXP_BULK_ENV_HIGH,GRP_EXP_BULK_ENV_HIGH_LATENCY_SESS,LATENCY_SESS,0,BULK,ENV_HIGH,2.327666,186.0232,226148.8504,0.005388,0.049897,1215.7,537.69,42.0,1510.0,1452.0,1452.0,1510.0,1510.0,0.0016,EXP_BULK_ENV_HIGH_LATENCY_SESS_0058.pcap
NAT_ENH_EXP_BULK_ENV_HIGH_LATENCY_SESS_W0000,DS1_NATIVE_IPSEC_ENHANCED,1,EXP_BULK_ENV_HIGH,GRP_EXP_BULK_ENV_HIGH_LATENCY_SESS,LATENCY_SESS,0,BULK,ENV_HIGH,2.976657,186.4508,231683.0659,0.005373,0.066659,1242.6,516.11,42.0,1510.0,1452.0,1452.0,1510.0,1510.0,0.0012,EXP_BULK_ENV_HIGH_LATENCY_SESS_0059.pcap
NAT_ENH_EXP_BULK_ENV_HIGH_LATENCY_SESS_W0000,DS1_NATIVE_IPSEC_ENHANCED,1,EXP_BULK_ENV_HIGH,GRP_EXP_BULK_ENV_HIGH_LATENCY_SESS,LATENCY_SESS,0,BULK,ENV_HIGH,2.649982,186.4164,234234.4234,0.005375,0.048198,1256.51,504.13,42.0,1510.0,1452.0,1452.0,1510.0,1510.0,0.0015,EXP_BULK_ENV_HIGH_LATENCY_SESS_0060.pcap
NAT_ENH_EXP_BULK_ENV_LOSSY_SESS_0046_W0000,DS1_NATIVE_IPSEC_ENHANCED,1,EXP_BULK_ENV_LOSSY,GRP_EXP_BULK_ENV_LOSSY_SESS_0046,SESS_0046,0,BULK,ENV_LOSSY,2.771715,65.3025,73242.3808,0.015398,0.090881,1121.59,599.7,42.0,1510.0,214.0,1452.0,1510.0,1510.0,0.0046,EXP_BULK_ENV_LOSSY_SESS_0046.pcap
NAT_ENH_EXP_BULK_ENV_LOSSY_SESS_0047_W0000,DS1_NATIVE_IPSEC_ENHANCED,1,EXP_BULK_ENV_LOSSY,GRP_EXP_BULK_ENV_LOSSY_SESS_0047,SESS_0047,0,BULK,ENV_LOSSY,1.676069,77.5624,83308.6217,0.012993,0.066749,1074.08,623.25,42.0,1510.0,134.0,1452.0,1510.0,1510.0,0.0061,EXP_BULK_ENV_LOSSY_SESS_0047.pcap
NAT_ENH_EXP_BULK_ENV_LOSSY_SESS_0048_W0000,DS1_NATIVE_IPSEC_ENHANCED,1,EXP_BULK_ENV_LOSSY,GRP_EXP_BULK_ENV_LOSSY_SESS_0048,SESS_0048,0,BULK,ENV_LOSSY,2.501491,70.358,79295.5135,0.014294,0.078764,1127.03,596.89,42.0,1510.0,256.75,1452.0,1510.0,1510.0,0.0043,EXP_BULK_ENV_LOSSY_SESS_0048.pcap
NAT_ENH_EXP_BULK_ENV_LOSSY_SESS_0049_W0000,DS1_NATIVE_IPSEC_ENHANCED,1,EXP_BULK_ENV_LOSSY,GRP_EXP_BULK_ENV_LOSSY_SESS_0049,SESS_0049,0,BULK,ENV_LOSSY,2.267348,85.5625,96837.8013,0.011748,0.082982,1131.78,593.69,42.0,1510.0,288.75,1452.0,1510.0,1510.0,0.0039,EXP_BULK_ENV_LOSSY_SESS_0049.pcap
NAT_ENH_EXP_BULK_ENV_LOSSY_SESS_0050_W0000,DS1_NATIVE_IPSEC_ENHANCED,1,EXP_BULK_ENV_LOSSY,GRP_EXP_BULK_ENV_LOSSY_SESS_0050,SESS_0050,0,BULK,ENV_LOSSY,2.081541,77.3465,87849.8164,0.01301,0.087011,1135.8,591.71,42.0,1510.0,342.0,1452.0,1510.0,1510.0,0.0042,EXP_BULK_ENV_LOSSY_SESS_0050.pcap
NAT_ENH_EXP_BULK_ENV_LOSSY_SESS_0051_W0000,DS1_NATIVE_IPSEC_ENHANCED,1,EXP_BULK_ENV_LOSSY,GRP_EXP_BULK_ENV_LOSSY_SESS_0051,SESS_0051,0,BULK,ENV_LOSSY,2.328031,116.8369,132362.0655,0.008591,0.057757,1132.88,592.26,42.0,1510.0,256.75,1452.0,1510.0,1510.0,0.0028,EXP_BULK_ENV_LOSSY_SESS_0051.pcap
NAT_ENH_EXP_BULK_ENV_LOSSY_SESS_0052_W0000,DS1_NATIVE_IPSEC_ENHANCED,1,EXP_BULK_ENV_LOSSY,GRP_EXP_BULK_ENV_LOSSY_SESS_0052,SESS_0052,0,BULK,ENV_LOSSY,1.803639,130.2922,150959.815,0.007708,0.056163,1158.63,577.63,42.0,1510.0,1452.0,1452.0,1510.0,1510.0,0.0028,EXP_BULK_ENV_LOSSY_SESS_0052.pcap
NAT_ENH_EXP_BULK_ENV_LOSSY_SESS_0053_W0000,DS1_NATIVE_IPSEC_ENHANCED,1,EXP_BULK_ENV_LOSSY,GRP_EXP_BULK_ENV_LOSSY_SESS_0053,SESS_0053,0,BULK,ENV_LOSSY,2.90286,64.7637,75398.4021,0.015523,0.146875,1164.21,574.92,42.0,1510.0,1452.0,1452.0,1510.0,1510.0,0.0035,EXP_BULK_ENV_LOSSY_SESS_0053.pcap
NAT_ENH_EXP_BULK_ENV_LOSSY_SESS_0054_W0000,DS1_NATIVE_IPSEC_ENHANCED,1,EXP_BULK_ENV_LOSSY,GRP_EXP_BULK_ENV_LOSSY_SESS_0054,SESS_0054,0,BULK,ENV_LOSSY,2.293952,35.3102,35689.9362,0.028674,0.128196,1010.75,649.26,42.0,1510.0,134.0,1452.0,1510.0,1510.0,0.0083,EXP_BULK_ENV_LOSSY_SESS_0054.pcap
NAT_ENH_EXP_BULK_ENV_LOSSY_SESS_0055_W0000,DS1_NATIVE_IPSEC_ENHANCED,1,EXP_BULK_ENV_LOSSY,GRP_EXP_BULK_ENV_LOSSY_SESS_0055,SESS_0055,0,BULK,ENV_LOSSY,2.159585,73.6253,82711.7247,0.013668,0.081599,1123.42,598.36,42.0,1510.0,242.5,1452.0,1510.0,1510.0,0.0037,EXP_BULK_ENV_LOSSY_SESS_0055.pcap
NAT_ENH_EXP_BULK_ENV_LOSSY_SESS_0056_W0000,DS1_NATIVE_IPSEC_ENHANCED,1,EXP_BULK_ENV_LOSSY,GRP_EXP_BULK_ENV_LOSSY_SESS_0056,SESS_0056,0,BULK,ENV_LOSSY,2.352262,85.4497,96642.7201,0.011761,0.073974,1130.99,594.48,42.0,1510.0,271.0,1452.0,1510.0,1510.0,0.0038,EXP_BULK_ENV_LOSSY_SESS_0056.pcap
NAT_ENH_EXP_BULK_ENV_LOSSY_SESS_0057_W0000,DS1_NATIVE_IPSEC_ENHANCED,1,EXP_BULK_ENV_LOSSY,GRP_EXP_BULK_ENV_LOSSY_SESS_0057,SESS_0057,0,BULK,ENV_LOSSY,1.952182,112.6944,130838.7194,0.008914,0.080059,1161.0,576.19,42.0,1510.0,1452.0,1452.0,1510.0,1510.0,0.003,EXP_BULK_ENV_LOSSY_SESS_0057.pcap
NAT_ENH_EXP_BULK_ENV_LOSSY_SESS_0058_W0000,DS1_NATIVE_IPSEC_ENHANCED,1,EXP_BULK_ENV_LOSSY,GRP_EXP_BULK_ENV_LOSSY_SESS_0058,SESS_0058,0,BULK,ENV_LOSSY,2.103511,93.6529,105831.1508,0.010732,0.063507,1130.04,594.85,42.0,1510.0,271.0,1452.0,1510.0,1510.0,0.0042,EXP_BULK_ENV_LOSSY_SESS_0058.pcap
NAT_ENH_EXP_BULK_ENV_LOSSY_SESS_0059_W0000,DS1_NATIVE_IPSEC_ENHANCED,1,EXP_BULK_ENV_LOSSY,GRP_EXP_BULK_ENV_LOSSY_SESS_0059,SESS_0059,0,BULK,ENV_LOSSY,2.429322,88.9137,103829.381,0.011299,0.077122,1167.75,573.08,42.0,1510.0,1452.0,1452.0,1510.0,1510.0,0.0037,EXP_BULK_ENV_LOSSY_SESS_0059.pcap
NAT_ENH_EXP_BULK_ENV_LOSSY_SESS_0060_W0000,DS1_NATIVE_IPSEC_ENHANCED,1,EXP_BULK_ENV_LOSSY,GRP_EXP_BULK_ENV_LOSSY_SESS_0060,SESS_0060,0,BULK,ENV_LOSSY,2.407344,110.0798,125379.2508,0.009119,0.081134,1138.98,589.37,42.0,1510.0,342.0,1452.0,1510.0,1510.0,0.0031,EXP_BULK_ENV_LOSSY_SESS_0060.pcap
NAT_ENH_EXP_BULK_ENV_LOSSY_SESS_0061_W0000,DS1_NATIVE_IPSEC_ENHANCED,1,EXP_BULK_ENV_LOSSY,GRP_EXP_BULK_ENV_LOSSY_SESS_0061,SESS_0061,0,BULK,ENV_LOSSY,2.332213,158.2188,193125.1427,0.006338,0.050045,1220.62,534.38,42.0,1510.0,1452.0,1452.0,1510.0,1510.0,0.0021,EXP_BULK_ENV_LOSSY_SESS_0061.pcap
NAT_ENH_EXP_BULK_ENV_LOSSY_SESS_0062_W0000,DS1_NATIVE_IPSEC_ENHANCED,1,EXP_BULK_ENV_LOSSY,GRP_EXP_BULK_ENV_LOSSY_SESS_0062,SESS_0062,0,BULK,ENV_LOSSY,2.075001,224.5782,277886.6129,0.004462,0.050795,1237.37,520.46,42.0,1510.0,1452.0,1452.0,1510.0,1510.0,0.0015,EXP_BULK_ENV_LOSSY_SESS_0062.pcap
NAT_ENH_EXP_BULK_ENV_LOSSY_SESS_0063_W0000,DS1_NATIVE_IPSEC_ENHANCED,1,EXP_BULK_ENV_LOSSY,GRP_EXP_BULK_ENV_LOSSY_SESS_0063,SESS_0063,0,BULK,ENV_LOSSY,2.599219,147.3519,178216.9894,0.006804,0.052589,1209.46,542.96,42.0,1510.0,1452.0,1452.0,1510.0,1510.0,0.0018,EXP_BULK_ENV_LOSSY_SESS_0063.pcap
NAT_ENH_EXP_BULK_ENV_LOSSY_SESS_0064_W0000,DS1_NATIVE_IPSEC_ENHANCED,1,EXP_BULK_ENV_LOSSY,GRP_EXP_BULK_ENV_LOSSY_SESS_0064,SESS_0064,0,BULK,ENV_LOSSY,2.630128,96.193,115689.8108,0.010437,0.077248,1202.68,548.5,42.0,1510.0,1452.0,1452.0,1510.0,1510.0,0.0028,EXP_BULK_ENV_LOSSY_SESS_0064.pcap
NAT_ENH_EXP_BULK_ENV_LOSSY_SESS_0065_W0000,DS1_NATIVE_IPSEC_ENHANCED,1,EXP_BULK_ENV_LOSSY,GRP_EXP_BULK_ENV_LOSSY_SESS_0065,SESS_0065,0,BULK,ENV_LOSSY,2.893513,127.5266,152923.8007,0.007863,0.069506,1199.15,550.53,42.0,1510.0,1452.0,1452.0,1510.0,1510.0,0.0019,EXP_BULK_ENV_LOSSY_SESS_0065.pcap
NAT_ENH_EXP_BULK_ENV_LOSSY_SESS_0066_W0000,DS1_NATIVE_IPSEC_ENHANCED,1,EXP_BULK_ENV_LOSSY,GRP_EXP_BULK_ENV_LOSSY_SESS_0066,SESS_0066,0,BULK,ENV_LOSSY,2.210165,187.3163,230300.0226,0.005351,0.043215,1229.47,527.31,42.0,1510.0,1452.0,1452.0,1510.0,1510.0,0.0018,EXP_BULK_ENV_LOSSY_SESS_0066.pcap
NAT_ENH_EXP_BULK_ENV_LOSSY_SESS_0067_W0000,DS1_NATIVE_IPSEC_ENHANCED,1,EXP_BULK_ENV_LOSSY,GRP_EXP_BULK_ENV_LOSSY_SESS_0067,SESS_0067,0,BULK,ENV_LOSSY,2.455971,246.7456,308229.6164,0.004059,0.044016,1249.18,510.19,42.0,1510.0,1452.0,1452.0,1510.0,1510.0,0.0011,EXP_BULK_ENV_LOSSY_SESS_0067.pcap
NAT_ENH_EXP_BULK_ENV_LOSSY_SESS_0068_W0000,DS1_NATIVE_IPSEC_ENHANCED,1,EXP_BULK_ENV_LOSSY,GRP_EXP_BULK_ENV_LOSSY_SESS_0068,SESS_0068,0,BULK,ENV_LOSSY,2.419205,167.8237,204408.8906,0.005973,0.052203,1218.0,536.17,42.0,1510.0,1452.0,1452.0,1510.0,1510.0,0.0017,EXP_BULK_ENV_LOSSY_SESS_0068.pcap
NAT_ENH_EXP_BULK_ENV_LOSSY_SESS_0069_W0000,DS1_NATIVE_IPSEC_ENHANCED,1,EXP_BULK_ENV_LOSSY,GRP_EXP_BULK_ENV_LOSSY_SESS_0069,SESS_0069,0,BULK,ENV_LOSSY,2.317768,217.4506,271873.2153,0.004608,0.047632,1250.28,509.58,42.0,1510.0,1452.0,1452.0,1510.0,1510.0,0.0015,EXP_BULK_ENV_LOSSY_SESS_0069.pcap
NAT_ENH_EXP_BULK_ENV_LOSSY_SESS_0070_W0000,DS1_NATIVE_IPSEC_ENHANCED,1,EXP_BULK_ENV_LOSSY,GRP_EXP_BULK_ENV_LOSSY_SESS_0070,SESS_0070,0,BULK,ENV_LOSSY,2.529818,179.4596,221943.6497,0.005585,0.045686,1236.73,521.19,42.0,1510.0,1452.0,1452.0,1510.0,1510.0,0.0017,EXP_BULK_ENV_LOSSY_SESS_0070.pcap
NAT_ENH_EXP_BULK_ENV_LOSSY_SESS_0071_W0000,DS1_NATIVE_IPSEC_ENHANCED,1,EXP_BULK_ENV_LOSSY,GRP_EXP_BULK_ENV_LOSSY_SESS_0071,SESS_0071,0,BULK,ENV_LOSSY,2.619843,164.132,198206.915,0.006107,0.056436,1207.61,543.88,42.0,1510.0,1452.0,1452.0,1510.0,1510.0,0.0016,EXP_BULK_ENV_LOSSY_SESS_0071.pcap
NAT_ENH_EXP_BULK_ENV_LOSSY_SESS_0072_W0000,DS1_NATIVE_IPSEC_ENHANCED,1,EXP_BULK_ENV_LOSSY,GRP_EXP_BULK_ENV_LOSSY_SESS_0072,SESS_0072,0,BULK,ENV_LOSSY,2.412212,246.247,294168.6016,0.004068,0.041544,1194.61,552.73,42.0,1510.0,1452.0,1452.0,1510.0,1510.0,0.0012,EXP_BULK_ENV_LOSSY_SESS_0072.pcap
NAT_ENH_EXP_BULK_ENV_LOSSY_SESS_0073_W0000,DS1_NATIVE_IPSEC_ENHANCED,1,EXP_BULK_ENV_LOSSY,GRP_EXP_BULK_ENV_LOSSY_SESS_0073,SESS_0073,0,BULK,ENV_LOSSY,2.110761,201.3492,246997.6553,0.004978,0.045102,1226.71,529.5,42.0,1510.0,1452.0,1452.0,1510.0,1510.0,0.0016,EXP_BULK_ENV_LOSSY_SESS_0073.pcap
NAT_ENH_EXP_BULK_ENV_LOSSY_SESS_0074_W0000,DS1_NATIVE_IPSEC_ENHANCED,1,EXP_BULK_ENV_LOSSY,GRP_EXP_BULK_ENV_LOSSY_SESS_0074,SESS_0074,0,BULK,ENV_LOSSY,2.404038,212.559,263127.7095,0.004714,0.045153,1237.9,520.42,42.0,1510.0,1452.0,1452.0,1510.0,1510.0,0.0015,EXP_BULK_ENV_LOSSY_SESS_0074.pcap
NAT_ENH_EXP_BULK_ENV_LOSSY_SESS_0075_W0000,DS1_NATIVE_IPSEC_ENHANCED,1,EXP_BULK_ENV_LOSSY,GRP_EXP_BULK_ENV_LOSSY_SESS_0075,SESS_0075,0,BULK,ENV_LOSSY,2.395383,182.8518,227966.4558,0.005481,0.047564,1246.73,512.93,42.0,1510.0,1452.0,1452.0,1510.0,1510.0,0.0014,EXP_BULK_ENV_LOSSY_SESS_0075.pcap
NAT_ENH_EXP_BULK_ENV_LOSSY_SESS_0076_W0000,DS1_NATIVE_IPSEC_ENHANCED,1,EXP_BULK_ENV_LOSSY,GRP_EXP_BULK_ENV_LOSSY_SESS_0076,SESS_0076,0,BULK,ENV_LOSSY,2.520909,166.2099,205952.2916,0.006031,0.049168,1239.11,519.71,42.0,1510.0,1452.0,1452.0,1510.0,1510.0,0.0018,EXP_BULK_ENV_LOSSY_SESS_0076.pcap
NAT_ENH_EXP_BULK_ENV_LOSSY_SESS_0077_W0000,DS1_NATIVE_IPSEC_ENHANCED,1,EXP_BULK_ENV_LOSSY,GRP_EXP_BULK_ENV_LOSSY_SESS_0077,SESS_0077,0,BULK,ENV_LOSSY,2.39577,157.3607,191333.4694,0.006372,0.05771,1215.89,537.95,42.0,1510.0,1452.0,1452.0,1510.0,1510.0,0.0017,EXP_BULK_ENV_LOSSY_SESS_0077.pcap
NAT_ENH_EXP_BULK_ENV_LOSSY_SESS_0078_W0000,DS1_NATIVE_IPSEC_ENHANCED,1,EXP_BULK_ENV_LOSSY,GRP_EXP_BULK_ENV_LOSSY_SESS_0078,SESS_0078,0,BULK,ENV_LOSSY,2.040839,302.3266,372127.8001,0.003313,0.046246,1230.88,524.82,42.0,1510.0,1452.0,1452.0,1510.0,1510.0,0.0011,EXP_BULK_ENV_LOSSY_SESS_0078.pcap
NAT_ENH_EXP_BULK_ENV_LOSSY_SESS_0079_W0000,DS1_NATIVE_IPSEC_ENHANCED,1,EXP_BULK_ENV_LOSSY,GRP_EXP_BULK_ENV_LOSSY_SESS_0079,SESS_0079,0,BULK,ENV_LOSSY,2.362228,173.5649,208405.3562,0.005776,0.042457,1200.73,549.08,42.0,1510.0,1452.0,1452.0,1510.0,1510.0,0.0019,EXP_BULK_ENV_LOSSY_SESS_0079.pcap
NAT_ENH_EXP_BULK_ENV_LOSSY_SESS_0080_W0000,DS1_NATIVE_IPSEC_ENHANCED,1,EXP_BULK_ENV_LOSSY,GRP_EXP_BULK_ENV_LOSSY_SESS_0080,SESS_0080,0,BULK,ENV_LOSSY,2.541516,195.1591,236933.7989,0.005134,0.048607,1214.05,538.81,42.0,1510.0,1452.0,1452.0,1510.0,1510.0,0.0014,EXP_BULK_ENV_LOSSY_SESS_0080.pcap
NAT_ENH_EXP_BULK_ENV_LOW_LATENCY_SESS_W0000,DS1_NATIVE_IPSEC_ENHANCED,1,EXP_BULK_ENV_LOW,GRP_EXP_BULK_ENV_LOW_LATENCY_SESS,LATENCY_SESS,0,BULK,ENV_LOW,2.487069,101.3241,110376.9078,0.009909,0.062609,1089.35,614.42,42.0,1510.0,134.0,1452.0,1510.0,1510.0,0.0031,EXP_BULK_ENV_LOW_LATENCY_SESS_0016.pcap
NAT_ENH_EXP_BULK_ENV_LOW_LATENCY_SESS_W0000,DS1_NATIVE_IPSEC_ENHANCED,1,EXP_BULK_ENV_LOW,GRP_EXP_BULK_ENV_LOW_LATENCY_SESS,LATENCY_SESS,0,BULK,ENV_LOW,2.095582,3.8176,322.5834,0.299369,0.288668,84.5,8.47,70.0,90.0,82.0,90.0,90.0,90.0,1.0,EXP_BULK_ENV_LOW_LATENCY_SESS_0017.pcap
NAT_ENH_EXP_BULK_ENV_LOW_LATENCY_SESS_W0000,DS1_NATIVE_IPSEC_ENHANCED,1,EXP_BULK_ENV_LOW,GRP_EXP_BULK_ENV_LOW_LATENCY_SESS,LATENCY_SESS,0,BULK,ENV_LOW,2.425278,82.0525,95252.9998,0.012249,0.081416,1160.88,576.75,42.0,1510.0,1452.0,1452.0,1510.0,1510.0,0.0037,EXP_BULK_ENV_LOW_LATENCY_SESS_0018.pcap
NAT_ENH_EXP_BULK_ENV_LOW_LATENCY_SESS_W0000,DS1_NATIVE_IPSEC_ENHANCED,1,EXP_BULK_ENV_LOW,GRP_EXP_BULK_ENV_LOW_LATENCY_SESS,LATENCY_SESS,0,BULK,ENV_LOW,2.021172,79.162,89151.7376,0.012712,0.07823,1126.19,597.48,42.0,1510.0,256.75,1452.0,1510.0,1510.0,0.0037,EXP_BULK_ENV_LOW_LATENCY_SESS_0019.pcap
NAT_ENH_EXP_BULK_ENV_LOW_LATENCY_SESS_W0000,DS1_NATIVE_IPSEC_ENHANCED,1,EXP_BULK_ENV_LOW,GRP_EXP_BULK_ENV_LOW_LATENCY_SESS,LATENCY_SESS,0,BULK,ENV_LOW,1.874229,87.5026,97085.7907,0.011498,0.075217,1109.52,606.37,42.0,1510.0,134.0,1452.0,1510.0,1510.0,0.0047,EXP_BULK_ENV_LOW_LATENCY_SESS_0020.pcap
NAT_ENH_EXP_BULK_ENV_LOW_LATENCY_SESS_W0000,DS1_NATIVE_IPSEC_ENHANCED,1,EXP_BULK_ENV_LOW,GRP_EXP_BULK_ENV_LOW_LATENCY_SESS,LATENCY_SESS,0,BULK,ENV_LOW,1.781663,104.9581,120547.4925,0.009579,0.068391,1148.53,584.95,42.0,1510.0,1452.0,1452.0,1510.0,1510.0,0.0035,EXP_BULK_ENV_LOW_LATENCY_SESS_0021.pcap
NAT_ENH_EXP_BULK_ENV_LOW_LATENCY_SESS_W0000,DS1_NATIVE_IPSEC_ENHANCED,1,EXP_BULK_ENV_LOW,GRP_EXP_BULK_ENV_LOW_LATENCY_SESS,LATENCY_SESS,0,BULK,ENV_LOW,2.303321,143.2714,172842.1608,0.007001,0.053693,1206.4,545.22,42.0,1510.0,1452.0,1452.0,1510.0,1510.0,0.0021,EXP_BULK_ENV_LOW_LATENCY_SESS_0022.pcap
NAT_ENH_EXP_BULK_ENV_LOW_LATENCY_SESS_W0000,DS1_NATIVE_IPSEC_ENHANCED,1,EXP_BULK_ENV_LOW,GRP_EXP_BULK_ENV_LOW_LATENCY_SESS,LATENCY_SESS,0,BULK,ENV_LOW,2.299,203.1318,243812.5246,0.004933,0.052867,1200.27,549.13,42.0,1510.0,1452.0,1452.0,1510.0,1510.0,0.0017,EXP_BULK_ENV_LOW_LATENCY_SESS_0023.pcap
NAT_ENH_EXP_BULK_ENV_LOW_LATENCY_SESS_W0000,DS1_NATIVE_IPSEC_ENHANCED,1,EXP_BULK_ENV_LOW,GRP_EXP_BULK_ENV_LOW_LATENCY_SESS,LATENCY_SESS,0,BULK,ENV_LOW,1.803176,119.7886,139170.5397,0.008387,0.056014,1161.8,576.75,42.0,1510.0,1452.0,1452.0,1510.0,1510.0,0.0034,EXP_BULK_ENV_LOW_LATENCY_SESS_0024.pcap
NAT_ENH_EXP_BULK_ENV_LOW_LATENCY_SESS_W0000,DS1_NATIVE_IPSEC_ENHANCED,1,EXP_BULK_ENV_LOW,GRP_EXP_BULK_ENV_LOW_LATENCY_SESS,LATENCY_SESS,0,BULK,ENV_LOW,2.831137,130.6895,155818.3193,0.007672,0.05675,1192.28,555.21,42.0,1510.0,1452.0,1452.0,1510.0,1510.0,0.0021,EXP_BULK_ENV_LOW_LATENCY_SESS_0025.pcap
NAT_ENH_EXP_BULK_ENV_LOW_LATENCY_SESS_W0000,DS1_NATIVE_IPSEC_ENHANCED,1,EXP_BULK_ENV_LOW,GRP_EXP_BULK_ENV_LOW_LATENCY_SESS,LATENCY_SESS,0,BULK,ENV_LOW,2.99068,4.3468,367.1406,0.249223,0.284186,84.46,26.56,42.0,134.0,70.0,86.0,90.0,125.20000000000003,2.2105,EXP_BULK_ENV_LOW_LATENCY_SESS_0026.pcap
NAT_ENH_EXP_BULK_ENV_LOW_LATENCY_SESS_W0000,DS1_NATIVE_IPSEC_ENHANCED,1,EXP_BULK_ENV_LOW,GRP_EXP_BULK_ENV_LOW_LATENCY_SESS,LATENCY_SESS,0,BULK,ENV_LOW,2.52663,185.6228,230500.3176,0.005399,0.051369,1241.77,516.83,42.0,1510.0,1452.0,1452.0,1510.0,1510.0,0.0015,EXP_BULK_ENV_LOW_LATENCY_SESS_0027.pcap
NAT_ENH_EXP_BULK_ENV_LOW_LATENCY_SESS_W0000,DS1_NATIVE_IPSEC_ENHANCED,1,EXP_BULK_ENV_LOW,GRP_EXP_BULK_ENV_LOW_LATENCY_SESS,LATENCY_SESS,0,BULK,ENV_LOW,2.321738,224.4009,282971.2046,0.004465,0.041991,1261.01,500.69,42.0,1510.0,1452.0,1452.0,1510.0,1510.0,0.0014,EXP_BULK_ENV_LOW_LATENCY_SESS_0028.pcap
NAT_ENH_EXP_BULK_ENV_LOW_LATENCY_SESS_W0000,DS1_NATIVE_IPSEC_ENHANCED,1,EXP_BULK_ENV_LOW,GRP_EXP_BULK_ENV_LOW_LATENCY_SESS,LATENCY_SESS,0,BULK,ENV_LOW,2.914826,106.3528,127786.3621,0.009433,0.069222,1201.53,548.88,42.0,1510.0,1452.0,1452.0,1510.0,1510.0,0.0025,EXP_BULK_ENV_LOW_LATENCY_SESS_0029.pcap
NAT_ENH_EXP_BULK_ENV_LOW_LATENCY_SESS_W0000,DS1_NATIVE_IPSEC_ENHANCED,1,EXP_BULK_ENV_LOW,GRP_EXP_BULK_ENV_LOW_LATENCY_SESS,LATENCY_SESS,0,BULK,ENV_LOW,2.555524,206.6112,255297.5326,0.004849,0.05526,1235.64,522.22,42.0,1510.0,1452.0,1452.0,1510.0,1510.0,0.0014,EXP_BULK_ENV_LOW_LATENCY_SESS_0030.pcap
NAT_ENH_EXP_BULK_ENV_LOW_LATENCY_SESS_W0000,DS1_NATIVE_IPSEC_ENHANCED,1,EXP_BULK_ENV_LOW,GRP_EXP_BULK_ENV_LOW_LATENCY_SESS,LATENCY_SESS,0,BULK,ENV_LOW,2.387814,166.2609,210045.2508,0.00603,0.052616,1263.35,498.08,42.0,1510.0,1452.0,1452.0,1510.0,1510.0,0.0017,EXP_BULK_ENV_LOW_LATENCY_SESS_0031.pcap
NAT_ENH_EXP_BULK_ENV_LOW_LATENCY_SESS_W0000,DS1_NATIVE_IPSEC_ENHANCED,1,EXP_BULK_ENV_LOW,GRP_EXP_BULK_ENV_LOW_LATENCY_SESS,LATENCY_SESS,0,BULK,ENV_LOW,2.329363,205.2063,254598.7777,0.004883,0.050085,1240.7,517.78,42.0,1510.0,1452.0,1452.0,1510.0,1510.0,0.0014,EXP_BULK_ENV_LOW_LATENCY_SESS_0032.pcap
NAT_ENH_EXP_BULK_ENV_LOW_LATENCY_SESS_W0000,DS1_NATIVE_IPSEC_ENHANCED,1,EXP_BULK_ENV_LOW,GRP_EXP_BULK_ENV_LOW_LATENCY_SESS,LATENCY_SESS,0,BULK,ENV_LOW,2.796582,116.9285,142233.2699,0.008578,0.068551,1216.41,538.0,42.0,1510.0,1452.0,1452.0,1510.0,1510.0,0.0021,EXP_BULK_ENV_LOW_LATENCY_SESS_0033.pcap
NAT_ENH_EXP_BULK_ENV_LOW_LATENCY_SESS_W0000,DS1_NATIVE_IPSEC_ENHANCED,1,EXP_BULK_ENV_LOW,GRP_EXP_BULK_ENV_LOW_LATENCY_SESS,LATENCY_SESS,0,BULK,ENV_LOW,2.708898,141.3859,174475.0036,0.007091,0.05747,1234.03,524.16,42.0,1510.0,1452.0,1452.0,1510.0,1510.0,0.002,EXP_BULK_ENV_LOW_LATENCY_SESS_0034.pcap
NAT_ENH_EXP_BULK_ENV_LOW_LATENCY_SESS_W0000,DS1_NATIVE_IPSEC_ENHANCED,1,EXP_BULK_ENV_LOW,GRP_EXP_BULK_ENV_LOW_LATENCY_SESS,LATENCY_SESS,0,BULK,ENV_LOW,2.166381,189.2557,234867.7226,0.005297,0.051187,1241.01,519.0,42.0,1510.0,1452.0,1452.0,1510.0,1510.0,0.0018,EXP_BULK_ENV_LOW_LATENCY_SESS_0035.pcap
NAT_ENH_EXP_BULK_ENV_LOW_LATENCY_SESS_W0000,DS1_NATIVE_IPSEC_ENHANCED,1,EXP_BULK_ENV_LOW,GRP_EXP_BULK_ENV_LOW_LATENCY_SESS,LATENCY_SESS,0,BULK,ENV_LOW,2.450026,137.1414,158443.6224,0.007314,0.061404,1155.33,578.91,42.0,1510.0,1452.0,1452.0,1510.0,1510.0,0.0024,EXP_BULK_ENV_LOW_LATENCY_SESS_0036.pcap
NAT_ENH_EXP_BULK_ENV_LOW_LATENCY_SESS_W0000,DS1_NATIVE_IPSEC_ENHANCED,1,EXP_BULK_ENV_LOW,GRP_EXP_BULK_ENV_LOW_LATENCY_SESS,LATENCY_SESS,0,BULK,ENV_LOW,2.287806,149.9253,179466.7004,0.006689,0.055152,1197.04,552.03,42.0,1510.0,1452.0,1452.0,1510.0,1510.0,0.0023,EXP_BULK_ENV_LOW_LATENCY_SESS_0037.pcap
NAT_ENH_EXP_BULK_ENV_LOW_LATENCY_SESS_W0000,DS1_NATIVE_IPSEC_ENHANCED,1,EXP_BULK_ENV_LOW,GRP_EXP_BULK_ENV_LOW_LATENCY_SESS,LATENCY_SESS,0,BULK,ENV_LOW,2.395169,224.2013,279727.6495,0.004469,0.043931,1247.66,512.45,42.0,1510.0,1452.0,1452.0,1510.0,1510.0,0.0014,EXP_BULK_ENV_LOW_LATENCY_SESS_0038.pcap
NAT_ENH_EXP_BULK_ENV_LOW_LATENCY_SESS_W0000,DS1_NATIVE_IPSEC_ENHANCED,1,EXP_BULK_ENV_LOW,GRP_EXP_BULK_ENV_LOW_LATENCY_SESS,LATENCY_SESS,0,BULK,ENV_LOW,2.270338,122.8892,146854.3413,0.008167,0.050602,1195.01,553.73,42.0,1510.0,1452.0,1452.0,1510.0,1510.0,0.0028,EXP_BULK_ENV_LOW_LATENCY_SESS_0039.pcap
NAT_ENH_EXP_BULK_ENV_LOW_LATENCY_SESS_W0000,DS1_NATIVE_IPSEC_ENHANCED,1,EXP_BULK_ENV_LOW,GRP_EXP_BULK_ENV_LOW_LATENCY_SESS,LATENCY_SESS,0,BULK,ENV_LOW,2.609537,161.7145,197529.6853,0.006198,0.054366,1221.47,533.58,42.0,1510.0,1452.0,1452.0,1510.0,1510.0,0.0018,EXP_BULK_ENV_LOW_LATENCY_SESS_0040.pcap
NAT_ENH_EXP_ICMP_ENV_CLEAN_SESS_0181_W0000,DS1_NATIVE_IPSEC_ENHANCED,1,EXP_ICMP_ENV_CLEAN,GRP_EXP_ICMP_ENV_CLEAN_SESS_0181,SESS_0181,0,ICMP,ENV_CLEAN,2.91603,14.0602,11669.9762,0.072901,0.142671,830.0,456.54,42.0,1126.0,90.0,1066.0,1126.0,1126.0,0.0256,EXP_ICMP_ENV_CLEAN_SESS_0181.pcap
NAT_ENH_EXP_ICMP_ENV_CLEAN_SESS_0181_W0001,DS1_NATIVE_IPSEC_ENHANCED,1,EXP_ICMP_ENV_CLEAN,GRP_EXP_ICMP_ENV_CLEAN_SESS_0181,SESS_0181,1,ICMP,ENV_CLEAN,2.684067,19.3736,17591.2151,0.052629,0.080634,908.0,406.66,42.0,1126.0,1066.0,1126.0,1126.0,1126.0,0.0164,EXP_ICMP_ENV_CLEAN_SESS_0181.pcap
NAT_ENH_EXP_ICMP_ENV_CLEAN_SESS_0181_W0002,DS1_NATIVE_IPSEC_ENHANCED,1,EXP_ICMP_ENV_CLEAN,GRP_EXP_ICMP_ENV_CLEAN_SESS_0181,SESS_0181,2,ICMP,ENV_CLEAN,2.884288,19.7622,19703.3024,0.051505,0.080508,997.02,318.94,42.0,1126.0,1066.0,1126.0,1126.0,1126.0,0.0075,EXP_ICMP_ENV_CLEAN_SESS_0181.pcap
NAT_ENH_EXP_ICMP_ENV_CLEAN_SESS_0181_W0003,DS1_NATIVE_IPSEC_ENHANCED,1,EXP_ICMP_ENV_CLEAN,GRP_EXP_ICMP_ENV_CLEAN_SESS_0181,SESS_0181,3,ICMP,ENV_CLEAN,2.806464,23.5171,24889.6836,0.043176,0.063619,1058.36,220.09,42.0,1126.0,1066.0,1126.0,1126.0,1126.0,0.0025,EXP_ICMP_ENV_CLEAN_SESS_0181.pcap
NAT_ENH_EXP_ICMP_ENV_CLEAN_SESS_0182_W0000,DS1_NATIVE_IPSEC_ENHANCED,1,EXP_ICMP_ENV_CLEAN,GRP_EXP_ICMP_ENV_CLEAN_SESS_0182,SESS_0182,0,ICMP,ENV_CLEAN,2.956207,12.1778,9295.6953,0.084463,0.141719,763.33,485.26,42.0,1126.0,90.0,1066.0,1126.0,1126.0,0.0353,EXP_ICMP_ENV_CLEAN_SESS_0182.pcap
NAT_ENH_EXP_ICMP_ENV_CLEAN_SESS_0182_W0001,DS1_NATIVE_IPSEC_ENHANCED,1,EXP_ICMP_ENV_CLEAN,GRP_EXP_ICMP_ENV_CLEAN_SESS_0182,SESS_0182,1,ICMP,ENV_CLEAN,2.280322,17.9799,16261.7379,0.057008,0.084972,904.44,410.25,42.0,1126.0,1066.0,1126.0,1126.0,1126.0,0.016,EXP_ICMP_ENV_CLEAN_SESS_0182.pcap
NAT_ENH_EXP_ICMP_ENV_CLEAN_SESS_0182_W0002,DS1_NATIVE_IPSEC_ENHANCED,1,EXP_ICMP_ENV_CLEAN,GRP_EXP_ICMP_ENV_CLEAN_SESS_0182,SESS_0182,2,ICMP,ENV_CLEAN,2.77637,18.0091,16941.5457,0.056661,0.08372,940.72,379.67,42.0,1126.0,1066.0,1126.0,1126.0,1126.0,0.0126,EXP_ICMP_ENV_CLEAN_SESS_0182.pcap
NAT_ENH_EXP_ICMP_ENV_CLEAN_SESS_0182_W0003,DS1_NATIVE_IPSEC_ENHANCED,1,EXP_ICMP_ENV_CLEAN,GRP_EXP_ICMP_ENV_CLEAN_SESS_0182,SESS_0182,3,ICMP,ENV_CLEAN,2.732254,20.1299,20741.1168,0.050597,0.073581,1030.36,271.52,42.0,1126.0,1066.0,1126.0,1126.0,1126.0,0.0047,EXP_ICMP_ENV_CLEAN_SESS_0182.pcap
NAT_ENH_EXP_ICMP_ENV_CLEAN_SESS_0182_W0004,DS1_NATIVE_IPSEC_ENHANCED,1,EXP_ICMP_ENV_CLEAN,GRP_EXP_ICMP_ENV_CLEAN_SESS_0182,SESS_0182,4,ICMP,ENV_CLEAN,2.904576,18.9356,20593.0241,0.053788,0.076554,1087.53,138.61,90.0,1126.0,1066.0,1126.0,1126.0,1126.0,0.0015,EXP_ICMP_ENV_CLEAN_SESS_0182.pcap
NAT_ENH_EXP_ICMP_ENV_CLEAN_SESS_0182_W0005,DS1_NATIVE_IPSEC_ENHANCED,1,EXP_ICMP_ENV_CLEAN,GRP_EXP_ICMP_ENV_CLEAN_SESS_0182,SESS_0182,5,ICMP,ENV_CLEAN,2.808413,19.584,21291.0278,0.052008,0.075148,1087.16,141.23,70.0,1126.0,1066.0,1126.0,1126.0,1126.0,0.0012,EXP_ICMP_ENV_CLEAN_SESS_0182.pcap
NAT_ENH_EXP_ICMP_ENV_CLEAN_SESS_0182_W0006,DS1_NATIVE_IPSEC_ENHANCED,1,EXP_ICMP_ENV_CLEAN,GRP_EXP_ICMP_ENV_CLEAN_SESS_0182,SESS_0182,6,ICMP,ENV_CLEAN,2.804381,19.9688,21346.601,0.050989,0.073011,1069.0,194.25,70.0,1126.0,1066.0,1126.0,1126.0,1126.0,0.0023,EXP_ICMP_ENV_CLEAN_SESS_0182.pcap
NAT_ENH_EXP_ICMP_ENV_CLEAN_SESS_0182_W0007,DS1_NATIVE_IPSEC_ENHANCED,1,EXP_ICMP_ENV_CLEAN,GRP_EXP_ICMP_ENV_CLEAN_SESS_0182,SESS_0182,7,ICMP,ENV_CLEAN,2.815806,19.8877,21259.9862,0.051196,0.073349,1069.0,194.25,70.0,1126.0,1066.0,1126.0,1126.0,1126.0,0.0023,EXP_ICMP_ENV_CLEAN_SESS_0182.pcap
NAT_ENH_EXP_ICMP_ENV_CLEAN_SESS_0182_W0008,DS1_NATIVE_IPSEC_ENHANCED,1,EXP_ICMP_ENV_CLEAN,GRP_EXP_ICMP_ENV_CLEAN_SESS_0182,SESS_0182,8,ICMP,ENV_CLEAN,2.812187,20.6245,21317.2153,0.049337,0.071032,1033.59,267.49,42.0,1126.0,1066.0,1126.0,1126.0,1126.0,0.0038,EXP_ICMP_ENV_CLEAN_SESS_0182.pcap
NAT_ENH_EXP_ICMP_ENV_CLEAN_SESS_0182_W0009,DS1_NATIVE_IPSEC_ENHANCED,1,EXP_ICMP_ENV_CLEAN,GRP_EXP_ICMP_ENV_CLEAN_SESS_0182,SESS_0182,9,ICMP,ENV_CLEAN,2.812029,20.6257,21318.4136,0.049334,0.071021,1033.59,267.49,42.0,1126.0,1066.0,1126.0,1126.0,1126.0,0.0038,EXP_ICMP_ENV_CLEAN_SESS_0182.pcap
NAT_ENH_EXP_ICMP_ENV_CLEAN_SESS_0182_W0010,DS1_NATIVE_IPSEC_ENHANCED,1,EXP_ICMP_ENV_CLEAN,GRP_EXP_ICMP_ENV_CLEAN_SESS_0182,SESS_0182,10,ICMP,ENV_CLEAN,2.808037,20.655,21348.7212,0.049264,0.07091,1033.59,267.49,42.0,1126.0,1066.0,1126.0,1126.0,1126.0,0.0038,EXP_ICMP_ENV_CLEAN_SESS_0182.pcap
NAT_ENH_EXP_ICMP_ENV_CLEAN_SESS_0182_W0011,DS1_NATIVE_IPSEC_ENHANCED,1,EXP_ICMP_ENV_CLEAN,GRP_EXP_ICMP_ENV_CLEAN_SESS_0182,SESS_0182,11,ICMP,ENV_CLEAN,2.816205,20.24,21261.9463,0.050289,0.073004,1050.49,237.13,42.0,1126.0,1066.0,1126.0,1126.0,1126.0,0.0026,EXP_ICMP_ENV_CLEAN_SESS_0182.pcap
NAT_ENH_EXP_ICMP_ENV_CLEAN_SESS_0182_W0012,DS1_NATIVE_IPSEC_ENHANCED,1,EXP_ICMP_ENV_CLEAN,GRP_EXP_ICMP_ENV_CLEAN_SESS_0182,SESS_0182,12,ICMP,ENV_CLEAN,2.816324,19.8841,21236.193,0.051206,0.074995,1068.0,199.4,42.0,1126.0,1066.0,1126.0,1126.0,1126.0,0.0014,EXP_ICMP_ENV_CLEAN_SESS_0182.pcap
NAT_ENH_EXP_ICMP_ENV_CLEAN_SESS_0182_W0013,DS1_NATIVE_IPSEC_ENHANCED,1,EXP_ICMP_ENV_CLEAN,GRP_EXP_ICMP_ENV_CLEAN_SESS_0182,SESS_0182,13,ICMP,ENV_CLEAN,2.800285,19.998,21357.8253,0.050914,0.074534,1068.0,199.4,42.0,1126.0,1066.0,1126.0,1126.0,1126.0,0.0014,EXP_ICMP_ENV_CLEAN_SESS_0182.pcap
NAT_ENH_EXP_ICMP_ENV_CLEAN_SESS_0183_W0000,DS1_NATIVE_IPSEC_ENHANCED,1,EXP_ICMP_ENV_CLEAN,GRP_EXP_ICMP_ENV_CLEAN_SESS_0183,SESS_0183,0,ICMP,ENV_CLEAN,2.855859,11.205,8430.3881,0.092124,0.133727,752.38,489.26,42.0,1126.0,90.0,1066.0,1126.0,1126.0,0.0366,EXP_ICMP_ENV_CLEAN_SESS_0183.pcap
NAT_ENH_EXP_ICMP_ENV_CLEAN_SESS_0183_W0001,DS1_NATIVE_IPSEC_ENHANCED,1,EXP_ICMP_ENV_CLEAN,GRP_EXP_ICMP_ENV_CLEAN_SESS_0183,SESS_0183,1,ICMP,ENV_CLEAN,2.652413,14.3266,12729.5415,0.071687,0.102824,888.53,421.98,42.0,1126.0,1066.0,1126.0,1126.0,1126.0,0.0176,EXP_ICMP_ENV_CLEAN_SESS_0183.pcap
NAT_ENH_EXP_ICMP_ENV_CLEAN_SESS_0183_W0002,DS1_NATIVE_IPSEC_ENHANCED,1,EXP_ICMP_ENV_CLEAN,GRP_EXP_ICMP_ENV_CLEAN_SESS_0183,SESS_0183,2,ICMP,ENV_CLEAN,2.708145,15.5088,14858.8799,0.066052,0.093912,958.1,363.33,42.0,1126.0,1066.0,1126.0,1126.0,1126.0,0.0106,EXP_ICMP_ENV_CLEAN_SESS_0183.pcap
NAT_ENH_EXP_ICMP_ENV_CLEAN_SESS_0183_W0003,DS1_NATIVE_IPSEC_ENHANCED,1,EXP_ICMP_ENV_CLEAN,GRP_EXP_ICMP_ENV_CLEAN_SESS_0183,SESS_0183,3,ICMP,ENV_CLEAN,2.936865,16.344,17005.8884,0.062486,0.09311,1040.5,255.22,42.0,1126.0,1066.0,1126.0,1126.0,1126.0,0.0035,EXP_ICMP_ENV_CLEAN_SESS_0183.pcap
NAT_ENH_EXP_ICMP_ENV_CLEAN_SESS_0183_W0004,DS1_NATIVE_IPSEC_ENHANCED,1,EXP_ICMP_ENV_CLEAN,GRP_EXP_ICMP_ENV_CLEAN_SESS_0183,SESS_0183,4,ICMP,ENV_CLEAN,2.863967,16.0616,17402.4341,0.063644,0.092208,1083.48,153.65,70.0,1126.0,1066.0,1126.0,1126.0,1126.0,0.0014,EXP_ICMP_ENV_CLEAN_SESS_0183.pcap
NAT_ENH_EXP_ICMP_ENV_CLEAN_SESS_0183_W0005,DS1_NATIVE_IPSEC_ENHANCED,1,EXP_ICMP_ENV_CLEAN,GRP_EXP_ICMP_ENV_CLEAN_SESS_0183,SESS_0183,5,ICMP,ENV_CLEAN,2.656497,16.1867,17512.5362,0.06325,0.091781,1081.91,158.62,70.0,1126.0,1066.0,1126.0,1126.0,1126.0,0.0015,EXP_ICMP_ENV_CLEAN_SESS_0183.pcap
NAT_ENH_EXP_ICMP_ENV_CLEAN_SESS_0183_W0006,DS1_NATIVE_IPSEC_ENHANCED,1,EXP_ICMP_ENV_CLEAN,GRP_EXP_ICMP_ENV_CLEAN_SESS_0183,SESS_0183,6,ICMP,ENV_CLEAN,2.860591,16.4302,17447.444,0.062187,0.089884,1061.91,210.94,70.0,1126.0,1066.0,1126.0,1126.0,1126.0,0.0028,EXP_ICMP_ENV_CLEAN_SESS_0183.pcap
NAT_ENH_EXP_ICMP_ENV_CLEAN_SESS_0183_W0007,DS1_NATIVE_IPSEC_ENHANCED,1,EXP_ICMP_ENV_CLEAN,GRP_EXP_ICMP_ENV_CLEAN_SESS_0183,SESS_0183,7,ICMP,ENV_CLEAN,2.652544,16.5878,17565.0242,0.061687,0.089261,1058.91,217.56,70.0,1126.0,1066.0,1126.0,1126.0,1126.0,0.003,EXP_ICMP_ENV_CLEAN_SESS_0183.pcap
NAT_ENH_EXP_ICMP_ENV_CLEAN_SESS_0184_W0000,DS1_NATIVE_IPSEC_ENHANCED,1,EXP_ICMP_ENV_CLEAN,GRP_EXP_ICMP_ENV_CLEAN_SESS_0184,SESS_0184,0,ICMP,ENV_CLEAN,2.912806,11.3293,8295.094,0.091025,0.178382,732.18,495.14,42.0,1126.0,90.0,1066.0,1126.0,1126.0,0.0403,EXP_ICMP_ENV_CLEAN_SESS_0184.pcap
NAT_ENH_EXP_ICMP_ENV_CLEAN_SESS_0184_W0001,DS1_NATIVE_IPSEC_ENHANCED,1,EXP_ICMP_ENV_CLEAN,GRP_EXP_ICMP_ENV_CLEAN_SESS_0184,SESS_0184,1,ICMP,ENV_CLEAN,2.314131,15.1245,13156.5584,0.068063,0.112096,869.89,434.58,42.0,1126.0,1066.0,1126.0,1126.0,1126.0,0.0196,EXP_ICMP_ENV_CLEAN_SESS_0184.pcap
NAT_ENH_EXP_ICMP_ENV_CLEAN_SESS_0184_W0002,DS1_NATIVE_IPSEC_ENHANCED,1,EXP_ICMP_ENV_CLEAN,GRP_EXP_ICMP_ENV_CLEAN_SESS_0184,SESS_0184,2,ICMP,ENV_CLEAN,2.602064,14.6038,12975.8524,0.070326,0.114444,888.53,421.98,42.0,1126.0,1066.0,1126.0,1126.0,1126.0,0.0176,EXP_ICMP_ENV_CLEAN_SESS_0184.pcap
NAT_ENH_EXP_ICMP_ENV_CLEAN_SESS_0184_W0003,DS1_NATIVE_IPSEC_ENHANCED,1,EXP_ICMP_ENV_CLEAN,GRP_EXP_ICMP_ENV_CLEAN_SESS_0184,SESS_0184,3,ICMP,ENV_CLEAN,2.748383,11.6432,12138.0461,0.088658,0.130338,1042.5,247.45,90.0,1126.0,1066.0,1126.0,1126.0,1126.0,0.0054,EXP_ICMP_ENV_CLEAN_SESS_0184.pcap
NAT_ENH_EXP_ICMP_ENV_CLEAN_SESS_0184_W0004,DS1_NATIVE_IPSEC_ENHANCED,1,EXP_ICMP_ENV_CLEAN,GRP_EXP_ICMP_ENV_CLEAN_SESS_0184,SESS_0184,4,ICMP,ENV_CLEAN,2.943838,11.5495,12421.8797,0.089207,0.131442,1075.53,177.24,70.0,1126.0,1066.0,1126.0,1126.0,1126.0,0.0019,EXP_ICMP_ENV_CLEAN_SESS_0184.pcap
NAT_ENH_EXP_ICMP_ENV_CLEAN_SESS_0184_W0005,DS1_NATIVE_IPSEC_ENHANCED,1,EXP_ICMP_ENV_CLEAN,GRP_EXP_ICMP_ENV_CLEAN_SESS_0184,SESS_0184,5,ICMP,ENV_CLEAN,2.62384,12.1959,12698.9446,0.08464,0.126571,1041.25,252.27,70.0,1126.0,1066.0,1126.0,1126.0,1126.0,0.0042,EXP_ICMP_ENV_CLEAN_SESS_0184.pcap
NAT_ENH_EXP_ICMP_ENV_CLEAN_SESS_0184_W0006,DS1_NATIVE_IPSEC_ENHANCED,1,EXP_ICMP_ENV_CLEAN,GRP_EXP_ICMP_ENV_CLEAN_SESS_0184,SESS_0184,6,ICMP,ENV_CLEAN,2.591321,12.3489,12858.3067,0.083591,0.124997,1041.25,252.27,70.0,1126.0,1066.0,1126.0,1126.0,1126.0,0.0042,EXP_ICMP_ENV_CLEAN_SESS_0184.pcap
NAT_ENH_EXP_ICMP_ENV_CLEAN_SESS_0184_W0007,DS1_NATIVE_IPSEC_ENHANCED,1,EXP_ICMP_ENV_CLEAN,GRP_EXP_ICMP_ENV_CLEAN_SESS_0184,SESS_0184,7,ICMP,ENV_CLEAN,2.591854,13.118,12888.0723,0.078541,0.11816,982.47,339.37,42.0,1126.0,1066.0,1126.0,1126.0,1126.0,0.0068,EXP_ICMP_ENV_CLEAN_SESS_0184.pcap
NAT_ENH_EXP_ICMP_ENV_CLEAN_SESS_0184_W0008,DS1_NATIVE_IPSEC_ENHANCED,1,EXP_ICMP_ENV_CLEAN,GRP_EXP_ICMP_ENV_CLEAN_SESS_0184,SESS_0184,8,ICMP,ENV_CLEAN,2.880203,12.8463,12749.7957,0.080006,0.119831,992.49,327.17,42.0,1126.0,1066.0,1126.0,1126.0,1126.0,0.0061,EXP_ICMP_ENV_CLEAN_SESS_0184.pcap
NAT_ENH_EXP_ICMP_ENV_CLEAN_SESS_0184_W0009,DS1_NATIVE_IPSEC_ENHANCED,1,EXP_ICMP_ENV_CLEAN,GRP_EXP_ICMP_ENV_CLEAN_SESS_0184,SESS_0184,9,ICMP,ENV_CLEAN,2.592781,13.1133,12883.4634,0.078569,0.118204,982.47,339.37,42.0,1126.0,1066.0,1126.0,1126.0,1126.0,0.0068,EXP_ICMP_ENV_CLEAN_SESS_0184.pcap
NAT_ENH_EXP_ICMP_ENV_CLEAN_SESS_0184_W0010,DS1_NATIVE_IPSEC_ENHANCED,1,EXP_ICMP_ENV_CLEAN,GRP_EXP_ICMP_ENV_CLEAN_SESS_0184,SESS_0184,10,ICMP,ENV_CLEAN,2.592221,12.7304,12859.243,0.081007,0.122897,1010.12,304.42,42.0,1126.0,1066.0,1126.0,1126.0,1126.0,0.0046,EXP_ICMP_ENV_CLEAN_SESS_0184.pcap
NAT_ENH_EXP_ICMP_ENV_CLEAN_SESS_0184_W0011,DS1_NATIVE_IPSEC_ENHANCED,1,EXP_ICMP_ENV_CLEAN,GRP_EXP_ICMP_ENV_CLEAN_SESS_0184,SESS_0184,11,ICMP,ENV_CLEAN,2.878748,12.1581,12707.6079,0.084669,0.126887,1045.2,248.49,42.0,1126.0,1066.0,1126.0,1126.0,1126.0,0.0023,EXP_ICMP_ENV_CLEAN_SESS_0184.pcap
NAT_ENH_EXP_ICMP_ENV_CLEAN_SESS_0184_W0012,DS1_NATIVE_IPSEC_ENHANCED,1,EXP_ICMP_ENV_CLEAN,GRP_EXP_ICMP_ENV_CLEAN_SESS_0184,SESS_0184,12,ICMP,ENV_CLEAN,2.881611,12.146,12694.9816,0.084753,0.127016,1045.2,248.49,42.0,1126.0,1066.0,1126.0,1126.0,1126.0,0.0023,EXP_ICMP_ENV_CLEAN_SESS_0184.pcap
NAT_ENH_EXP_ICMP_ENV_CLEAN_SESS_0184_W0013,DS1_NATIVE_IPSEC_ENHANCED,1,EXP_ICMP_ENV_CLEAN,GRP_EXP_ICMP_ENV_CLEAN_SESS_0184,SESS_0184,13,ICMP,ENV_CLEAN,2.59238,11.5724,12799.0493,0.089392,0.133193,1106.0,28.28,1066.0,1126.0,1066.0,1126.0,1126.0,1126.0,0.5137,EXP_ICMP_ENV_CLEAN_SESS_0184.pcap
NAT_ENH_EXP_ICMP_ENV_CLEAN_SESS_0185_W0000,DS1_NATIVE_IPSEC_ENHANCED,1,EXP_ICMP_ENV_CLEAN,GRP_EXP_ICMP_ENV_CLEAN_SESS_0185,SESS_0185,0,ICMP,ENV_CLEAN,2.947782,24.4251,22829.3695,0.041518,0.084608,934.67,384.05,42.0,1126.0,1066.0,1126.0,1126.0,1126.0,0.0141,EXP_ICMP_ENV_CLEAN_SESS_0185.pcap
NAT_ENH_EXP_ICMP_ENV_CLEAN_SESS_0185_W0001,DS1_NATIVE_IPSEC_ENHANCED,1,EXP_ICMP_ENV_CLEAN,GRP_EXP_ICMP_ENV_CLEAN_SESS_0185,SESS_0185,1,ICMP,ENV_CLEAN,2.892156,30.0814,30061.3119,0.03363,0.073,999.33,315.22,42.0,1126.0,1066.0,1126.0,1126.0,1126.0,0.0078,EXP_ICMP_ENV_CLEAN_SESS_0185.pcap
NAT_ENH_EXP_ICMP_ENV_CLEAN_SESS_0185_W0002,DS1_NATIVE_IPSEC_ENHANCED,1,EXP_ICMP_ENV_CLEAN,GRP_EXP_ICMP_ENV_CLEAN_SESS_0185,SESS_0185,2,ICMP,ENV_CLEAN,2.757691,36.6248,37510.3677,0.027577,0.041043,1024.18,280.35,42.0,1126.0,1066.0,1126.0,1126.0,1126.0,0.0057,EXP_ICMP_ENV_CLEAN_SESS_0185.pcap
NAT_ENH_EXP_ICMP_ENV_CLEAN_SESS_0185_W0003,DS1_NATIVE_IPSEC_ENHANCED,1,EXP_ICMP_ENV_CLEAN,GRP_EXP_ICMP_ENV_CLEAN_SESS_0185,SESS_0185,3,ICMP,ENV_CLEAN,2.85192,34.3628,37292.7726,0.029401,0.042381,1085.27,146.36,90.0,1126.0,1066.0,1126.0,1126.0,1126.0,0.0017,EXP_ICMP_ENV_CLEAN_SESS_0185.pcap
NAT_ENH_EXP_ICMP_ENV_CLEAN_SESS_0185_W0004,DS1_NATIVE_IPSEC_ENHANCED,1,EXP_ICMP_ENV_CLEAN,GRP_EXP_ICMP_ENV_CLEAN_SESS_0185,SESS_0185,4,ICMP,ENV_CLEAN,2.943773,33.97,37225.699,0.029735,0.042593,1095.84,104.93,90.0,1126.0,1066.0,1126.0,1126.0,1126.0,0.0008,EXP_ICMP_ENV_CLEAN_SESS_0185.pcap
NAT_ENH_EXP_ICMP_ENV_CLEAN_SESS_0185_W0005,DS1_NATIVE_IPSEC_ENHANCED,1,EXP_ICMP_ENV_CLEAN,GRP_EXP_ICMP_ENV_CLEAN_SESS_0185,SESS_0185,5,ICMP,ENV_CLEAN,2.856469,33.958,37194.8735,0.029755,0.043023,1095.32,108.36,70.0,1126.0,1066.0,1126.0,1126.0,1126.0,0.0007,EXP_ICMP_ENV_CLEAN_SESS_0185.pcap
NAT_ENH_EXP_ICMP_ENV_CLEAN_SESS_0185_W0006,DS1_NATIVE_IPSEC_ENHANCED,1,EXP_ICMP_ENV_CLEAN,GRP_EXP_ICMP_ENV_CLEAN_SESS_0185,SESS_0185,6,ICMP,ENV_CLEAN,2.956081,34.1669,37087.6181,0.029561,0.042487,1085.49,147.03,70.0,1126.0,1066.0,1126.0,1126.0,1126.0,0.0013,EXP_ICMP_ENV_CLEAN_SESS_0185.pcap
NAT_ENH_EXP_ICMP_ENV_CLEAN_SESS_0185_W0007,DS1_NATIVE_IPSEC_ENHANCED,1,EXP_ICMP_ENV_CLEAN,GRP_EXP_ICMP_ENV_CLEAN_SESS_0185,SESS_0185,7,ICMP,ENV_CLEAN,2.869444,34.85,37080.3556,0.028984,0.042221,1064.0,207.63,42.0,1126.0,1066.0,1126.0,1126.0,1126.0,0.0021,EXP_ICMP_ENV_CLEAN_SESS_0185.pcap
NAT_ENH_EXP_ICMP_ENV_CLEAN_SESS_0185_W0008,DS1_NATIVE_IPSEC_ENHANCED,1,EXP_ICMP_ENV_CLEAN,GRP_EXP_ICMP_ENV_CLEAN_SESS_0185,SESS_0185,8,ICMP,ENV_CLEAN,2.871977,34.8192,37047.6524,0.02901,0.042256,1064.0,207.63,42.0,1126.0,1066.0,1126.0,1126.0,1126.0,0.0021,EXP_ICMP_ENV_CLEAN_SESS_0185.pcap
NAT_ENH_EXP_ICMP_ENV_CLEAN_SESS_0186_W0000,DS1_NATIVE_IPSEC_ENHANCED,1,EXP_ICMP_ENV_CLEAN,GRP_EXP_ICMP_ENV_CLEAN_SESS_0186,SESS_0186,0,ICMP,ENV_CLEAN,2.908083,18.2251,16265.6983,0.055925,0.11117,892.49,418.04,42.0,1126.0,1066.0,1126.0,1126.0,1126.0,0.0183,EXP_ICMP_ENV_CLEAN_SESS_0186.pcap
NAT_ENH_EXP_ICMP_ENV_CLEAN_SESS_0186_W0001,DS1_NATIVE_IPSEC_ENHANCED,1,EXP_ICMP_ENV_CLEAN,GRP_EXP_ICMP_ENV_CLEAN_SESS_0186,SESS_0186,1,ICMP,ENV_CLEAN,2.884404,23.9218,23238.7701,0.042418,0.090554,971.45,348.48,42.0,1126.0,1066.0,1126.0,1126.0,1126.0,0.0101,EXP_ICMP_ENV_CLEAN_SESS_0186.pcap
NAT_ENH_EXP_ICMP_ENV_CLEAN_SESS_0186_W0002,DS1_NATIVE_IPSEC_ENHANCED,1,EXP_ICMP_ENV_CLEAN,GRP_EXP_ICMP_ENV_CLEAN_SESS_0186,SESS_0186,2,ICMP,ENV_CLEAN,2.392163,33.8606,34852.9756,0.029902,0.042497,1029.31,272.57,42.0,1126.0,1066.0,1126.0,1126.0,1126.0,0.0051,EXP_ICMP_ENV_CLEAN_SESS_0186.pcap
NAT_ENH_EXP_ICMP_ENV_CLEAN_SESS_0186_W0003,DS1_NATIVE_IPSEC_ENHANCED,1,EXP_ICMP_ENV_CLEAN,GRP_EXP_ICMP_ENV_CLEAN_SESS_0186,SESS_0186,3,ICMP,ENV_CLEAN,2.944214,33.6253,35079.6499,0.030043,0.042653,1043.25,248.61,42.0,1126.0,1066.0,1126.0,1126.0,1126.0,0.0041,EXP_ICMP_ENV_CLEAN_SESS_0186.pcap
NAT_ENH_EXP_ICMP_ENV_CLEAN_SESS_0186_W0004,DS1_NATIVE_IPSEC_ENHANCED,1,EXP_ICMP_ENV_CLEAN,GRP_EXP_ICMP_ENV_CLEAN_SESS_0186,SESS_0186,4,ICMP,ENV_CLEAN,2.876028,33.7271,36948.8745,0.029959,0.042805,1095.53,106.41,90.0,1126.0,1066.0,1126.0,1126.0,1126.0,0.0008,EXP_ICMP_ENV_CLEAN_SESS_0186.pcap
NAT_ENH_EXP_ICMP_ENV_CLEAN_SESS_0186_W0005,DS1_NATIVE_IPSEC_ENHANCED,1,EXP_ICMP_ENV_CLEAN,GRP_EXP_ICMP_ENV_CLEAN_SESS_0186,SESS_0186,5,ICMP,ENV_CLEAN,2.875982,34.0753,36966.8511,0.029649,0.04273,1084.86,149.13,70.0,1126.0,1066.0,1126.0,1126.0,1126.0,0.0013,EXP_ICMP_ENV_CLEAN_SESS_0186.pcap
NAT_ENH_EXP_ICMP_ENV_CLEAN_SESS_0186_W0006,DS1_NATIVE_IPSEC_ENHANCED,1,EXP_ICMP_ENV_CLEAN,GRP_EXP_ICMP_ENV_CLEAN_SESS_0186,SESS_0186,6,ICMP,ENV_CLEAN,2.96411,34.0743,36987.1576,0.029641,0.042685,1085.49,147.03,70.0,1126.0,1066.0,1126.0,1126.0,1126.0,0.0013,EXP_ICMP_ENV_CLEAN_SESS_0186.pcap
NAT_ENH_EXP_ICMP_ENV_CLEAN_SESS_0186_W0007,DS1_NATIVE_IPSEC_ENHANCED,1,EXP_ICMP_ENV_CLEAN,GRP_EXP_ICMP_ENV_CLEAN_SESS_0186,SESS_0186,7,ICMP,ENV_CLEAN,2.872238,34.1197,37015.0395,0.029611,0.04267,1084.86,149.13,70.0,1126.0,1066.0,1126.0,1126.0,1126.0,0.0013,EXP_ICMP_ENV_CLEAN_SESS_0186.pcap
NAT_ENH_EXP_ICMP_ENV_CLEAN_SESS_0186_W0008,DS1_NATIVE_IPSEC_ENHANCED,1,EXP_ICMP_ENV_CLEAN,GRP_EXP_ICMP_ENV_CLEAN_SESS_0186,SESS_0186,8,ICMP,ENV_CLEAN,2.964368,34.746,37012.2725,0.029062,0.042139,1065.22,204.77,42.0,1126.0,1066.0,1126.0,1126.0,1126.0,0.002,EXP_ICMP_ENV_CLEAN_SESS_0186.pcap
NAT_ENH_EXP_ICMP_ENV_CLEAN_SESS_0186_W0009,DS1_NATIVE_IPSEC_ENHANCED,1,EXP_ICMP_ENV_CLEAN,GRP_EXP_ICMP_ENV_CLEAN_SESS_0186,SESS_0186,9,ICMP,ENV_CLEAN,2.870729,34.8344,37063.7567,0.028997,0.042066,1064.0,207.63,42.0,1126.0,1066.0,1126.0,1126.0,1126.0,0.0021,EXP_ICMP_ENV_CLEAN_SESS_0186.pcap
NAT_ENH_EXP_ICMP_ENV_CLEAN_SESS_0187_W0000,DS1_NATIVE_IPSEC_ENHANCED,1,EXP_ICMP_ENV_CLEAN,GRP_EXP_ICMP_ENV_CLEAN_SESS_0187,SESS_0187,0,ICMP,ENV_CLEAN,2.936025,14.9862,12719.2382,0.06828,0.167005,848.73,446.37,42.0,1126.0,822.0,1096.0,1126.0,1126.0,0.0232,EXP_ICMP_ENV_CLEAN_SESS_0187.pcap
NAT_ENH_EXP_ICMP_ENV_CLEAN_SESS_0187_W0001,DS1_NATIVE_IPSEC_ENHANCED,1,EXP_ICMP_ENV_CLEAN,GRP_EXP_ICMP_ENV_CLEAN_SESS_0187,SESS_0187,1,ICMP,ENV_CLEAN,1.948183,25.6649,24143.5217,0.039759,0.060296,940.72,379.67,42.0,1126.0,1066.0,1126.0,1126.0,1126.0,0.0126,EXP_ICMP_ENV_CLEAN_SESS_0187.pcap
NAT_ENH_EXP_ICMP_ENV_CLEAN_SESS_0187_W0002,DS1_NATIVE_IPSEC_ENHANCED,1,EXP_ICMP_ENV_CLEAN,GRP_EXP_ICMP_ENV_CLEAN_SESS_0187,SESS_0187,2,ICMP,ENV_CLEAN,2.508835,24.7127,24038.2504,0.041128,0.061513,972.71,347.37,42.0,1126.0,1066.0,1126.0,1126.0,1126.0,0.0098,EXP_ICMP_ENV_CLEAN_SESS_0187.pcap
NAT_ENH_EXP_ICMP_ENV_CLEAN_SESS_0187_W0003,DS1_NATIVE_IPSEC_ENHANCED,1,EXP_ICMP_ENV_CLEAN,GRP_EXP_ICMP_ENV_CLEAN_SESS_0187,SESS_0187,3,ICMP,ENV_CLEAN,2.953023,23.7045,24808.4763,0.042797,0.062837,1046.57,243.03,42.0,1126.0,1066.0,1126.0,1126.0,1126.0,0.0036,EXP_ICMP_ENV_CLEAN_SESS_0187.pcap
NAT_ENH_EXP_ICMP_ENV_CLEAN_SESS_0187_W0004,DS1_NATIVE_IPSEC_ENHANCED,1,EXP_ICMP_ENV_CLEAN,GRP_EXP_ICMP_ENV_CLEAN_SESS_0187,SESS_0187,4,ICMP,ENV_CLEAN,2.808241,22.7901,24844.0225,0.044575,0.064308,1090.12,129.09,90.0,1126.0,1066.0,1126.0,1126.0,1126.0,0.0013,EXP_ICMP_ENV_CLEAN_SESS_0187.pcap
NAT_ENH_EXP_ICMP_ENV_CLEAN_SESS_0188_W0000,DS1_NATIVE_IPSEC_ENHANCED,1,EXP_ICMP_ENV_CLEAN,GRP_EXP_ICMP_ENV_CLEAN_SESS_0188,SESS_0188,0,ICMP,ENV_CLEAN,2.960054,19.9321,18220.614,0.051035,0.143013,914.14,401.68,42.0,1126.0,1066.0,1126.0,1126.0,1126.0,0.0159,EXP_ICMP_ENV_CLEAN_SESS_0188.pcap
NAT_ENH_EXP_ICMP_ENV_CLEAN_SESS_0188_W0001,DS1_NATIVE_IPSEC_ENHANCED,1,EXP_ICMP_ENV_CLEAN,GRP_EXP_ICMP_ENV_CLEAN_SESS_0188,SESS_0188,1,ICMP,ENV_CLEAN,1.93592,36.6751,36293.8551,0.027656,0.040655,989.61,327.78,42.0,1126.0,1066.0,1126.0,1126.0,1126.0,0.0084,EXP_ICMP_ENV_CLEAN_SESS_0188.pcap
NAT_ENH_EXP_ICMP_ENV_CLEAN_SESS_0188_W0002,DS1_NATIVE_IPSEC_ENHANCED,1,EXP_ICMP_ENV_CLEAN,GRP_EXP_ICMP_ENV_CLEAN_SESS_0188,SESS_0188,2,ICMP,ENV_CLEAN,2.492085,35.7131,36182.5543,0.028319,0.041301,1013.15,296.75,42.0,1126.0,1066.0,1126.0,1126.0,1126.0,0.0065,EXP_ICMP_ENV_CLEAN_SESS_0188.pcap
NAT_ENH_EXP_ICMP_ENV_CLEAN_SESS_0188_W0003,DS1_NATIVE_IPSEC_ENHANCED,1,EXP_ICMP_ENV_CLEAN,GRP_EXP_ICMP_ENV_CLEAN_SESS_0188,SESS_0188,3,ICMP,ENV_CLEAN,2.928085,34.8351,36406.0488,0.028991,0.042088,1045.1,245.2,42.0,1126.0,1066.0,1126.0,1126.0,1126.0,0.004,EXP_ICMP_ENV_CLEAN_SESS_0188.pcap
NAT_ENH_EXP_ICMP_ENV_CLEAN_SESS_0188_W0004,DS1_NATIVE_IPSEC_ENHANCED,1,EXP_ICMP_ENV_CLEAN,GRP_EXP_ICMP_ENV_CLEAN_SESS_0188,SESS_0188,4,ICMP,ENV_CLEAN,2.892784,33.5317,36734.8532,0.030133,0.043265,1095.53,106.41,90.0,1126.0,1066.0,1126.0,1126.0,1126.0,0.0008,EXP_ICMP_ENV_CLEAN_SESS_0188.pcap
NAT_ENH_EXP_ICMP_ENV_CLEAN_SESS_0188_W0005,DS1_NATIVE_IPSEC_ENHANCED,1,EXP_ICMP_ENV_CLEAN,GRP_EXP_ICMP_ENV_CLEAN_SESS_0188,SESS_0188,5,ICMP,ENV_CLEAN,2.888148,33.2393,36762.6611,0.030402,0.043619,1106.0,28.28,1066.0,1126.0,1066.0,1126.0,1126.0,1126.0,0.5137,EXP_ICMP_ENV_CLEAN_SESS_0188.pcap
NAT_ENH_EXP_ICMP_ENV_CLEAN_SESS_0188_W0006,DS1_NATIVE_IPSEC_ENHANCED,1,EXP_ICMP_ENV_CLEAN,GRP_EXP_ICMP_ENV_CLEAN_SESS_0188,SESS_0188,6,ICMP,ENV_CLEAN,2.883916,33.9816,36865.1527,0.029731,0.042592,1084.86,149.13,70.0,1126.0,1066.0,1126.0,1126.0,1126.0,0.0013,EXP_ICMP_ENV_CLEAN_SESS_0188.pcap
NAT_ENH_EXP_ICMP_ENV_CLEAN_SESS_0188_W0007,DS1_NATIVE_IPSEC_ENHANCED,1,EXP_ICMP_ENV_CLEAN,GRP_EXP_ICMP_ENV_CLEAN_SESS_0188,SESS_0188,7,ICMP,ENV_CLEAN,2.95998,34.1219,37038.7636,0.0296,0.042312,1085.49,147.03,70.0,1126.0,1066.0,1126.0,1126.0,1126.0,0.0013,EXP_ICMP_ENV_CLEAN_SESS_0188.pcap
NAT_ENH_EXP_ICMP_ENV_CLEAN_SESS_0188_W0008,DS1_NATIVE_IPSEC_ENHANCED,1,EXP_ICMP_ENV_CLEAN,GRP_EXP_ICMP_ENV_CLEAN_SESS_0188,SESS_0188,8,ICMP,ENV_CLEAN,2.863807,34.9186,37153.3422,0.028927,0.041833,1064.0,207.63,42.0,1126.0,1066.0,1126.0,1126.0,1126.0,0.0021,EXP_ICMP_ENV_CLEAN_SESS_0188.pcap
NAT_ENH_EXP_ICMP_ENV_CLEAN_SESS_0188_W0009,DS1_NATIVE_IPSEC_ENHANCED,1,EXP_ICMP_ENV_CLEAN,GRP_EXP_ICMP_ENV_CLEAN_SESS_0188,SESS_0188,9,ICMP,ENV_CLEAN,2.856076,35.0131,37253.9106,0.028849,0.041711,1064.0,207.63,42.0,1126.0,1066.0,1126.0,1126.0,1126.0,0.0021,EXP_ICMP_ENV_CLEAN_SESS_0188.pcap
NAT_ENH_EXP_ICMP_ENV_CLEAN_SESS_0189_W0000,DS1_NATIVE_IPSEC_ENHANCED,1,EXP_ICMP_ENV_CLEAN,GRP_EXP_ICMP_ENV_CLEAN_SESS_0189,SESS_0189,0,ICMP,ENV_CLEAN,2.958598,17.2379,14895.5693,0.059172,0.139027,864.12,436.84,42.0,1126.0,1066.0,1126.0,1126.0,1126.0,0.0217,EXP_ICMP_ENV_CLEAN_SESS_0189.pcap
NAT_ENH_EXP_ICMP_ENV_CLEAN_SESS_0189_W0001,DS1_NATIVE_IPSEC_ENHANCED,1,EXP_ICMP_ENV_CLEAN,GRP_EXP_ICMP_ENV_CLEAN_SESS_0189,SESS_0189,1,ICMP,ENV_CLEAN,2.868251,21.2673,19929.2176,0.047804,0.121053,937.08,382.42,42.0,1126.0,1066.0,1126.0,1126.0,1126.0,0.0134,EXP_ICMP_ENV_CLEAN_SESS_0189.pcap
NAT_ENH_EXP_ICMP_ENV_CLEAN_SESS_0189_W0002,DS1_NATIVE_IPSEC_ENHANCED,1,EXP_ICMP_ENV_CLEAN,GRP_EXP_ICMP_ENV_CLEAN_SESS_0189,SESS_0189,2,ICMP,ENV_CLEAN,2.431771,29.1968,28893.348,0.03474,0.05343,989.61,327.78,42.0,1126.0,1066.0,1126.0,1126.0,1126.0,0.0084,EXP_ICMP_ENV_CLEAN_SESS_0189.pcap
NAT_ENH_EXP_ICMP_ENV_CLEAN_SESS_0189_W0003,DS1_NATIVE_IPSEC_ENHANCED,1,EXP_ICMP_ENV_CLEAN,GRP_EXP_ICMP_ENV_CLEAN_SESS_0189,SESS_0189,3,ICMP,ENV_CLEAN,2.820454,27.6551,28411.0276,0.036629,0.054748,1027.33,273.87,70.0,1126.0,1066.0,1126.0,1126.0,1126.0,0.0063,EXP_ICMP_ENV_CLEAN_SESS_0189.pcap
NAT_ENH_EXP_ICMP_ENV_CLEAN_SESS_0189_W0004,DS1_NATIVE_IPSEC_ENHANCED,1,EXP_ICMP_ENV_CLEAN,GRP_EXP_ICMP_ENV_CLEAN_SESS_0189,SESS_0189,4,ICMP,ENV_CLEAN,2.796355,26.463,28541.4405,0.038306,0.05589,1078.54,167.1,90.0,1126.0,1066.0,1126.0,1126.0,1126.0,0.0023,EXP_ICMP_ENV_CLEAN_SESS_0189.pcap
NAT_ENH_EXP_ICMP_ENV_CLEAN_SESS_0189_W0005,DS1_NATIVE_IPSEC_ENHANCED,1,EXP_ICMP_ENV_CLEAN,GRP_EXP_ICMP_ENV_CLEAN_SESS_0189,SESS_0189,5,ICMP,ENV_CLEAN,2.908324,26.1319,28552.5271,0.038778,0.056349,1092.63,119.13,90.0,1126.0,1066.0,1126.0,1126.0,1126.0,0.0011,EXP_ICMP_ENV_CLEAN_SESS_0189.pcap
NAT_ENH_EXP_ICMP_ENV_CLEAN_SESS_0189_W0006,DS1_NATIVE_IPSEC_ENHANCED,1,EXP_ICMP_ENV_CLEAN,GRP_EXP_ICMP_ENV_CLEAN_SESS_0189,SESS_0189,6,ICMP,ENV_CLEAN,2.900122,26.5506,28650.5172,0.03816,0.055358,1079.09,167.13,70.0,1126.0,1066.0,1126.0,1126.0,1126.0,0.0017,EXP_ICMP_ENV_CLEAN_SESS_0189.pcap
NAT_ENH_EXP_ICMP_ENV_CLEAN_SESS_0189_W0007,DS1_NATIVE_IPSEC_ENHANCED,1,EXP_ICMP_ENV_CLEAN,GRP_EXP_ICMP_ENV_CLEAN_SESS_0189,SESS_0189,7,ICMP,ENV_CLEAN,2.899524,26.5561,28656.428,0.038152,0.055343,1079.09,167.13,70.0,1126.0,1066.0,1126.0,1126.0,1126.0,0.0017,EXP_ICMP_ENV_CLEAN_SESS_0189.pcap
NAT_ENH_EXP_ICMP_ENV_CLEAN_SESS_0189_W0008,DS1_NATIVE_IPSEC_ENHANCED,1,EXP_ICMP_ENV_CLEAN,GRP_EXP_ICMP_ENV_CLEAN_SESS_0189,SESS_0189,8,ICMP,ENV_CLEAN,2.892255,27.3143,28757.4937,0.03708,0.054003,1052.84,231.87,42.0,1126.0,1066.0,1126.0,1126.0,1126.0,0.0027,EXP_ICMP_ENV_CLEAN_SESS_0189.pcap
NAT_ENH_EXP_ICMP_ENV_CLEAN_SESS_0189_W0009,DS1_NATIVE_IPSEC_ENHANCED,1,EXP_ICMP_ENV_CLEAN,GRP_EXP_ICMP_ENV_CLEAN_SESS_0189,SESS_0189,9,ICMP,ENV_CLEAN,2.896096,27.2781,28719.3519,0.037129,0.054079,1052.84,231.87,42.0,1126.0,1066.0,1126.0,1126.0,1126.0,0.0027,EXP_ICMP_ENV_CLEAN_SESS_0189.pcap
NAT_ENH_EXP_ICMP_ENV_CLEAN_SESS_0189_W0010,DS1_NATIVE_IPSEC_ENHANCED,1,EXP_ICMP_ENV_CLEAN,GRP_EXP_ICMP_ENV_CLEAN_SESS_0189,SESS_0189,10,ICMP,ENV_CLEAN,2.895817,27.2807,28722.1184,0.037126,0.054075,1052.84,231.87,42.0,1126.0,1066.0,1126.0,1126.0,1126.0,0.0027,EXP_ICMP_ENV_CLEAN_SESS_0189.pcap
NAT_ENH_EXP_ICMP_ENV_CLEAN_SESS_0189_W0011,DS1_NATIVE_IPSEC_ENHANCED,1,EXP_ICMP_ENV_CLEAN,GRP_EXP_ICMP_ENV_CLEAN_SESS_0189,SESS_0189,11,ICMP,ENV_CLEAN,2.776029,27.3772,28766.2714,0.037014,0.053985,1050.74,236.09,42.0,1126.0,1066.0,1126.0,1126.0,1126.0,0.0028,EXP_ICMP_ENV_CLEAN_SESS_0189.pcap
NAT_ENH_EXP_ICMP_ENV_CLEAN_SESS_0189_W0012,DS1_NATIVE_IPSEC_ENHANCED,1,EXP_ICMP_ENV_CLEAN,GRP_EXP_ICMP_ENV_CLEAN_SESS_0189,SESS_0189,12,ICMP,ENV_CLEAN,2.776295,26.6542,28713.0876,0.038031,0.055156,1077.24,174.78,42.0,1126.0,1066.0,1126.0,1126.0,1126.0,0.0011,EXP_ICMP_ENV_CLEAN_SESS_0189.pcap
NAT_ENH_EXP_ICMP_ENV_CLEAN_SESS_0189_W0013,DS1_NATIVE_IPSEC_ENHANCED,1,EXP_ICMP_ENV_CLEAN,GRP_EXP_ICMP_ENV_CLEAN_SESS_0189,SESS_0189,13,ICMP,ENV_CLEAN,2.89992,26.5525,28633.2038,0.038157,0.055286,1078.36,171.52,42.0,1126.0,1066.0,1126.0,1126.0,1126.0,0.001,EXP_ICMP_ENV_CLEAN_SESS_0189.pcap
NAT_ENH_EXP_ICMP_ENV_CLEAN_SESS_0190_W0000,DS1_NATIVE_IPSEC_ENHANCED,1,EXP_ICMP_ENV_CLEAN,GRP_EXP_ICMP_ENV_CLEAN_SESS_0190,SESS_0190,0,ICMP,ENV_CLEAN,2.980533,24.1568,22578.5128,0.041979,0.090584,934.67,384.05,42.0,1126.0,1066.0,1126.0,1126.0,1126.0,0.0141,EXP_ICMP_ENV_CLEAN_SESS_0190.pcap
NAT_ENH_EXP_ICMP_ENV_CLEAN_SESS_0190_W0001,DS1_NATIVE_IPSEC_ENHANCED,1,EXP_ICMP_ENV_CLEAN,GRP_EXP_ICMP_ENV_CLEAN_SESS_0190,SESS_0190,1,ICMP,ENV_CLEAN,2.715887,34.243,34455.7803,0.029521,0.06743,1006.22,306.09,42.0,1126.0,1066.0,1126.0,1126.0,1126.0,0.0073,EXP_ICMP_ENV_CLEAN_SESS_0190.pcap
NAT_ENH_EXP_ICMP_ENV_CLEAN_SESS_0190_W0002,DS1_NATIVE_IPSEC_ENHANCED,1,EXP_ICMP_ENV_CLEAN,GRP_EXP_ICMP_ENV_CLEAN_SESS_0190,SESS_0190,2,ICMP,ENV_CLEAN,2.948168,38.3289,39588.6525,0.026323,0.0598,1032.87,266.4,42.0,1126.0,1066.0,1126.0,1126.0,1126.0,0.005,EXP_ICMP_ENV_CLEAN_SESS_0190.pcap
NAT_ENH_EXP_ICMP_ENV_CLEAN_SESS_0190_W0003,DS1_NATIVE_IPSEC_ENHANCED,1,EXP_ICMP_ENV_CLEAN,GRP_EXP_ICMP_ENV_CLEAN_SESS_0190,SESS_0190,3,ICMP,ENV_CLEAN,2.72962,48.3584,52332.5595,0.020837,0.030143,1082.18,158.71,42.0,1126.0,1066.0,1126.0,1126.0,1126.0,0.0012,EXP_ICMP_ENV_CLEAN_SESS_0190.pcap
NAT_ENH_EXP_ICMP_ENV_CLEAN_SESS_0190_W0004,DS1_NATIVE_IPSEC_ENHANCED,1,EXP_ICMP_ENV_CLEAN,GRP_EXP_ICMP_ENV_CLEAN_SESS_0190,SESS_0190,4,ICMP,ENV_CLEAN,2.923652,47.2012,52204.5727,0.021341,0.030445,1106.0,28.28,1066.0,1126.0,1066.0,1126.0,1126.0,1126.0,0.5137,EXP_ICMP_ENV_CLEAN_SESS_0190.pcap
NAT_ENH_EXP_ICMP_ENV_CLEAN_SESS_0190_W0005,DS1_NATIVE_IPSEC_ENHANCED,1,EXP_ICMP_ENV_CLEAN,GRP_EXP_ICMP_ENV_CLEAN_SESS_0190,SESS_0190,5,ICMP,ENV_CLEAN,2.92002,47.9449,52317.4523,0.021007,0.029911,1091.2,126.1,70.0,1126.0,1066.0,1126.0,1126.0,1126.0,0.0009,EXP_ICMP_ENV_CLEAN_SESS_0190.pcap
NAT_ENH_EXP_ICMP_ENV_CLEAN_SESS_0191_W0000,DS1_NATIVE_IPSEC_ENHANCED,1,EXP_ICMP_ENV_CLEAN,GRP_EXP_ICMP_ENV_CLEAN_SESS_0191,SESS_0191,0,ICMP,ENV_CLEAN,2.905727,13.7659,11680.3819,0.074506,0.120818,848.5,446.77,42.0,1126.0,822.0,1096.0,1126.0,1126.0,0.0229,EXP_ICMP_ENV_CLEAN_SESS_0191.pcap
NAT_ENH_EXP_ICMP_ENV_CLEAN_SESS_0191_W0001,DS1_NATIVE_IPSEC_ENHANCED,1,EXP_ICMP_ENV_CLEAN,GRP_EXP_ICMP_ENV_CLEAN_SESS_0191,SESS_0191,1,ICMP,ENV_CLEAN,2.86029,16.4319,15284.4639,0.06218,0.102159,930.17,389.16,42.0,1126.0,1066.0,1126.0,1126.0,1126.0,0.0135,EXP_ICMP_ENV_CLEAN_SESS_0191.pcap
NAT_ENH_EXP_ICMP_ENV_CLEAN_SESS_0191_W0002,DS1_NATIVE_IPSEC_ENHANCED,1,EXP_ICMP_ENV_CLEAN,GRP_EXP_ICMP_ENV_CLEAN_SESS_0191,SESS_0191,2,ICMP,ENV_CLEAN,2.877396,18.4194,18566.0932,0.055335,0.088126,1007.96,305.02,42.0,1126.0,1066.0,1126.0,1126.0,1126.0,0.0063,EXP_ICMP_ENV_CLEAN_SESS_0191.pcap
NAT_ENH_EXP_ICMP_ENV_CLEAN_SESS_0191_W0003,DS1_NATIVE_IPSEC_ENHANCED,1,EXP_ICMP_ENV_CLEAN,GRP_EXP_ICMP_ENV_CLEAN_SESS_0191,SESS_0191,3,ICMP,ENV_CLEAN,2.7882,19.726,21452.5508,0.051633,0.074529,1087.53,138.61,90.0,1126.0,1066.0,1126.0,1126.0,1126.0,0.0015,EXP_ICMP_ENV_CLEAN_SESS_0191.pcap
NAT_ENH_EXP_ICMP_ENV_CLEAN_SESS_0191_W0004,DS1_NATIVE_IPSEC_ENHANCED,1,EXP_ICMP_ENV_CLEAN,GRP_EXP_ICMP_ENV_CLEAN_SESS_0191,SESS_0191,4,ICMP,ENV_CLEAN,2.792108,20.0565,21440.4309,0.050766,0.073462,1069.0,194.25,70.0,1126.0,1066.0,1126.0,1126.0,1126.0,0.0023,EXP_ICMP_ENV_CLEAN_SESS_0191.pcap
NAT_ENH_EXP_ICMP_ENV_CLEAN_SESS_0191_W0005,DS1_NATIVE_IPSEC_ENHANCED,1,EXP_ICMP_ENV_CLEAN,GRP_EXP_ICMP_ENV_CLEAN_SESS_0191,SESS_0191,5,ICMP,ENV_CLEAN,2.791905,20.058,21441.9909,0.050762,0.073458,1069.0,194.25,70.0,1126.0,1066.0,1126.0,1126.0,1126.0,0.0023,EXP_ICMP_ENV_CLEAN_SESS_0191.pcap
NAT_ENH_EXP_ICMP_ENV_CLEAN_SESS_0191_W0006,DS1_NATIVE_IPSEC_ENHANCED,1,EXP_ICMP_ENV_CLEAN,GRP_EXP_ICMP_ENV_CLEAN_SESS_0191,SESS_0191,6,ICMP,ENV_CLEAN,2.803969,19.9717,21349.7375,0.050981,0.073883,1069.0,194.25,70.0,1126.0,1066.0,1126.0,1126.0,1126.0,0.0023,EXP_ICMP_ENV_CLEAN_SESS_0191.pcap
NAT_ENH_EXP_ICMP_ENV_CLEAN_SESS_0191_W0007,DS1_NATIVE_IPSEC_ENHANCED,1,EXP_ICMP_ENV_CLEAN,GRP_EXP_ICMP_ENV_CLEAN_SESS_0191,SESS_0191,7,ICMP,ENV_CLEAN,2.804279,19.9695,21347.376,0.050987,0.073882,1069.0,194.25,70.0,1126.0,1066.0,1126.0,1126.0,1126.0,0.0023,EXP_ICMP_ENV_CLEAN_SESS_0191.pcap
NAT_ENH_EXP_ICMP_ENV_CLEAN_SESS_0191_W0008,DS1_NATIVE_IPSEC_ENHANCED,1,EXP_ICMP_ENV_CLEAN,GRP_EXP_ICMP_ENV_CLEAN_SESS_0191,SESS_0191,8,ICMP,ENV_CLEAN,2.800039,20.714,21409.7014,0.049123,0.071771,1033.59,267.49,42.0,1126.0,1066.0,1126.0,1126.0,1126.0,0.0038,EXP_ICMP_ENV_CLEAN_SESS_0191.pcap
NAT_ENH_EXP_ICMP_ENV_CLEAN_SESS_0191_W0009,DS1_NATIVE_IPSEC_ENHANCED,1,EXP_ICMP_ENV_CLEAN,GRP_EXP_ICMP_ENV_CLEAN_SESS_0191,SESS_0191,9,ICMP,ENV_CLEAN,2.808131,20.6543,21348.0071,0.049265,0.072003,1033.59,267.49,42.0,1126.0,1066.0,1126.0,1126.0,1126.0,0.0038,EXP_ICMP_ENV_CLEAN_SESS_0191.pcap
NAT_ENH_EXP_ICMP_ENV_CLEAN_SESS_0191_W0010,DS1_NATIVE_IPSEC_ENHANCED,1,EXP_ICMP_ENV_CLEAN,GRP_EXP_ICMP_ENV_CLEAN_SESS_0191,SESS_0191,10,ICMP,ENV_CLEAN,2.808538,19.9392,21295.0656,0.051064,0.074985,1068.0,199.4,42.0,1126.0,1066.0,1126.0,1126.0,1126.0,0.0014,EXP_ICMP_ENV_CLEAN_SESS_0191.pcap
NAT_ENH_EXP_ICMP_ENV_CLEAN_SESS_0191_W0011,DS1_NATIVE_IPSEC_ENHANCED,1,EXP_ICMP_ENV_CLEAN,GRP_EXP_ICMP_ENV_CLEAN_SESS_0191,SESS_0191,11,ICMP,ENV_CLEAN,2.80438,19.9688,21326.6377,0.050989,0.074861,1068.0,199.4,42.0,1126.0,1066.0,1126.0,1126.0,1126.0,0.0014,EXP_ICMP_ENV_CLEAN_SESS_0191.pcap
NAT_ENH_EXP_ICMP_ENV_CLEAN_SESS_0191_W0012,DS1_NATIVE_IPSEC_ENHANCED,1,EXP_ICMP_ENV_CLEAN,GRP_EXP_ICMP_ENV_CLEAN_SESS_0191,SESS_0191,12,ICMP,ENV_CLEAN,2.803834,19.9727,21330.7923,0.050979,0.074846,1068.0,199.4,42.0,1126.0,1066.0,1126.0,1126.0,1126.0,0.0014,EXP_ICMP_ENV_CLEAN_SESS_0191.pcap
NAT_ENH_EXP_ICMP_ENV_CLEAN_SESS_0191_W0013,DS1_NATIVE_IPSEC_ENHANCED,1,EXP_ICMP_ENV_CLEAN,GRP_EXP_ICMP_ENV_CLEAN_SESS_0191,SESS_0191,13,ICMP,ENV_CLEAN,2.803951,19.9718,21329.9018,0.050981,0.074868,1068.0,199.4,42.0,1126.0,1066.0,1126.0,1126.0,1126.0,0.0014,EXP_ICMP_ENV_CLEAN_SESS_0191.pcap
NAT_ENH_EXP_ICMP_ENV_CLEAN_SESS_0192_W0000,DS1_NATIVE_IPSEC_ENHANCED,1,EXP_ICMP_ENV_CLEAN,GRP_EXP_ICMP_ENV_CLEAN_SESS_0192,SESS_0192,0,ICMP,ENV_CLEAN,2.940517,13.9431,11571.4338,0.073513,0.115168,829.9,456.7,42.0,1126.0,90.0,1066.0,1126.0,1126.0,0.0255,EXP_ICMP_ENV_CLEAN_SESS_0192.pcap
NAT_ENH_EXP_ICMP_ENV_CLEAN_SESS_0192_W0001,DS1_NATIVE_IPSEC_ENHANCED,1,EXP_ICMP_ENV_CLEAN,GRP_EXP_ICMP_ENV_CLEAN_SESS_0192,SESS_0192,1,ICMP,ENV_CLEAN,2.416477,20.6913,19464.7003,0.049316,0.072176,940.72,379.67,42.0,1126.0,1066.0,1126.0,1126.0,1126.0,0.0126,EXP_ICMP_ENV_CLEAN_SESS_0192.pcap
NAT_ENH_EXP_ICMP_ENV_CLEAN_SESS_0192_W0002,DS1_NATIVE_IPSEC_ENHANCED,1,EXP_ICMP_ENV_CLEAN,GRP_EXP_ICMP_ENV_CLEAN_SESS_0192,SESS_0192,2,ICMP,ENV_CLEAN,2.912118,21.2903,20709.326,0.04774,0.069745,972.71,347.37,42.0,1126.0,1066.0,1126.0,1126.0,1126.0,0.0098,EXP_ICMP_ENV_CLEAN_SESS_0192.pcap
NAT_ENH_EXP_ICMP_ENV_CLEAN_SESS_0192_W0003,DS1_NATIVE_IPSEC_ENHANCED,1,EXP_ICMP_ENV_CLEAN,GRP_EXP_ICMP_ENV_CLEAN_SESS_0192,SESS_0192,3,ICMP,ENV_CLEAN,2.936015,24.1824,24976.0314,0.041943,0.060301,1032.82,267.34,42.0,1126.0,1066.0,1126.0,1126.0,1126.0,0.0046,EXP_ICMP_ENV_CLEAN_SESS_0192.pcap
NAT_ENH_EXP_ICMP_ENV_CLEAN_SESS_0192_W0004,DS1_NATIVE_IPSEC_ENHANCED,1,EXP_ICMP_ENV_CLEAN,GRP_EXP_ICMP_ENV_CLEAN_SESS_0192,SESS_0192,4,ICMP,ENV_CLEAN,2.868021,25.1044,27765.487,0.040395,0.058295,1106.0,28.28,1066.0,1126.0,1066.0,1126.0,1126.0,1126.0,0.5137,EXP_ICMP_ENV_CLEAN_SESS_0192.pcap
NAT_ENH_EXP_ICMP_ENV_CLEAN_SESS_0192_W0005,DS1_NATIVE_IPSEC_ENHANCED,1,EXP_ICMP_ENV_CLEAN,GRP_EXP_ICMP_ENV_CLEAN_SESS_0192,SESS_0192,5,ICMP,ENV_CLEAN,2.879989,25.0001,27650.1065,0.040563,0.058538,1106.0,28.28,1066.0,1126.0,1066.0,1126.0,1126.0,1126.0,0.5137,EXP_ICMP_ENV_CLEAN_SESS_0192.pcap
NAT_ENH_EXP_ICMP_ENV_CLEAN_SESS_0192_W0006,DS1_NATIVE_IPSEC_ENHANCED,1,EXP_ICMP_ENV_CLEAN,GRP_EXP_ICMP_ENV_CLEAN_SESS_0192,SESS_0192,6,ICMP,ENV_CLEAN,2.876033,25.7299,27736.8183,0.039398,0.056678,1078.0,170.3,70.0,1126.0,1066.0,1126.0,1126.0,1126.0,0.0018,EXP_ICMP_ENV_CLEAN_SESS_0192.pcap
NAT_ENH_EXP_ICMP_ENV_CLEAN_SESS_0192_W0007,DS1_NATIVE_IPSEC_ENHANCED,1,EXP_ICMP_ENV_CLEAN,GRP_EXP_ICMP_ENV_CLEAN_SESS_0192,SESS_0192,7,ICMP,ENV_CLEAN,2.879862,25.6957,27699.9377,0.03945,0.056763,1078.0,170.3,70.0,1126.0,1066.0,1126.0,1126.0,1126.0,0.0018,EXP_ICMP_ENV_CLEAN_SESS_0192.pcap
NAT_ENH_EXP_ICMP_ENV_CLEAN_SESS_0192_W0008,DS1_NATIVE_IPSEC_ENHANCED,1,EXP_ICMP_ENV_CLEAN,GRP_EXP_ICMP_ENV_CLEAN_SESS_0192,SESS_0192,8,ICMP,ENV_CLEAN,2.880819,25.6871,27690.7358,0.039463,0.056776,1078.0,170.3,70.0,1126.0,1066.0,1126.0,1126.0,1126.0,0.0018,EXP_ICMP_ENV_CLEAN_SESS_0192.pcap
NAT_ENH_EXP_ICMP_ENV_CLEAN_SESS_0192_W0009,DS1_NATIVE_IPSEC_ENHANCED,1,EXP_ICMP_ENV_CLEAN,GRP_EXP_ICMP_ENV_CLEAN_SESS_0192,SESS_0192,9,ICMP,ENV_CLEAN,2.872161,26.4609,27803.4562,0.038295,0.055877,1050.74,236.09,42.0,1126.0,1066.0,1126.0,1126.0,1126.0,0.0028,EXP_ICMP_ENV_CLEAN_SESS_0192.pcap
NAT_ENH_EXP_ICMP_ENV_CLEAN_SESS_0193_W0000,DS1_NATIVE_IPSEC_ENHANCED,1,EXP_ICMP_ENV_CLEAN,GRP_EXP_ICMP_ENV_CLEAN_SESS_0193,SESS_0193,0,ICMP,ENV_CLEAN,2.964099,24.2907,22703.6957,0.041748,0.099831,934.67,384.05,42.0,1126.0,1066.0,1126.0,1126.0,1126.0,0.0141,EXP_ICMP_ENV_CLEAN_SESS_0193.pcap
NAT_ENH_EXP_ICMP_ENV_CLEAN_SESS_0193_W0001,DS1_NATIVE_IPSEC_ENHANCED,1,EXP_ICMP_ENV_CLEAN,GRP_EXP_ICMP_ENV_CLEAN_SESS_0193,SESS_0193,1,ICMP,ENV_CLEAN,2.976099,31.585,31472.0712,0.032001,0.077986,996.43,318.76,42.0,1126.0,1066.0,1126.0,1126.0,1126.0,0.0082,EXP_ICMP_ENV_CLEAN_SESS_0193.pcap
NAT_ENH_EXP_ICMP_ENV_CLEAN_SESS_0193_W0002,DS1_NATIVE_IPSEC_ENHANCED,1,EXP_ICMP_ENV_CLEAN,GRP_EXP_ICMP_ENV_CLEAN_SESS_0193,SESS_0193,2,ICMP,ENV_CLEAN,2.856348,39.561,40861.2671,0.025503,0.058106,1032.87,266.4,42.0,1126.0,1066.0,1126.0,1126.0,1126.0,0.005,EXP_ICMP_ENV_CLEAN_SESS_0193.pcap
NAT_ENH_EXP_ICMP_ENV_CLEAN_SESS_0193_W0003,DS1_NATIVE_IPSEC_ENHANCED,1,EXP_ICMP_ENV_CLEAN,GRP_EXP_ICMP_ENV_CLEAN_SESS_0193,SESS_0193,3,ICMP,ENV_CLEAN,2.827994,47.737,50600.5297,0.021104,0.03048,1059.99,215.19,42.0,1126.0,1066.0,1126.0,1126.0,1126.0,0.003,EXP_ICMP_ENV_CLEAN_SESS_0193.pcap
NAT_ENH_EXP_ICMP_ENV_CLEAN_SESS_0193_W0004,DS1_NATIVE_IPSEC_ENHANCED,1,EXP_ICMP_ENV_CLEAN,GRP_EXP_ICMP_ENV_CLEAN_SESS_0193,SESS_0193,4,ICMP,ENV_CLEAN,2.940278,47.2744,51939.9857,0.021306,0.030401,1098.69,90.37,90.0,1126.0,1066.0,1126.0,1126.0,1126.0,0.0006,EXP_ICMP_ENV_CLEAN_SESS_0193.pcap
NAT_ENH_EXP_ICMP_ENV_CLEAN_SESS_0193_W0005,DS1_NATIVE_IPSEC_ENHANCED,1,EXP_ICMP_ENV_CLEAN,GRP_EXP_ICMP_ENV_CLEAN_SESS_0193,SESS_0193,5,ICMP,ENV_CLEAN,2.956096,47.0215,51655.2925,0.021421,0.030439,1098.55,91.98,70.0,1126.0,1066.0,1126.0,1126.0,1126.0,0.0005,EXP_ICMP_ENV_CLEAN_SESS_0193.pcap
NAT_ENH_EXP_ICMP_ENV_CLEAN_SESS_0194_W0000,DS1_NATIVE_IPSEC_ENHANCED,1,EXP_ICMP_ENV_CLEAN,GRP_EXP_ICMP_ENV_CLEAN_SESS_0194,SESS_0194,0,ICMP,ENV_CLEAN,2.856111,10.5038,7298.0356,0.098487,0.169102,694.8,504.21,42.0,1126.0,90.0,1066.0,1126.0,1126.0,0.047,EXP_ICMP_ENV_CLEAN_SESS_0194.pcap
NAT_ENH_EXP_ICMP_ENV_CLEAN_SESS_0194_W0001,DS1_NATIVE_IPSEC_ENHANCED,1,EXP_ICMP_ENV_CLEAN,GRP_EXP_ICMP_ENV_CLEAN_SESS_0194,SESS_0194,1,ICMP,ENV_CLEAN,2.93231,12.277,10412.2685,0.08378,0.155346,848.11,447.45,42.0,1126.0,822.0,1096.0,1126.0,1126.0,0.0224,EXP_ICMP_ENV_CLEAN_SESS_0194.pcap
NAT_ENH_EXP_ICMP_ENV_CLEAN_SESS_0194_W0002,DS1_NATIVE_IPSEC_ENHANCED,1,EXP_ICMP_ENV_CLEAN,GRP_EXP_ICMP_ENV_CLEAN_SESS_0194,SESS_0194,2,ICMP,ENV_CLEAN,2.508174,16.3466,14784.4611,0.062704,0.089972,904.44,410.25,42.0,1126.0,1066.0,1126.0,1126.0,1126.0,0.016,EXP_ICMP_ENV_CLEAN_SESS_0194.pcap
NAT_ENH_EXP_ICMP_ENV_CLEAN_SESS_0194_W0003,DS1_NATIVE_IPSEC_ENHANCED,1,EXP_ICMP_ENV_CLEAN,GRP_EXP_ICMP_ENV_CLEAN_SESS_0194,SESS_0194,3,ICMP,ENV_CLEAN,2.776079,16.2099,15690.476,0.063093,0.091755,967.96,353.02,42.0,1126.0,1066.0,1126.0,1126.0,1126.0,0.0098,EXP_ICMP_ENV_CLEAN_SESS_0194.pcap
NAT_ENH_EXP_ICMP_ENV_CLEAN_SESS_0194_W0004,DS1_NATIVE_IPSEC_ENHANCED,1,EXP_ICMP_ENV_CLEAN,GRP_EXP_ICMP_ENV_CLEAN_SESS_0194,SESS_0194,4,ICMP,ENV_CLEAN,2.872268,15.6671,17327.7705,0.065279,0.095488,1106.0,28.28,1066.0,1126.0,1066.0,1126.0,1126.0,1126.0,0.5137,EXP_ICMP_ENV_CLEAN_SESS_0194.pcap
NAT_ENH_EXP_ICMP_ENV_CLEAN_SESS_0194_W0005,DS1_NATIVE_IPSEC_ENHANCED,1,EXP_ICMP_ENV_CLEAN,GRP_EXP_ICMP_ENV_CLEAN_SESS_0194,SESS_0194,5,ICMP,ENV_CLEAN,2.662297,16.1515,17474.3839,0.063388,0.092324,1081.91,158.62,70.0,1126.0,1066.0,1126.0,1126.0,1126.0,0.0015,EXP_ICMP_ENV_CLEAN_SESS_0194.pcap
NAT_ENH_EXP_ICMP_ENV_CLEAN_SESS_0194_W0006,DS1_NATIVE_IPSEC_ENHANCED,1,EXP_ICMP_ENV_CLEAN,GRP_EXP_ICMP_ENV_CLEAN_SESS_0194,SESS_0194,6,ICMP,ENV_CLEAN,2.876162,16.3412,17352.9861,0.062525,0.090781,1061.91,210.94,70.0,1126.0,1066.0,1126.0,1126.0,1126.0,0.0028,EXP_ICMP_ENV_CLEAN_SESS_0194.pcap
NAT_ENH_EXP_ICMP_ENV_CLEAN_SESS_0194_W0007,DS1_NATIVE_IPSEC_ENHANCED,1,EXP_ICMP_ENV_CLEAN,GRP_EXP_ICMP_ENV_CLEAN_SESS_0194,SESS_0194,7,ICMP,ENV_CLEAN,2.672167,16.466,17436.0356,0.062143,0.09039,1058.91,217.56,70.0,1126.0,1066.0,1126.0,1126.0,1126.0,0.003,EXP_ICMP_ENV_CLEAN_SESS_0194.pcap
NAT_ENH_EXP_ICMP_ENV_CLEAN_SESS_0194_W0008,DS1_NATIVE_IPSEC_ENHANCED,1,EXP_ICMP_ENV_CLEAN,GRP_EXP_ICMP_ENV_CLEAN_SESS_0194,SESS_0194,8,ICMP,ENV_CLEAN,2.8879,16.9673,17311.542,0.060165,0.089596,1020.29,288.8,42.0,1126.0,1066.0,1126.0,1126.0,1126.0,0.0045,EXP_ICMP_ENV_CLEAN_SESS_0194.pcap
NAT_ENH_EXP_ICMP_ENV_CLEAN_SESS_0194_W0009,DS1_NATIVE_IPSEC_ENHANCED,1,EXP_ICMP_ENV_CLEAN,GRP_EXP_ICMP_ENV_CLEAN_SESS_0194,SESS_0194,9,ICMP,ENV_CLEAN,2.864228,17.1076,17454.616,0.059671,0.088828,1020.29,288.8,42.0,1126.0,1066.0,1126.0,1126.0,1126.0,0.0045,EXP_ICMP_ENV_CLEAN_SESS_0194.pcap
NAT_ENH_EXP_ICMP_ENV_CLEAN_SESS_0195_W0000,DS1_NATIVE_IPSEC_ENHANCED,1,EXP_ICMP_ENV_CLEAN,GRP_EXP_ICMP_ENV_CLEAN_SESS_0195,SESS_0195,0,ICMP,ENV_CLEAN,2.964073,17.5434,15928.0818,0.058119,0.119536,907.92,406.81,42.0,1126.0,1066.0,1126.0,1126.0,1126.0,0.0164,EXP_ICMP_ENV_CLEAN_SESS_0195.pcap
NAT_ENH_EXP_ICMP_ENV_CLEAN_SESS_0195_W0001,DS1_NATIVE_IPSEC_ENHANCED,1,EXP_ICMP_ENV_CLEAN,GRP_EXP_ICMP_ENV_CLEAN_SESS_0195,SESS_0195,1,ICMP,ENV_CLEAN,2.664233,25.5233,25126.9318,0.039765,0.083903,984.47,333.95,42.0,1126.0,1066.0,1126.0,1126.0,1126.0,0.0088,EXP_ICMP_ENV_CLEAN_SESS_0195.pcap
NAT_ENH_EXP_ICMP_ENV_CLEAN_SESS_0195_W0002,DS1_NATIVE_IPSEC_ENHANCED,1,EXP_ICMP_ENV_CLEAN,GRP_EXP_ICMP_ENV_CLEAN_SESS_0195,SESS_0195,2,ICMP,ENV_CLEAN,2.696026,31.157,32155.4752,0.032482,0.060751,1032.05,268.09,42.0,1126.0,1066.0,1126.0,1126.0,1126.0,0.0049,EXP_ICMP_ENV_CLEAN_SESS_0195.pcap
NAT_ENH_EXP_ICMP_ENV_CLEAN_SESS_0195_W0003,DS1_NATIVE_IPSEC_ENHANCED,1,EXP_ICMP_ENV_CLEAN,GRP_EXP_ICMP_ENV_CLEAN_SESS_0195,SESS_0195,3,ICMP,ENV_CLEAN,2.624995,37.3334,40480.0772,0.027062,0.039423,1084.29,153.02,42.0,1126.0,1066.0,1126.0,1126.0,1126.0,0.0008,EXP_ICMP_ENV_CLEAN_SESS_0195.pcap
NAT_ENH_EXP_ICMP_ENV_CLEAN_SESS_0195_W0004,DS1_NATIVE_IPSEC_ENHANCED,1,EXP_ICMP_ENV_CLEAN,GRP_EXP_ICMP_ENV_CLEAN_SESS_0195,SESS_0195,4,ICMP,ENV_CLEAN,2.968027,36.7247,40268.5,0.027482,0.039362,1096.5,102.71,70.0,1126.0,1066.0,1126.0,1126.0,1126.0,0.0006,EXP_ICMP_ENV_CLEAN_SESS_0195.pcap
NAT_ENH_EXP_ICMP_ENV_CLEAN_SESS_0195_W0005,DS1_NATIVE_IPSEC_ENHANCED,1,EXP_ICMP_ENV_CLEAN,GRP_EXP_ICMP_ENV_CLEAN_SESS_0195,SESS_0195,5,ICMP,ENV_CLEAN,2.884134,36.7528,40289.3894,0.027468,0.039362,1096.23,104.03,70.0,1126.0,1066.0,1126.0,1126.0,1126.0,0.0006,EXP_ICMP_ENV_CLEAN_SESS_0195.pcap
NAT_ENH_EXP_ICMP_ENV_HIGH_LATENCY_SESS_W0000,DS1_NATIVE_IPSEC_ENHANCED,1,EXP_ICMP_ENV_HIGH,GRP_EXP_ICMP_ENV_HIGH_LATENCY_SESS,LATENCY_SESS,0,ICMP,ENV_HIGH,1.742792,5.1641,437.2294,0.217849,0.295255,84.67,8.0,70.0,90.0,86.0,90.0,90.0,90.0,1.0,EXP_ICMP_ENV_HIGH_LATENCY_SESS_0211.pcap
NAT_ENH_EXP_ICMP_ENV_HIGH_LATENCY_SESS_W0001,DS1_NATIVE_IPSEC_ENHANCED,1,EXP_ICMP_ENV_HIGH,GRP_EXP_ICMP_ENV_HIGH_LATENCY_SESS,LATENCY_SESS,1,ICMP,ENV_HIGH,0.486643,10.2745,842.5066,0.121661,0.161118,82.0,9.8,70.0,90.0,70.0,90.0,90.0,90.0,1.0,EXP_ICMP_ENV_HIGH_LATENCY_SESS_0211.pcap
NAT_ENH_EXP_ICMP_ENV_HIGH_LATENCY_SESS_W0002,DS1_NATIVE_IPSEC_ENHANCED,1,EXP_ICMP_ENV_HIGH,GRP_EXP_ICMP_ENV_HIGH_LATENCY_SESS,LATENCY_SESS,2,ICMP,ENV_HIGH,0.486643,10.2745,842.5066,0.121661,0.161118,82.0,9.8,70.0,90.0,70.0,90.0,90.0,90.0,1.0,EXP_ICMP_ENV_HIGH_LATENCY_SESS_0211.pcap
NAT_ENH_EXP_ICMP_ENV_HIGH_LATENCY_SESS_W0003,DS1_NATIVE_IPSEC_ENHANCED,1,EXP_ICMP_ENV_HIGH,GRP_EXP_ICMP_ENV_HIGH_LATENCY_SESS,LATENCY_SESS,3,ICMP,ENV_HIGH,1e-06,1000000.0,90000000.0,0.0,0.0,90.0,0.0,90.0,90.0,90.0,90.0,90.0,90.0,1.0,EXP_ICMP_ENV_HIGH_LATENCY_SESS_0211.pcap
NAT_ENH_EXP_ICMP_ENV_HIGH_LATENCY_SESS_W0004,DS1_NATIVE_IPSEC_ENHANCED,1,EXP_ICMP_ENV_HIGH,GRP_EXP_ICMP_ENV_HIGH_LATENCY_SESS,LATENCY_SESS,4,ICMP,ENV_HIGH,1e-06,1000000.0,90000000.0,0.0,0.0,90.0,0.0,90.0,90.0,90.0,90.0,90.0,90.0,1.0,EXP_ICMP_ENV_HIGH_LATENCY_SESS_0211.pcap
NAT_ENH_EXP_ICMP_ENV_HIGH_LATENCY_SESS_W0005,DS1_NATIVE_IPSEC_ENHANCED,1,EXP_ICMP_ENV_HIGH,GRP_EXP_ICMP_ENV_HIGH_LATENCY_SESS,LATENCY_SESS,5,ICMP,ENV_HIGH,1e-06,1000000.0,90000000.0,0.0,0.0,90.0,0.0,90.0,90.0,90.0,90.0,90.0,90.0,1.0,EXP_ICMP_ENV_HIGH_LATENCY_SESS_0211.pcap
NAT_ENH_EXP_ICMP_ENV_HIGH_LATENCY_SESS_W0006,DS1_NATIVE_IPSEC_ENHANCED,1,EXP_ICMP_ENV_HIGH,GRP_EXP_ICMP_ENV_HIGH_LATENCY_SESS,LATENCY_SESS,6,ICMP,ENV_HIGH,1e-06,1000000.0,90000000.0,0.0,0.0,90.0,0.0,90.0,90.0,90.0,90.0,90.0,90.0,1.0,EXP_ICMP_ENV_HIGH_LATENCY_SESS_0211.pcap
NAT_ENH_EXP_ICMP_ENV_HIGH_LATENCY_SESS_W0007,DS1_NATIVE_IPSEC_ENHANCED,1,EXP_ICMP_ENV_HIGH,GRP_EXP_ICMP_ENV_HIGH_LATENCY_SESS,LATENCY_SESS,7,ICMP,ENV_HIGH,1e-06,1000000.0,90000000.0,0.0,0.0,90.0,0.0,90.0,90.0,90.0,90.0,90.0,90.0,1.0,EXP_ICMP_ENV_HIGH_LATENCY_SESS_0211.pcap
NAT_ENH_EXP_ICMP_ENV_HIGH_LATENCY_SESS_W0008,DS1_NATIVE_IPSEC_ENHANCED,1,EXP_ICMP_ENV_HIGH,GRP_EXP_ICMP_ENV_HIGH_LATENCY_SESS,LATENCY_SESS,8,ICMP,ENV_HIGH,1e-06,1000000.0,90000000.0,0.0,0.0,90.0,0.0,90.0,90.0,90.0,90.0,90.0,90.0,1.0,EXP_ICMP_ENV_HIGH_LATENCY_SESS_0211.pcap
NAT_ENH_EXP_ICMP_ENV_HIGH_LATENCY_SESS_W0009,DS1_NATIVE_IPSEC_ENHANCED,1,EXP_ICMP_ENV_HIGH,GRP_EXP_ICMP_ENV_HIGH_LATENCY_SESS,LATENCY_SESS,9,ICMP,ENV_HIGH,1e-06,1000000.0,90000000.0,0.0,0.0,90.0,0.0,90.0,90.0,90.0,90.0,90.0,90.0,1.0,EXP_ICMP_ENV_HIGH_LATENCY_SESS_0211.pcap
NAT_ENH_EXP_ICMP_ENV_HIGH_LATENCY_SESS_W0010,DS1_NATIVE_IPSEC_ENHANCED,1,EXP_ICMP_ENV_HIGH,GRP_EXP_ICMP_ENV_HIGH_LATENCY_SESS,LATENCY_SESS,10,ICMP,ENV_HIGH,0.208369,76.7869,64769.7804,0.013891,0.019232,843.5,455.38,42.0,1126.0,817.0,1096.0,1126.0,1126.0,0.0169,EXP_ICMP_ENV_HIGH_LATENCY_SESS_0211.pcap
NAT_ENH_EXP_ICMP_ENV_HIGH_LATENCY_SESS_W0011,DS1_NATIVE_IPSEC_ENHANCED,1,EXP_ICMP_ENV_HIGH,GRP_EXP_ICMP_ENV_HIGH_LATENCY_SESS,LATENCY_SESS,11,ICMP,ENV_HIGH,0.726044,59.2251,59718.1488,0.017287,0.024747,1008.33,306.21,42.0,1126.0,1066.0,1126.0,1126.0,1126.0,0.0052,EXP_ICMP_ENV_HIGH_LATENCY_SESS_0211.pcap
NAT_ENH_EXP_ICMP_ENV_HIGH_LATENCY_SESS_W0012,DS1_NATIVE_IPSEC_ENHANCED,1,EXP_ICMP_ENV_HIGH,GRP_EXP_ICMP_ENV_HIGH_LATENCY_SESS,LATENCY_SESS,12,ICMP,ENV_HIGH,1.238352,56.5267,59126.9772,0.017947,0.025616,1046.0,245.29,42.0,1126.0,1066.0,1126.0,1126.0,1126.0,0.0031,EXP_ICMP_ENV_HIGH_LATENCY_SESS_0211.pcap
NAT_ENH_EXP_ICMP_ENV_HIGH_LATENCY_SESS_W0013,DS1_NATIVE_IPSEC_ENHANCED,1,EXP_ICMP_ENV_HIGH,GRP_EXP_ICMP_ENV_HIGH_LATENCY_SESS,LATENCY_SESS,13,ICMP,ENV_HIGH,1.761667,55.0615,58513.9037,0.018351,0.026129,1062.7,210.63,42.0,1126.0,1066.0,1126.0,1126.0,1126.0,0.0022,EXP_ICMP_ENV_HIGH_LATENCY_SESS_0211.pcap
NAT_ENH_EXP_ICMP_ENV_HIGH_LATENCY_SESS_W0014,DS1_NATIVE_IPSEC_ENHANCED,1,EXP_ICMP_ENV_HIGH,GRP_EXP_ICMP_ENV_HIGH_LATENCY_SESS,LATENCY_SESS,14,ICMP,ENV_HIGH,2.22452,54.3938,58271.4482,0.018538,0.026447,1071.29,189.79,42.0,1126.0,1066.0,1126.0,1126.0,1126.0,0.0017,EXP_ICMP_ENV_HIGH_LATENCY_SESS_0211.pcap
NAT_ENH_EXP_ICMP_ENV_HIGH_LATENCY_SESS_W0015,DS1_NATIVE_IPSEC_ENHANCED,1,EXP_ICMP_ENV_HIGH,GRP_EXP_ICMP_ENV_HIGH_LATENCY_SESS,LATENCY_SESS,15,ICMP,ENV_HIGH,2.755985,53.7013,57869.6954,0.018748,0.026715,1077.62,172.56,42.0,1126.0,1066.0,1126.0,1126.0,1126.0,0.0014,EXP_ICMP_ENV_HIGH_LATENCY_SESS_0211.pcap
NAT_ENH_EXP_ICMP_ENV_HIGH_LATENCY_SESS_W0016,DS1_NATIVE_IPSEC_ENHANCED,1,EXP_ICMP_ENV_HIGH,GRP_EXP_ICMP_ENV_HIGH_LATENCY_SESS,LATENCY_SESS,16,ICMP,ENV_HIGH,2.943706,52.9944,58611.8308,0.018992,0.027198,1106.0,28.28,1066.0,1126.0,1066.0,1126.0,1126.0,1126.0,0.5137,EXP_ICMP_ENV_HIGH_LATENCY_SESS_0211.pcap
NAT_ENH_EXP_ICMP_ENV_HIGH_LATENCY_SESS_W0000,DS1_NATIVE_IPSEC_ENHANCED,1,EXP_ICMP_ENV_HIGH,GRP_EXP_ICMP_ENV_HIGH_LATENCY_SESS,LATENCY_SESS,0,ICMP,ENV_HIGH,2.916825,8.9138,5977.7325,0.116673,0.181664,670.62,509.01,42.0,1126.0,90.0,1066.0,1126.0,1126.0,0.051,EXP_ICMP_ENV_HIGH_LATENCY_SESS_0212.pcap
NAT_ENH_EXP_ICMP_ENV_HIGH_LATENCY_SESS_W0001,DS1_NATIVE_IPSEC_ENHANCED,1,EXP_ICMP_ENV_HIGH,GRP_EXP_ICMP_ENV_HIGH_LATENCY_SESS,LATENCY_SESS,1,ICMP,ENV_HIGH,2.425223,14.4317,12553.8978,0.07133,0.127848,869.89,434.58,42.0,1126.0,1066.0,1126.0,1126.0,1126.0,0.0196,EXP_ICMP_ENV_HIGH_LATENCY_SESS_0212.pcap
NAT_ENH_EXP_ICMP_ENV_HIGH_LATENCY_SESS_W0002,DS1_NATIVE_IPSEC_ENHANCED,1,EXP_ICMP_ENV_HIGH,GRP_EXP_ICMP_ENV_HIGH_LATENCY_SESS,LATENCY_SESS,2,ICMP,ENV_HIGH,2.954968,15.9054,14794.7458,0.064238,0.115066,930.17,389.16,42.0,1126.0,1066.0,1126.0,1126.0,1126.0,0.0135,EXP_ICMP_ENV_HIGH_LATENCY_SESS_0212.pcap
NAT_ENH_EXP_ICMP_ENV_HIGH_LATENCY_SESS_W0003,DS1_NATIVE_IPSEC_ENHANCED,1,EXP_ICMP_ENV_HIGH,GRP_EXP_ICMP_ENV_HIGH_LATENCY_SESS,LATENCY_SESS,3,ICMP,ENV_HIGH,2.696011,19.2878,19789.2363,0.052863,0.08519,1026.0,278.54,42.0,1126.0,1066.0,1126.0,1126.0,1126.0,0.005,EXP_ICMP_ENV_HIGH_LATENCY_SESS_0212.pcap
NAT_ENH_EXP_ICMP_ENV_HIGH_LATENCY_SESS_W0004,DS1_NATIVE_IPSEC_ENHANCED,1,EXP_ICMP_ENV_HIGH,GRP_EXP_ICMP_ENV_HIGH_LATENCY_SESS,LATENCY_SESS,4,ICMP,ENV_HIGH,2.538087,24.4278,26178.7703,0.041608,0.060764,1071.68,190.04,42.0,1126.0,1066.0,1126.0,1126.0,1126.0,0.0013,EXP_ICMP_ENV_HIGH_LATENCY_SESS_0212.pcap
NAT_ENH_EXP_ICMP_ENV_HIGH_LATENCY_SESS_W0005,DS1_NATIVE_IPSEC_ENHANCED,1,EXP_ICMP_ENV_HIGH,GRP_EXP_ICMP_ENV_HIGH_LATENCY_SESS,LATENCY_SESS,5,ICMP,ENV_HIGH,2.936383,24.1794,26036.7942,0.041948,0.060688,1076.82,173.66,70.0,1126.0,1066.0,1126.0,1126.0,1126.0,0.0018,EXP_ICMP_ENV_HIGH_LATENCY_SESS_0212.pcap
NAT_ENH_EXP_ICMP_ENV_HIGH_LATENCY_SESS_W0000,DS1_NATIVE_IPSEC_ENHANCED,1,EXP_ICMP_ENV_HIGH,GRP_EXP_ICMP_ENV_HIGH_LATENCY_SESS,LATENCY_SESS,0,ICMP,ENV_HIGH,2.966587,13.1464,10381.6269,0.078068,0.128505,789.69,475.15,42.0,1126.0,90.0,1066.0,1126.0,1126.0,0.0313,EXP_ICMP_ENV_HIGH_LATENCY_SESS_0213.pcap
NAT_ENH_EXP_ICMP_ENV_HIGH_LATENCY_SESS_W0001,DS1_NATIVE_IPSEC_ENHANCED,1,EXP_ICMP_ENV_HIGH,GRP_EXP_ICMP_ENV_HIGH_LATENCY_SESS,LATENCY_SESS,1,ICMP,ENV_HIGH,2.716949,16.1946,13746.3015,0.063185,0.090642,848.82,446.22,42.0,1126.0,822.0,1096.0,1126.0,1126.0,0.0233,EXP_ICMP_ENV_HIGH_LATENCY_SESS_0213.pcap
NAT_ENH_EXP_ICMP_ENV_HIGH_LATENCY_SESS_W0002,DS1_NATIVE_IPSEC_ENHANCED,1,EXP_ICMP_ENV_HIGH,GRP_EXP_ICMP_ENV_HIGH_LATENCY_SESS,LATENCY_SESS,2,ICMP,ENV_HIGH,2.956495,16.9119,15909.3789,0.060337,0.090985,940.72,379.67,42.0,1126.0,1066.0,1126.0,1126.0,1126.0,0.0126,EXP_ICMP_ENV_HIGH_LATENCY_SESS_0213.pcap
NAT_ENH_EXP_ICMP_ENV_HIGH_LATENCY_SESS_W0003,DS1_NATIVE_IPSEC_ENHANCED,1,EXP_ICMP_ENV_HIGH,GRP_EXP_ICMP_ENV_HIGH_LATENCY_SESS,LATENCY_SESS,3,ICMP,ENV_HIGH,2.806651,17.1022,17821.953,0.059716,0.088115,1042.08,249.07,70.0,1126.0,1066.0,1126.0,1126.0,1126.0,0.005,EXP_ICMP_ENV_HIGH_LATENCY_SESS_0213.pcap
NAT_ENH_EXP_ICMP_ENV_HIGH_LATENCY_SESS_W0004,DS1_NATIVE_IPSEC_ENHANCED,1,EXP_ICMP_ENV_HIGH,GRP_EXP_ICMP_ENV_HIGH_LATENCY_SESS,LATENCY_SESS,4,ICMP,ENV_HIGH,2.806066,16.3931,17768.6496,0.062357,0.091726,1083.91,150.78,90.0,1126.0,1066.0,1126.0,1126.0,1126.0,0.0018,EXP_ICMP_ENV_HIGH_LATENCY_SESS_0213.pcap
NAT_ENH_EXP_ICMP_ENV_HIGH_LATENCY_SESS_W0005,DS1_NATIVE_IPSEC_ENHANCED,1,EXP_ICMP_ENV_HIGH,GRP_EXP_ICMP_ENV_HIGH_LATENCY_SESS,LATENCY_SESS,5,ICMP,ENV_HIGH,2.802178,16.4158,17786.1655,0.062271,0.091289,1083.48,153.65,70.0,1126.0,1066.0,1126.0,1126.0,1126.0,0.0014,EXP_ICMP_ENV_HIGH_LATENCY_SESS_0213.pcap
NAT_ENH_EXP_ICMP_ENV_HIGH_LATENCY_SESS_W0006,DS1_NATIVE_IPSEC_ENHANCED,1,EXP_ICMP_ENV_HIGH,GRP_EXP_ICMP_ENV_HIGH_LATENCY_SESS,LATENCY_SESS,6,ICMP,ENV_HIGH,2.794951,16.4582,17832.1554,0.06211,0.091053,1083.48,153.65,70.0,1126.0,1066.0,1126.0,1126.0,1126.0,0.0014,EXP_ICMP_ENV_HIGH_LATENCY_SESS_0213.pcap
NAT_ENH_EXP_ICMP_ENV_HIGH_LATENCY_SESS_W0007,DS1_NATIVE_IPSEC_ENHANCED,1,EXP_ICMP_ENV_HIGH,GRP_EXP_ICMP_ENV_HIGH_LATENCY_SESS,LATENCY_SESS,7,ICMP,ENV_HIGH,2.913062,16.4775,17147.5933,0.06198,0.088023,1040.67,254.53,42.0,1126.0,1066.0,1126.0,1126.0,1126.0,0.0037,EXP_ICMP_ENV_HIGH_LATENCY_SESS_0213.pcap
NAT_ENH_EXP_ICMP_ENV_HIGH_LATENCY_SESS_W0000,DS1_NATIVE_IPSEC_ENHANCED,1,EXP_ICMP_ENV_HIGH,GRP_EXP_ICMP_ENV_HIGH_LATENCY_SESS,LATENCY_SESS,0,ICMP,ENV_HIGH,2.920481,21.5718,19634.4372,0.047105,0.079191,910.19,404.55,42.0,1126.0,1066.0,1126.0,1126.0,1126.0,0.0166,EXP_ICMP_ENV_HIGH_LATENCY_SESS_0214.pcap
NAT_ENH_EXP_ICMP_ENV_HIGH_LATENCY_SESS_W0001,DS1_NATIVE_IPSEC_ENHANCED,1,EXP_ICMP_ENV_HIGH,GRP_EXP_ICMP_ENV_HIGH_LATENCY_SESS,LATENCY_SESS,1,ICMP,ENV_HIGH,2.975988,25.2017,24753.4588,0.040216,0.070929,982.21,336.33,42.0,1126.0,1066.0,1126.0,1126.0,1126.0,0.0092,EXP_ICMP_ENV_HIGH_LATENCY_SESS_0214.pcap
NAT_ENH_EXP_ICMP_ENV_HIGH_LATENCY_SESS_W0002,DS1_NATIVE_IPSEC_ENHANCED,1,EXP_ICMP_ENV_HIGH,GRP_EXP_ICMP_ENV_HIGH_LATENCY_SESS,LATENCY_SESS,2,ICMP,ENV_HIGH,2.927875,28.6898,29635.1469,0.035276,0.051955,1032.95,264.8,70.0,1126.0,1066.0,1126.0,1126.0,1126.0,0.0058,EXP_ICMP_ENV_HIGH_LATENCY_SESS_0214.pcap
NAT_ENH_EXP_ICMP_ENV_HIGH_LATENCY_SESS_W0003,DS1_NATIVE_IPSEC_ENHANCED,1,EXP_ICMP_ENV_HIGH,GRP_EXP_ICMP_ENV_HIGH_LATENCY_SESS,LATENCY_SESS,3,ICMP,ENV_HIGH,2.870287,28.5686,30173.9842,0.035436,0.051316,1056.2,221.66,70.0,1126.0,1066.0,1126.0,1126.0,1126.0,0.0039,EXP_ICMP_ENV_HIGH_LATENCY_SESS_0214.pcap
NAT_ENH_EXP_ICMP_ENV_HIGH_LATENCY_SESS_W0004,DS1_NATIVE_IPSEC_ENHANCED,1,EXP_ICMP_ENV_HIGH,GRP_EXP_ICMP_ENV_HIGH_LATENCY_SESS,LATENCY_SESS,4,ICMP,ENV_HIGH,2.965581,27.9878,30269.2776,0.036166,0.051819,1081.52,158.29,90.0,1126.0,1066.0,1126.0,1126.0,1126.0,0.002,EXP_ICMP_ENV_HIGH_LATENCY_SESS_0214.pcap
NAT_ENH_EXP_ICMP_ENV_HIGH_LATENCY_SESS_W0005,DS1_NATIVE_IPSEC_ENHANCED,1,EXP_ICMP_ENV_HIGH,GRP_EXP_ICMP_ENV_HIGH_LATENCY_SESS,LATENCY_SESS,5,ICMP,ENV_HIGH,2.85333,27.6869,30258.6813,0.036581,0.052913,1092.89,119.18,70.0,1126.0,1066.0,1126.0,1126.0,1126.0,0.0008,EXP_ICMP_ENV_HIGH_LATENCY_SESS_0214.pcap
NAT_ENH_EXP_ICMP_ENV_HIGH_LATENCY_SESS_W0006,DS1_NATIVE_IPSEC_ENHANCED,1,EXP_ICMP_ENV_HIGH,GRP_EXP_ICMP_ENV_HIGH_LATENCY_SESS,LATENCY_SESS,6,ICMP,ENV_HIGH,2.852223,28.0483,30294.9647,0.036104,0.052702,1080.1,164.14,70.0,1126.0,1066.0,1126.0,1126.0,1126.0,0.0016,EXP_ICMP_ENV_HIGH_LATENCY_SESS_0214.pcap
NAT_ENH_EXP_ICMP_ENV_HIGH_LATENCY_SESS_W0007,DS1_NATIVE_IPSEC_ENHANCED,1,EXP_ICMP_ENV_HIGH,GRP_EXP_ICMP_ENV_HIGH_LATENCY_SESS,LATENCY_SESS,7,ICMP,ENV_HIGH,2.856269,28.7088,30281.4603,0.035263,0.051415,1054.78,227.88,42.0,1126.0,1066.0,1126.0,1126.0,1126.0,0.0026,EXP_ICMP_ENV_HIGH_LATENCY_SESS_0214.pcap
NAT_ENH_EXP_ICMP_ENV_HIGH_LATENCY_SESS_W0008,DS1_NATIVE_IPSEC_ENHANCED,1,EXP_ICMP_ENV_HIGH,GRP_EXP_ICMP_ENV_HIGH_LATENCY_SESS,LATENCY_SESS,8,ICMP,ENV_HIGH,2.858296,28.6884,30259.9879,0.035288,0.05146,1054.78,227.88,42.0,1126.0,1066.0,1126.0,1126.0,1126.0,0.0026,EXP_ICMP_ENV_HIGH_LATENCY_SESS_0214.pcap
NAT_ENH_EXP_ICMP_ENV_HIGH_LATENCY_SESS_W0009,DS1_NATIVE_IPSEC_ENHANCED,1,EXP_ICMP_ENV_HIGH,GRP_EXP_ICMP_ENV_HIGH_LATENCY_SESS,LATENCY_SESS,9,ICMP,ENV_HIGH,2.978744,28.5355,30150.2912,0.035461,0.051659,1056.59,224.08,42.0,1126.0,1066.0,1126.0,1126.0,1126.0,0.0025,EXP_ICMP_ENV_HIGH_LATENCY_SESS_0214.pcap
NAT_ENH_EXP_ICMP_ENV_HIGH_LATENCY_SESS_W0010,DS1_NATIVE_IPSEC_ENHANCED,1,EXP_ICMP_ENV_HIGH,GRP_EXP_ICMP_ENV_HIGH_LATENCY_SESS,LATENCY_SESS,10,ICMP,ENV_HIGH,2.866523,28.6061,30173.1398,0.035389,0.051583,1054.78,227.88,42.0,1126.0,1066.0,1126.0,1126.0,1126.0,0.0026,EXP_ICMP_ENV_HIGH_LATENCY_SESS_0214.pcap
NAT_ENH_EXP_ICMP_ENV_HIGH_LATENCY_SESS_W0011,DS1_NATIVE_IPSEC_ENHANCED,1,EXP_ICMP_ENV_HIGH,GRP_EXP_ICMP_ENV_HIGH_LATENCY_SESS,LATENCY_SESS,11,ICMP,ENV_HIGH,2.848213,28.4389,30342.5345,0.035603,0.051788,1066.94,201.12,42.0,1126.0,1066.0,1126.0,1126.0,1126.0,0.0018,EXP_ICMP_ENV_HIGH_LATENCY_SESS_0214.pcap
NAT_ENH_EXP_ICMP_ENV_HIGH_LATENCY_SESS_W0000,DS1_NATIVE_IPSEC_ENHANCED,1,EXP_ICMP_ENV_HIGH,GRP_EXP_ICMP_ENV_HIGH_LATENCY_SESS,LATENCY_SESS,0,ICMP,ENV_HIGH,2.977433,14.7778,12543.6913,0.069243,0.097953,848.82,446.22,42.0,1126.0,822.0,1096.0,1126.0,1126.0,0.0233,EXP_ICMP_ENV_HIGH_LATENCY_SESS_0215.pcap
NAT_ENH_EXP_ICMP_ENV_HIGH_LATENCY_SESS_W0001,DS1_NATIVE_IPSEC_ENHANCED,1,EXP_ICMP_ENV_HIGH,GRP_EXP_ICMP_ENV_HIGH_LATENCY_SESS,LATENCY_SESS,1,ICMP,ENV_HIGH,2.857718,16.4467,15298.2205,0.062124,0.092196,930.17,389.16,42.0,1126.0,1066.0,1126.0,1126.0,1126.0,0.0135,EXP_ICMP_ENV_HIGH_LATENCY_SESS_0215.pcap
NAT_ENH_EXP_ICMP_ENV_HIGH_LATENCY_SESS_W0002,DS1_NATIVE_IPSEC_ENHANCED,1,EXP_ICMP_ENV_HIGH,GRP_EXP_ICMP_ENV_HIGH_LATENCY_SESS,LATENCY_SESS,2,ICMP,ENV_HIGH,2.81132,16.3624,16644.1383,0.062474,0.09155,1017.22,288.97,70.0,1126.0,1066.0,1126.0,1126.0,1126.0,0.0073,EXP_ICMP_ENV_HIGH_LATENCY_SESS_0215.pcap
NAT_ENH_EXP_ICMP_ENV_HIGH_LATENCY_SESS_W0003,DS1_NATIVE_IPSEC_ENHANCED,1,EXP_ICMP_ENV_HIGH,GRP_EXP_ICMP_ENV_HIGH_LATENCY_SESS,LATENCY_SESS,3,ICMP,ENV_HIGH,2.788168,15.4223,16692.6816,0.066385,0.09673,1082.37,155.66,90.0,1126.0,1066.0,1126.0,1126.0,1126.0,0.0019,EXP_ICMP_ENV_HIGH_LATENCY_SESS_0215.pcap
NAT_ENH_EXP_ICMP_ENV_HIGH_LATENCY_SESS_W0004,DS1_NATIVE_IPSEC_ENHANCED,1,EXP_ICMP_ENV_HIGH,GRP_EXP_ICMP_ENV_HIGH_LATENCY_SESS,LATENCY_SESS,4,ICMP,ENV_HIGH,2.80322,15.3395,16595.9145,0.066743,0.096962,1081.91,158.62,70.0,1126.0,1066.0,1126.0,1126.0,1126.0,0.0015,EXP_ICMP_ENV_HIGH_LATENCY_SESS_0215.pcap
NAT_ENH_EXP_ICMP_ENV_HIGH_LATENCY_SESS_W0005,DS1_NATIVE_IPSEC_ENHANCED,1,EXP_ICMP_ENV_HIGH,GRP_EXP_ICMP_ENV_HIGH_LATENCY_SESS,LATENCY_SESS,5,ICMP,ENV_HIGH,2.797614,15.7277,16654.1912,0.065061,0.09376,1058.91,217.56,70.0,1126.0,1066.0,1126.0,1126.0,1126.0,0.003,EXP_ICMP_ENV_HIGH_LATENCY_SESS_0215.pcap
NAT_ENH_EXP_ICMP_ENV_HIGH_LATENCY_SESS_W0006,DS1_NATIVE_IPSEC_ENHANCED,1,EXP_ICMP_ENV_HIGH,GRP_EXP_ICMP_ENV_HIGH_LATENCY_SESS,LATENCY_SESS,6,ICMP,ENV_HIGH,2.756229,15.9638,16904.2562,0.064098,0.092286,1058.91,217.56,70.0,1126.0,1066.0,1126.0,1126.0,1126.0,0.003,EXP_ICMP_ENV_HIGH_LATENCY_SESS_0215.pcap
NAT_ENH_EXP_ICMP_ENV_HIGH_LATENCY_SESS_W0007,DS1_NATIVE_IPSEC_ENHANCED,1,EXP_ICMP_ENV_HIGH,GRP_EXP_ICMP_ENV_HIGH_LATENCY_SESS,LATENCY_SESS,7,ICMP,ENV_HIGH,2.737065,16.8063,17053.303,0.060824,0.087264,1014.7,297.12,42.0,1126.0,1066.0,1126.0,1126.0,1126.0,0.0048,EXP_ICMP_ENV_HIGH_LATENCY_SESS_0215.pcap
NAT_ENH_EXP_ICMP_ENV_HIGH_LATENCY_SESS_W0000,DS1_NATIVE_IPSEC_ENHANCED,1,EXP_ICMP_ENV_HIGH,GRP_EXP_ICMP_ENV_HIGH_LATENCY_SESS,LATENCY_SESS,0,ICMP,ENV_HIGH,2.894111,22.8049,20959.8048,0.044525,0.074696,919.09,397.39,42.0,1126.0,1066.0,1126.0,1126.0,1126.0,0.0157,EXP_ICMP_ENV_HIGH_LATENCY_SESS_0216.pcap
NAT_ENH_EXP_ICMP_ENV_HIGH_LATENCY_SESS_W0001,DS1_NATIVE_IPSEC_ENHANCED,1,EXP_ICMP_ENV_HIGH,GRP_EXP_ICMP_ENV_HIGH_LATENCY_SESS,LATENCY_SESS,1,ICMP,ENV_HIGH,2.837183,26.7871,25997.6181,0.037829,0.056867,970.53,349.1,42.0,1126.0,1066.0,1126.0,1126.0,1126.0,0.0105,EXP_ICMP_ENV_HIGH_LATENCY_SESS_0216.pcap
NAT_ENH_EXP_ICMP_ENV_HIGH_LATENCY_SESS_W0002,DS1_NATIVE_IPSEC_ENHANCED,1,EXP_ICMP_ENV_HIGH,GRP_EXP_ICMP_ENV_HIGH_LATENCY_SESS,LATENCY_SESS,2,ICMP,ENV_HIGH,2.971008,27.2635,28088.1118,0.037138,0.053449,1030.25,269.22,70.0,1126.0,1066.0,1126.0,1126.0,1126.0,0.006,EXP_ICMP_ENV_HIGH_LATENCY_SESS_0216.pcap
NAT_ENH_EXP_ICMP_ENV_HIGH_LATENCY_SESS_W0003,DS1_NATIVE_IPSEC_ENHANCED,1,EXP_ICMP_ENV_HIGH,GRP_EXP_ICMP_ENV_HIGH_LATENCY_SESS,LATENCY_SESS,3,ICMP,ENV_HIGH,2.927024,26.3066,28400.8615,0.038513,0.055235,1079.61,164.0,90.0,1126.0,1066.0,1126.0,1126.0,1126.0,0.0022,EXP_ICMP_ENV_HIGH_LATENCY_SESS_0216.pcap
NAT_ENH_EXP_ICMP_ENV_HIGH_LATENCY_SESS_W0004,DS1_NATIVE_IPSEC_ENHANCED,1,EXP_ICMP_ENV_HIGH,GRP_EXP_ICMP_ENV_HIGH_LATENCY_SESS,LATENCY_SESS,4,ICMP,ENV_HIGH,2.934292,25.9006,28293.0253,0.039124,0.056124,1092.37,121.35,70.0,1126.0,1066.0,1126.0,1126.0,1126.0,0.0008,EXP_ICMP_ENV_HIGH_LATENCY_SESS_0216.pcap
NAT_ENH_EXP_ICMP_ENV_HIGH_LATENCY_SESS_W0005,DS1_NATIVE_IPSEC_ENHANCED,1,EXP_ICMP_ENV_HIGH,GRP_EXP_ICMP_ENV_HIGH_LATENCY_SESS,LATENCY_SESS,5,ICMP,ENV_HIGH,2.955337,26.0546,28115.2365,0.038886,0.055525,1079.09,167.13,70.0,1126.0,1066.0,1126.0,1126.0,1126.0,0.0017,EXP_ICMP_ENV_HIGH_LATENCY_SESS_0216.pcap
NAT_ENH_EXP_ICMP_ENV_HIGH_LATENCY_SESS_W0006,DS1_NATIVE_IPSEC_ENHANCED,1,EXP_ICMP_ENV_HIGH,GRP_EXP_ICMP_ENV_HIGH_LATENCY_SESS,LATENCY_SESS,6,ICMP,ENV_HIGH,2.975123,26.5535,27956.4896,0.038143,0.054159,1052.84,231.87,42.0,1126.0,1066.0,1126.0,1126.0,1126.0,0.0027,EXP_ICMP_ENV_HIGH_LATENCY_SESS_0216.pcap
NAT_ENH_EXP_ICMP_ENV_HIGH_LATENCY_SESS_W0007,DS1_NATIVE_IPSEC_ENHANCED,1,EXP_ICMP_ENV_HIGH,GRP_EXP_ICMP_ENV_HIGH_LATENCY_SESS,LATENCY_SESS,7,ICMP,ENV_HIGH,2.917471,27.0782,28508.9364,0.037403,0.053494,1052.84,231.87,42.0,1126.0,1066.0,1126.0,1126.0,1126.0,0.0027,EXP_ICMP_ENV_HIGH_LATENCY_SESS_0216.pcap
NAT_ENH_EXP_ICMP_ENV_HIGH_LATENCY_SESS_W0000,DS1_NATIVE_IPSEC_ENHANCED,1,EXP_ICMP_ENV_HIGH,GRP_EXP_ICMP_ENV_HIGH_LATENCY_SESS,LATENCY_SESS,0,ICMP,ENV_HIGH,2.969414,30.9825,30455.8408,0.032631,0.068596,983.0,334.89,42.0,1126.0,1066.0,1126.0,1126.0,1126.0,0.0095,EXP_ICMP_ENV_HIGH_LATENCY_SESS_0217.pcap
NAT_ENH_EXP_ICMP_ENV_HIGH_LATENCY_SESS_W0001,DS1_NATIVE_IPSEC_ENHANCED,1,EXP_ICMP_ENV_HIGH,GRP_EXP_ICMP_ENV_HIGH_LATENCY_SESS,LATENCY_SESS,1,ICMP,ENV_HIGH,2.905843,37.5106,37943.55,0.026906,0.038338,1011.54,298.48,42.0,1126.0,1066.0,1126.0,1126.0,1126.0,0.007,EXP_ICMP_ENV_HIGH_LATENCY_SESS_0217.pcap
NAT_ENH_EXP_ICMP_ENV_HIGH_LATENCY_SESS_W0002,DS1_NATIVE_IPSEC_ENHANCED,1,EXP_ICMP_ENV_HIGH,GRP_EXP_ICMP_ENV_HIGH_LATENCY_SESS,LATENCY_SESS,2,ICMP,ENV_HIGH,2.995329,37.3916,39991.6015,0.026985,0.038865,1069.54,191.51,70.0,1126.0,1066.0,1126.0,1126.0,1126.0,0.0028,EXP_ICMP_ENV_HIGH_LATENCY_SESS_0217.pcap
NAT_ENH_EXP_ICMP_ENV_HIGH_LATENCY_SESS_W0003,DS1_NATIVE_IPSEC_ENHANCED,1,EXP_ICMP_ENV_HIGH,GRP_EXP_ICMP_ENV_HIGH_LATENCY_SESS,LATENCY_SESS,3,ICMP,ENV_HIGH,2.90923,36.4358,39948.7118,0.027707,0.039837,1096.42,102.17,90.0,1126.0,1066.0,1126.0,1126.0,1126.0,0.0008,EXP_ICMP_ENV_HIGH_LATENCY_SESS_0217.pcap
NAT_ENH_EXP_ICMP_ENV_HIGH_LATENCY_SESS_W0004,DS1_NATIVE_IPSEC_ENHANCED,1,EXP_ICMP_ENV_HIGH,GRP_EXP_ICMP_ENV_HIGH_LATENCY_SESS,LATENCY_SESS,4,ICMP,ENV_HIGH,2.917847,36.3282,39823.885,0.027789,0.040155,1096.23,104.03,70.0,1126.0,1066.0,1126.0,1126.0,1126.0,0.0006,EXP_ICMP_ENV_HIGH_LATENCY_SESS_0217.pcap
NAT_ENH_EXP_ICMP_ENV_HIGH_LATENCY_SESS_W0005,DS1_NATIVE_IPSEC_ENHANCED,1,EXP_ICMP_ENV_HIGH,GRP_EXP_ICMP_ENV_HIGH_LATENCY_SESS,LATENCY_SESS,5,ICMP,ENV_HIGH,2.920101,36.6426,39817.1169,0.027548,0.03962,1086.64,143.08,70.0,1126.0,1066.0,1126.0,1126.0,1126.0,0.0012,EXP_ICMP_ENV_HIGH_LATENCY_SESS_0217.pcap
NAT_ENH_EXP_ICMP_ENV_HIGH_LATENCY_SESS_W0006,DS1_NATIVE_IPSEC_ENHANCED,1,EXP_ICMP_ENV_HIGH,GRP_EXP_ICMP_ENV_HIGH_LATENCY_SESS,LATENCY_SESS,6,ICMP,ENV_HIGH,2.932753,36.1435,38542.6242,0.027931,0.041212,1066.38,202.02,42.0,1126.0,1066.0,1126.0,1126.0,1126.0,0.002,EXP_ICMP_ENV_HIGH_LATENCY_SESS_0217.pcap
NAT_ENH_EXP_ICMP_ENV_HIGH_LATENCY_SESS_W0007,DS1_NATIVE_IPSEC_ENHANCED,1,EXP_ICMP_ENV_HIGH,GRP_EXP_ICMP_ENV_HIGH_LATENCY_SESS,LATENCY_SESS,7,ICMP,ENV_HIGH,2.845307,36.2,38561.0428,0.027895,0.041212,1065.22,204.77,42.0,1126.0,1066.0,1126.0,1126.0,1126.0,0.002,EXP_ICMP_ENV_HIGH_LATENCY_SESS_0217.pcap
NAT_ENH_EXP_ICMP_ENV_HIGH_LATENCY_SESS_W0000,DS1_NATIVE_IPSEC_ENHANCED,1,EXP_ICMP_ENV_HIGH,GRP_EXP_ICMP_ENV_HIGH_LATENCY_SESS,LATENCY_SESS,0,ICMP,ENV_HIGH,2.929618,12.2883,9380.0629,0.083703,0.11591,763.33,485.26,42.0,1126.0,90.0,1066.0,1126.0,1126.0,0.0353,EXP_ICMP_ENV_HIGH_LATENCY_SESS_0218.pcap
NAT_ENH_EXP_ICMP_ENV_HIGH_LATENCY_SESS_W0001,DS1_NATIVE_IPSEC_ENHANCED,1,EXP_ICMP_ENV_HIGH,GRP_EXP_ICMP_ENV_HIGH_LATENCY_SESS,LATENCY_SESS,1,ICMP,ENV_HIGH,2.757709,14.1422,12274.6815,0.072571,0.107543,867.95,435.42,42.0,1126.0,1066.0,1126.0,1126.0,1126.0,0.0202,EXP_ICMP_ENV_HIGH_LATENCY_SESS_0218.pcap
NAT_ENH_EXP_ICMP_ENV_HIGH_LATENCY_SESS_W0002,DS1_NATIVE_IPSEC_ENHANCED,1,EXP_ICMP_ENV_HIGH,GRP_EXP_ICMP_ENV_HIGH_LATENCY_SESS,LATENCY_SESS,2,ICMP,ENV_HIGH,2.704075,15.1623,13713.3765,0.067602,0.10293,904.44,410.25,42.0,1126.0,1066.0,1126.0,1126.0,1126.0,0.016,EXP_ICMP_ENV_HIGH_LATENCY_SESS_0218.pcap
NAT_ENH_EXP_ICMP_ENV_HIGH_LATENCY_SESS_W0003,DS1_NATIVE_IPSEC_ENHANCED,1,EXP_ICMP_ENV_HIGH,GRP_EXP_ICMP_ENV_HIGH_LATENCY_SESS,LATENCY_SESS,3,ICMP,ENV_HIGH,2.711865,13.6437,13584.0098,0.07533,0.11004,995.62,318.17,70.0,1126.0,1066.0,1126.0,1126.0,1126.0,0.0093,EXP_ICMP_ENV_HIGH_LATENCY_SESS_0218.pcap
NAT_ENH_EXP_ICMP_ENV_HIGH_LATENCY_SESS_W0004,DS1_NATIVE_IPSEC_ENHANCED,1,EXP_ICMP_ENV_HIGH,GRP_EXP_ICMP_ENV_HIGH_LATENCY_SESS,LATENCY_SESS,4,ICMP,ENV_HIGH,2.724507,12.4793,13429.2193,0.082561,0.122303,1076.12,173.91,90.0,1126.0,1066.0,1126.0,1126.0,1126.0,0.0025,EXP_ICMP_ENV_HIGH_LATENCY_SESS_0218.pcap
NAT_ENH_EXP_ICMP_ENV_HIGH_LATENCY_SESS_W0005,DS1_NATIVE_IPSEC_ENHANCED,1,EXP_ICMP_ENV_HIGH,GRP_EXP_ICMP_ENV_HIGH_LATENCY_SESS,LATENCY_SESS,5,ICMP,ENV_HIGH,2.767869,12.6451,13244.1239,0.081408,0.121919,1047.37,239.74,70.0,1126.0,1066.0,1126.0,1126.0,1126.0,0.0044,EXP_ICMP_ENV_HIGH_LATENCY_SESS_0218.pcap
NAT_ENH_EXP_ICMP_ENV_HIGH_LATENCY_SESS_W0006,DS1_NATIVE_IPSEC_ENHANCED,1,EXP_ICMP_ENV_HIGH,GRP_EXP_ICMP_ENV_HIGH_LATENCY_SESS,LATENCY_SESS,6,ICMP,ENV_HIGH,2.713467,12.5301,13476.4866,0.082226,0.123589,1075.53,177.24,70.0,1126.0,1066.0,1126.0,1126.0,1126.0,0.0019,EXP_ICMP_ENV_HIGH_LATENCY_SESS_0218.pcap
NAT_ENH_EXP_ICMP_ENV_HIGH_LATENCY_SESS_W0007,DS1_NATIVE_IPSEC_ENHANCED,1,EXP_ICMP_ENV_HIGH,GRP_EXP_ICMP_ENV_HIGH_LATENCY_SESS,LATENCY_SESS,7,ICMP,ENV_HIGH,2.690374,13.7527,13649.4027,0.074733,0.116067,992.49,327.17,42.0,1126.0,1066.0,1126.0,1126.0,1126.0,0.0061,EXP_ICMP_ENV_HIGH_LATENCY_SESS_0218.pcap
NAT_ENH_EXP_ICMP_ENV_HIGH_LATENCY_SESS_W0008,DS1_NATIVE_IPSEC_ENHANCED,1,EXP_ICMP_ENV_HIGH,GRP_EXP_ICMP_ENV_HIGH_LATENCY_SESS,LATENCY_SESS,8,ICMP,ENV_HIGH,2.955827,13.5326,13546.1243,0.07579,0.116851,1001.0,316.17,42.0,1126.0,1066.0,1126.0,1126.0,1126.0,0.0056,EXP_ICMP_ENV_HIGH_LATENCY_SESS_0218.pcap
NAT_ENH_EXP_ICMP_ENV_HIGH_LATENCY_SESS_W0009,DS1_NATIVE_IPSEC_ENHANCED,1,EXP_ICMP_ENV_HIGH,GRP_EXP_ICMP_ENV_HIGH_LATENCY_SESS,LATENCY_SESS,9,ICMP,ENV_HIGH,2.687612,13.7669,13663.4303,0.074656,0.115964,992.49,327.17,42.0,1126.0,1066.0,1126.0,1126.0,1126.0,0.0061,EXP_ICMP_ENV_HIGH_LATENCY_SESS_0218.pcap
NAT_ENH_EXP_ICMP_ENV_HIGH_LATENCY_SESS_W0010,DS1_NATIVE_IPSEC_ENHANCED,1,EXP_ICMP_ENV_HIGH,GRP_EXP_ICMP_ENV_HIGH_LATENCY_SESS,LATENCY_SESS,10,ICMP,ENV_HIGH,2.691433,13.7473,13644.033,0.074762,0.116073,992.49,327.17,42.0,1126.0,1066.0,1126.0,1126.0,1126.0,0.0061,EXP_ICMP_ENV_HIGH_LATENCY_SESS_0218.pcap
NAT_ENH_EXP_ICMP_ENV_HIGH_LATENCY_SESS_W0011,DS1_NATIVE_IPSEC_ENHANCED,1,EXP_ICMP_ENV_HIGH,GRP_EXP_ICMP_ENV_HIGH_LATENCY_SESS,LATENCY_SESS,11,ICMP,ENV_HIGH,2.671549,13.4753,13719.3811,0.07633,0.117194,1018.11,292.77,42.0,1126.0,1066.0,1126.0,1126.0,1126.0,0.0042,EXP_ICMP_ENV_HIGH_LATENCY_SESS_0218.pcap
NAT_ENH_EXP_ICMP_ENV_HIGH_LATENCY_SESS_W0000,DS1_NATIVE_IPSEC_ENHANCED,1,EXP_ICMP_ENV_HIGH,GRP_EXP_ICMP_ENV_HIGH_LATENCY_SESS,LATENCY_SESS,0,ICMP,ENV_HIGH,1.820033,4.3955,371.4219,0.260005,0.248506,84.5,8.47,70.0,90.0,82.0,90.0,90.0,90.0,1.0,EXP_ICMP_ENV_HIGH_LATENCY_SESS_0219.pcap
NAT_ENH_EXP_ICMP_ENV_HIGH_LATENCY_SESS_W0001,DS1_NATIVE_IPSEC_ENHANCED,1,EXP_ICMP_ENV_HIGH,GRP_EXP_ICMP_ENV_HIGH_LATENCY_SESS,LATENCY_SESS,1,ICMP,ENV_HIGH,1.264179,4.7462,395.5136,0.252836,0.293685,83.33,9.43,70.0,90.0,75.0,90.0,90.0,90.0,1.0,EXP_ICMP_ENV_HIGH_LATENCY_SESS_0219.pcap
NAT_ENH_EXP_ICMP_ENV_HIGH_LATENCY_SESS_W0002,DS1_NATIVE_IPSEC_ENHANCED,1,EXP_ICMP_ENV_HIGH,GRP_EXP_ICMP_ENV_HIGH_LATENCY_SESS,LATENCY_SESS,2,ICMP,ENV_HIGH,2.674281,5.609,3880.6694,0.19102,0.449559,691.87,507.86,42.0,1126.0,90.0,1066.0,1126.0,1126.0,0.0426,EXP_ICMP_ENV_HIGH_LATENCY_SESS_0219.pcap
NAT_ENH_EXP_ICMP_ENV_HIGH_LATENCY_SESS_W0003,DS1_NATIVE_IPSEC_ENHANCED,1,EXP_ICMP_ENV_HIGH,GRP_EXP_ICMP_ENV_HIGH_LATENCY_SESS,LATENCY_SESS,3,ICMP,ENV_HIGH,2.558241,7.0361,6552.9398,0.150485,0.409571,931.33,391.53,42.0,1126.0,1066.0,1126.0,1126.0,1126.0,0.0105,EXP_ICMP_ENV_HIGH_LATENCY_SESS_0219.pcap
NAT_ENH_EXP_ICMP_ENV_HIGH_LATENCY_SESS_W0004,DS1_NATIVE_IPSEC_ENHANCED,1,EXP_ICMP_ENV_HIGH,GRP_EXP_ICMP_ENV_HIGH_LATENCY_SESS,LATENCY_SESS,4,ICMP,ENV_HIGH,1.408301,19.172,18957.5935,0.054165,0.085373,988.81,332.55,42.0,1126.0,1066.0,1126.0,1126.0,1126.0,0.0058,EXP_ICMP_ENV_HIGH_LATENCY_SESS_0219.pcap
NAT_ENH_EXP_ICMP_ENV_HIGH_LATENCY_SESS_W0005,DS1_NATIVE_IPSEC_ENHANCED,1,EXP_ICMP_ENV_HIGH,GRP_EXP_ICMP_ENV_HIGH_LATENCY_SESS,LATENCY_SESS,5,ICMP,ENV_HIGH,1.829516,18.5842,18258.3816,0.05544,0.086062,982.47,339.37,42.0,1126.0,1066.0,1126.0,1126.0,1126.0,0.0068,EXP_ICMP_ENV_HIGH_LATENCY_SESS_0219.pcap
NAT_ENH_EXP_ICMP_ENV_HIGH_LATENCY_SESS_W0006,DS1_NATIVE_IPSEC_ENHANCED,1,EXP_ICMP_ENV_HIGH,GRP_EXP_ICMP_ENV_HIGH_LATENCY_SESS,LATENCY_SESS,6,ICMP,ENV_HIGH,2.40569,17.8743,18023.1039,0.057278,0.087176,1008.33,306.21,42.0,1126.0,1066.0,1126.0,1126.0,1126.0,0.0052,EXP_ICMP_ENV_HIGH_LATENCY_SESS_0219.pcap
NAT_ENH_EXP_ICMP_ENV_HIGH_LATENCY_SESS_W0007,DS1_NATIVE_IPSEC_ENHANCED,1,EXP_ICMP_ENV_HIGH,GRP_EXP_ICMP_ENV_HIGH_LATENCY_SESS,LATENCY_SESS,7,ICMP,ENV_HIGH,2.809102,17.4433,17797.1462,0.058523,0.088262,1020.29,288.8,42.0,1126.0,1066.0,1126.0,1126.0,1126.0,0.0045,EXP_ICMP_ENV_HIGH_LATENCY_SESS_0219.pcap
NAT_ENH_EXP_ICMP_ENV_HIGH_LATENCY_SESS_W0008,DS1_NATIVE_IPSEC_ENHANCED,1,EXP_ICMP_ENV_HIGH,GRP_EXP_ICMP_ENV_HIGH_LATENCY_SESS,LATENCY_SESS,8,ICMP,ENV_HIGH,2.808027,16.7377,17774.0454,0.061044,0.090968,1061.91,210.94,70.0,1126.0,1066.0,1126.0,1126.0,1126.0,0.0028,EXP_ICMP_ENV_HIGH_LATENCY_SESS_0219.pcap
NAT_ENH_EXP_ICMP_ENV_HIGH_LATENCY_SESS_W0009,DS1_NATIVE_IPSEC_ENHANCED,1,EXP_ICMP_ENV_HIGH,GRP_EXP_ICMP_ENV_HIGH_LATENCY_SESS,LATENCY_SESS,9,ICMP,ENV_HIGH,2.829302,16.6119,17640.3928,0.061507,0.091686,1061.91,210.94,70.0,1126.0,1066.0,1126.0,1126.0,1126.0,0.0028,EXP_ICMP_ENV_HIGH_LATENCY_SESS_0219.pcap
NAT_ENH_EXP_ICMP_ENV_HIGH_LATENCY_SESS_W0010,DS1_NATIVE_IPSEC_ENHANCED,1,EXP_ICMP_ENV_HIGH,GRP_EXP_ICMP_ENV_HIGH_LATENCY_SESS,LATENCY_SESS,10,ICMP,ENV_HIGH,2.636087,16.3121,17648.1281,0.062764,0.092751,1081.91,158.62,70.0,1126.0,1066.0,1126.0,1126.0,1126.0,0.0015,EXP_ICMP_ENV_HIGH_LATENCY_SESS_0219.pcap
NAT_ENH_EXP_ICMP_ENV_HIGH_LATENCY_SESS_W0011,DS1_NATIVE_IPSEC_ENHANCED,1,EXP_ICMP_ENV_HIGH,GRP_EXP_ICMP_ENV_HIGH_LATENCY_SESS,LATENCY_SESS,11,ICMP,ENV_HIGH,2.861581,15.7256,17392.4829,0.065036,0.095185,1106.0,28.28,1066.0,1126.0,1066.0,1126.0,1126.0,1126.0,0.5137,EXP_ICMP_ENV_HIGH_LATENCY_SESS_0219.pcap
NAT_ENH_EXP_ICMP_ENV_HIGH_LATENCY_SESS_W0012,DS1_NATIVE_IPSEC_ENHANCED,1,EXP_ICMP_ENV_HIGH,GRP_EXP_ICMP_ENV_HIGH_LATENCY_SESS,LATENCY_SESS,12,ICMP,ENV_HIGH,2.671961,16.4673,17416.423,0.062139,0.09147,1057.64,223.35,42.0,1126.0,1066.0,1126.0,1126.0,1126.0,0.0018,EXP_ICMP_ENV_HIGH_LATENCY_SESS_0219.pcap
NAT_ENH_EXP_ICMP_ENV_HIGH_LATENCY_SESS_W0000,DS1_NATIVE_IPSEC_ENHANCED,1,EXP_ICMP_ENV_HIGH,GRP_EXP_ICMP_ENV_HIGH_LATENCY_SESS,LATENCY_SESS,0,ICMP,ENV_HIGH,2.973487,18.1605,15936.8438,0.056104,0.085164,877.56,428.19,42.0,1126.0,1066.0,1126.0,1126.0,1126.0,0.0201,EXP_ICMP_ENV_HIGH_LATENCY_SESS_0220.pcap
NAT_ENH_EXP_ICMP_ENV_HIGH_LATENCY_SESS_W0001,DS1_NATIVE_IPSEC_ENHANCED,1,EXP_ICMP_ENV_HIGH,GRP_EXP_ICMP_ENV_HIGH_LATENCY_SESS,LATENCY_SESS,1,ICMP,ENV_HIGH,2.794183,21.8311,20460.3634,0.04657,0.068697,937.21,382.13,42.0,1126.0,1066.0,1126.0,1126.0,1126.0,0.0135,EXP_ICMP_ENV_HIGH_LATENCY_SESS_0220.pcap
NAT_ENH_EXP_ICMP_ENV_HIGH_LATENCY_SESS_W0002,DS1_NATIVE_IPSEC_ENHANCED,1,EXP_ICMP_ENV_HIGH,GRP_EXP_ICMP_ENV_HIGH_LATENCY_SESS,LATENCY_SESS,2,ICMP,ENV_HIGH,2.883794,24.6203,24364.4325,0.041197,0.061045,989.61,327.78,42.0,1126.0,1066.0,1126.0,1126.0,1126.0,0.0084,EXP_ICMP_ENV_HIGH_LATENCY_SESS_0220.pcap
NAT_ENH_EXP_ICMP_ENV_HIGH_LATENCY_SESS_W0003,DS1_NATIVE_IPSEC_ENHANCED,1,EXP_ICMP_ENV_HIGH,GRP_EXP_ICMP_ENV_HIGH_LATENCY_SESS,LATENCY_SESS,3,ICMP,ENV_HIGH,2.927833,23.9085,26095.75,0.042432,0.061482,1091.49,123.79,90.0,1126.0,1066.0,1126.0,1126.0,1126.0,0.0012,EXP_ICMP_ENV_HIGH_LATENCY_SESS_0220.pcap
NAT_ENH_EXP_ICMP_ENV_HIGH_LATENCY_SESS_W0000,DS1_NATIVE_IPSEC_ENHANCED,1,EXP_ICMP_ENV_HIGH,GRP_EXP_ICMP_ENV_HIGH_LATENCY_SESS,LATENCY_SESS,0,ICMP,ENV_HIGH,2.904338,14.4611,11746.5662,0.070838,0.119851,812.29,465.11,42.0,1126.0,90.0,1066.0,1126.0,1126.0,0.0282,EXP_ICMP_ENV_HIGH_LATENCY_SESS_0221.pcap
NAT_ENH_EXP_ICMP_ENV_HIGH_LATENCY_SESS_W0001,DS1_NATIVE_IPSEC_ENHANCED,1,EXP_ICMP_ENV_HIGH,GRP_EXP_ICMP_ENV_HIGH_LATENCY_SESS,LATENCY_SESS,1,ICMP,ENV_HIGH,2.276076,19.3315,17749.8479,0.052932,0.082177,918.18,399.33,42.0,1126.0,1066.0,1126.0,1126.0,1126.0,0.0147,EXP_ICMP_ENV_HIGH_LATENCY_SESS_0221.pcap
NAT_ENH_EXP_ICMP_ENV_HIGH_LATENCY_SESS_W0002,DS1_NATIVE_IPSEC_ENHANCED,1,EXP_ICMP_ENV_HIGH,GRP_EXP_ICMP_ENV_HIGH_LATENCY_SESS,LATENCY_SESS,2,ICMP,ENV_HIGH,2.882015,18.3899,17471.8036,0.055423,0.084746,950.08,370.8,42.0,1126.0,1066.0,1126.0,1126.0,1126.0,0.0117,EXP_ICMP_ENV_HIGH_LATENCY_SESS_0221.pcap
NAT_ENH_EXP_ICMP_ENV_HIGH_LATENCY_SESS_W0003,DS1_NATIVE_IPSEC_ENHANCED,1,EXP_ICMP_ENV_HIGH,GRP_EXP_ICMP_ENV_HIGH_LATENCY_SESS,LATENCY_SESS,3,ICMP,ENV_HIGH,2.987603,16.4011,17799.554,0.062242,0.091298,1085.27,146.36,90.0,1126.0,1066.0,1126.0,1126.0,1126.0,0.0017,EXP_ICMP_ENV_HIGH_LATENCY_SESS_0221.pcap
NAT_ENH_EXP_ICMP_ENV_HIGH_LATENCY_SESS_W0004,DS1_NATIVE_IPSEC_ENHANCED,1,EXP_ICMP_ENV_HIGH,GRP_EXP_ICMP_ENV_HIGH_LATENCY_SESS,LATENCY_SESS,4,ICMP,ENV_HIGH,2.799125,16.4337,17805.5645,0.062203,0.090097,1083.48,153.65,70.0,1126.0,1066.0,1126.0,1126.0,1126.0,0.0014,EXP_ICMP_ENV_HIGH_LATENCY_SESS_0221.pcap
NAT_ENH_EXP_ICMP_ENV_HIGH_LATENCY_SESS_W0005,DS1_NATIVE_IPSEC_ENHANCED,1,EXP_ICMP_ENV_HIGH,GRP_EXP_ICMP_ENV_HIGH_LATENCY_SESS,LATENCY_SESS,5,ICMP,ENV_HIGH,2.794011,16.4638,17838.1553,0.062089,0.089919,1083.48,153.65,70.0,1126.0,1066.0,1126.0,1126.0,1126.0,0.0014,EXP_ICMP_ENV_HIGH_LATENCY_SESS_0221.pcap
NAT_ENH_EXP_ICMP_ENV_HIGH_LATENCY_SESS_W0006,DS1_NATIVE_IPSEC_ENHANCED,1,EXP_ICMP_ENV_HIGH,GRP_EXP_ICMP_ENV_HIGH_LATENCY_SESS,LATENCY_SESS,6,ICMP,ENV_HIGH,2.796139,16.8089,17849.6133,0.060786,0.088569,1061.91,210.94,70.0,1126.0,1066.0,1126.0,1126.0,1126.0,0.0028,EXP_ICMP_ENV_HIGH_LATENCY_SESS_0221.pcap
NAT_ENH_EXP_ICMP_ENV_HIGH_LATENCY_SESS_W0007,DS1_NATIVE_IPSEC_ENHANCED,1,EXP_ICMP_ENV_HIGH,GRP_EXP_ICMP_ENV_HIGH_LATENCY_SESS,LATENCY_SESS,7,ICMP,ENV_HIGH,2.83037,17.3122,17663.4153,0.058966,0.086773,1020.29,288.8,42.0,1126.0,1066.0,1126.0,1126.0,1126.0,0.0045,EXP_ICMP_ENV_HIGH_LATENCY_SESS_0221.pcap
NAT_ENH_EXP_ICMP_ENV_HIGH_LATENCY_SESS_W0000,DS1_NATIVE_IPSEC_ENHANCED,1,EXP_ICMP_ENV_HIGH,GRP_EXP_ICMP_ENV_HIGH_LATENCY_SESS,LATENCY_SESS,0,ICMP,ENV_HIGH,2.94754,14.2492,11574.3975,0.071891,0.12513,812.29,465.11,42.0,1126.0,90.0,1066.0,1126.0,1126.0,0.0282,EXP_ICMP_ENV_HIGH_LATENCY_SESS_0222.pcap
NAT_ENH_EXP_ICMP_ENV_HIGH_LATENCY_SESS_W0001,DS1_NATIVE_IPSEC_ENHANCED,1,EXP_ICMP_ENV_HIGH,GRP_EXP_ICMP_ENV_HIGH_LATENCY_SESS,LATENCY_SESS,1,ICMP,ENV_HIGH,2.906772,17.5452,16212.4851,0.058135,0.111358,924.04,394.0,42.0,1126.0,1066.0,1126.0,1126.0,1126.0,0.0145,EXP_ICMP_ENV_HIGH_LATENCY_SESS_0222.pcap
NAT_ENH_EXP_ICMP_ENV_HIGH_LATENCY_SESS_W0002,DS1_NATIVE_IPSEC_ENHANCED,1,EXP_ICMP_ENV_HIGH,GRP_EXP_ICMP_ENV_HIGH_LATENCY_SESS,LATENCY_SESS,2,ICMP,ENV_HIGH,2.791998,22.2063,21600.3027,0.04577,0.077355,972.71,347.37,42.0,1126.0,1066.0,1126.0,1126.0,1126.0,0.0098,EXP_ICMP_ENV_HIGH_LATENCY_SESS_0222.pcap
NAT_ENH_EXP_ICMP_ENV_HIGH_LATENCY_SESS_W0003,DS1_NATIVE_IPSEC_ENHANCED,1,EXP_ICMP_ENV_HIGH,GRP_EXP_ICMP_ENV_HIGH_LATENCY_SESS,LATENCY_SESS,3,ICMP,ENV_HIGH,2.52736,27.3012,28951.159,0.037167,0.05451,1060.43,215.55,42.0,1126.0,1066.0,1126.0,1126.0,1126.0,0.0024,EXP_ICMP_ENV_HIGH_LATENCY_SESS_0222.pcap
NAT_ENH_EXP_ICMP_ENV_HIGH_LATENCY_SESS_W0004,DS1_NATIVE_IPSEC_ENHANCED,1,EXP_ICMP_ENV_HIGH,GRP_EXP_ICMP_ENV_HIGH_LATENCY_SESS,LATENCY_SESS,4,ICMP,ENV_HIGH,2.878434,26.4032,28842.0723,0.038379,0.05518,1092.37,121.35,70.0,1126.0,1066.0,1126.0,1126.0,1126.0,0.0008,EXP_ICMP_ENV_HIGH_LATENCY_SESS_0222.pcap
NAT_ENH_EXP_ICMP_ENV_HIGH_LATENCY_SESS_W0005,DS1_NATIVE_IPSEC_ENHANCED,1,EXP_ICMP_ENV_HIGH,GRP_EXP_ICMP_ENV_HIGH_LATENCY_SESS,LATENCY_SESS,5,ICMP,ENV_HIGH,2.879401,26.7417,28856.6966,0.037887,0.054377,1079.09,167.13,70.0,1126.0,1066.0,1126.0,1126.0,1126.0,0.0017,EXP_ICMP_ENV_HIGH_LATENCY_SESS_0222.pcap
NAT_ENH_EXP_ICMP_ENV_HIGH_LATENCY_SESS_W0006,DS1_NATIVE_IPSEC_ENHANCED,1,EXP_ICMP_ENV_HIGH,GRP_EXP_ICMP_ENV_HIGH_LATENCY_SESS,LATENCY_SESS,6,ICMP,ENV_HIGH,2.888694,26.6556,28763.8631,0.038009,0.05456,1079.09,167.13,70.0,1126.0,1066.0,1126.0,1126.0,1126.0,0.0017,EXP_ICMP_ENV_HIGH_LATENCY_SESS_0222.pcap
NAT_ENH_EXP_ICMP_ENV_HIGH_LATENCY_SESS_W0007,DS1_NATIVE_IPSEC_ENHANCED,1,EXP_ICMP_ENV_HIGH,GRP_EXP_ICMP_ENV_HIGH_LATENCY_SESS,LATENCY_SESS,7,ICMP,ENV_HIGH,2.899734,26.5542,28654.3522,0.038154,0.054814,1079.09,167.13,70.0,1126.0,1066.0,1126.0,1126.0,1126.0,0.0017,EXP_ICMP_ENV_HIGH_LATENCY_SESS_0222.pcap
NAT_ENH_EXP_ICMP_ENV_HIGH_LATENCY_SESS_W0008,DS1_NATIVE_IPSEC_ENHANCED,1,EXP_ICMP_ENV_HIGH,GRP_EXP_ICMP_ENV_HIGH_LATENCY_SESS,LATENCY_SESS,8,ICMP,ENV_HIGH,2.935526,26.2304,28304.9794,0.038625,0.05554,1079.09,167.13,70.0,1126.0,1066.0,1126.0,1126.0,1126.0,0.0017,EXP_ICMP_ENV_HIGH_LATENCY_SESS_0222.pcap
NAT_ENH_EXP_ICMP_ENV_HIGH_LATENCY_SESS_W0009,DS1_NATIVE_IPSEC_ENHANCED,1,EXP_ICMP_ENV_HIGH,GRP_EXP_ICMP_ENV_HIGH_LATENCY_SESS,LATENCY_SESS,9,ICMP,ENV_HIGH,2.965808,26.6369,28044.2954,0.038023,0.054543,1052.84,231.87,42.0,1126.0,1066.0,1126.0,1126.0,1126.0,0.0027,EXP_ICMP_ENV_HIGH_LATENCY_SESS_0222.pcap
NAT_ENH_EXP_ICMP_ENV_HIGH_LATENCY_SESS_W0000,DS1_NATIVE_IPSEC_ENHANCED,1,EXP_ICMP_ENV_HIGH,GRP_EXP_ICMP_ENV_HIGH_LATENCY_SESS,LATENCY_SESS,0,ICMP,ENV_HIGH,2.960759,9.7948,7009.6892,0.105741,0.213535,715.66,499.95,42.0,1126.0,90.0,1066.0,1126.0,1126.0,0.0425,EXP_ICMP_ENV_HIGH_LATENCY_SESS_0223.pcap
NAT_ENH_EXP_ICMP_ENV_HIGH_LATENCY_SESS_W0001,DS1_NATIVE_IPSEC_ENHANCED,1,EXP_ICMP_ENV_HIGH,GRP_EXP_ICMP_ENV_HIGH_LATENCY_SESS,LATENCY_SESS,1,ICMP,ENV_HIGH,2.396604,15.8558,14088.2679,0.064773,0.161381,888.53,421.98,42.0,1126.0,1066.0,1126.0,1126.0,1126.0,0.0176,EXP_ICMP_ENV_HIGH_LATENCY_SESS_0223.pcap
NAT_ENH_EXP_ICMP_ENV_HIGH_LATENCY_SESS_W0002,DS1_NATIVE_IPSEC_ENHANCED,1,EXP_ICMP_ENV_HIGH,GRP_EXP_ICMP_ENV_HIGH_LATENCY_SESS,LATENCY_SESS,2,ICMP,ENV_HIGH,2.971029,17.8389,16948.3365,0.057135,0.139712,950.08,370.8,42.0,1126.0,1066.0,1126.0,1126.0,1126.0,0.0117,EXP_ICMP_ENV_HIGH_LATENCY_SESS_0223.pcap
NAT_ENH_EXP_ICMP_ENV_HIGH_LATENCY_SESS_W0003,DS1_NATIVE_IPSEC_ENHANCED,1,EXP_ICMP_ENV_HIGH,GRP_EXP_ICMP_ENV_HIGH_LATENCY_SESS,LATENCY_SESS,3,ICMP,ENV_HIGH,2.058356,28.6637,30668.1636,0.035489,0.051959,1069.93,194.55,42.0,1126.0,1066.0,1126.0,1126.0,1126.0,0.0013,EXP_ICMP_ENV_HIGH_LATENCY_SESS_0223.pcap
NAT_ENH_EXP_ICMP_ENV_HIGH_LATENCY_SESS_W0004,DS1_NATIVE_IPSEC_ENHANCED,1,EXP_ICMP_ENV_HIGH,GRP_EXP_ICMP_ENV_HIGH_LATENCY_SESS,LATENCY_SESS,4,ICMP,ENV_HIGH,2.565199,28.068,29809.7742,0.03613,0.051814,1062.06,212.58,42.0,1126.0,1066.0,1126.0,1126.0,1126.0,0.002,EXP_ICMP_ENV_HIGH_LATENCY_SESS_0223.pcap
NAT_ENH_EXP_ICMP_ENV_HIGH_LATENCY_SESS_W0005,DS1_NATIVE_IPSEC_ENHANCED,1,EXP_ICMP_ENV_HIGH,GRP_EXP_ICMP_ENV_HIGH_LATENCY_SESS,LATENCY_SESS,5,ICMP,ENV_HIGH,2.855583,28.0153,30259.3181,0.036147,0.051594,1080.1,164.14,70.0,1126.0,1066.0,1126.0,1126.0,1126.0,0.0016,EXP_ICMP_ENV_HIGH_LATENCY_SESS_0223.pcap
NAT_ENH_EXP_ICMP_ENV_HIGH_LATENCY_SESS_W0006,DS1_NATIVE_IPSEC_ENHANCED,1,EXP_ICMP_ENV_HIGH,GRP_EXP_ICMP_ENV_HIGH_LATENCY_SESS,LATENCY_SESS,6,ICMP,ENV_HIGH,2.885766,27.7223,29942.8294,0.036529,0.052184,1080.1,164.14,70.0,1126.0,1066.0,1126.0,1126.0,1126.0,0.0016,EXP_ICMP_ENV_HIGH_LATENCY_SESS_0223.pcap
NAT_ENH_EXP_ICMP_ENV_HIGH_LATENCY_SESS_W0007,DS1_NATIVE_IPSEC_ENHANCED,1,EXP_ICMP_ENV_HIGH,GRP_EXP_ICMP_ENV_HIGH_LATENCY_SESS,LATENCY_SESS,7,ICMP,ENV_HIGH,2.910438,27.4873,29689.0015,0.036841,0.052649,1080.1,164.14,70.0,1126.0,1066.0,1126.0,1126.0,1126.0,0.0016,EXP_ICMP_ENV_HIGH_LATENCY_SESS_0223.pcap
NAT_ENH_EXP_ICMP_ENV_HIGH_LATENCY_SESS_W0008,DS1_NATIVE_IPSEC_ENHANCED,1,EXP_ICMP_ENV_HIGH,GRP_EXP_ICMP_ENV_HIGH_LATENCY_SESS,LATENCY_SESS,8,ICMP,ENV_HIGH,2.809416,27.4078,29575.5436,0.036966,0.052864,1079.09,167.13,70.0,1126.0,1066.0,1126.0,1126.0,1126.0,0.0017,EXP_ICMP_ENV_HIGH_LATENCY_SESS_0223.pcap
NAT_ENH_EXP_ICMP_ENV_HIGH_LATENCY_SESS_W0009,DS1_NATIVE_IPSEC_ENHANCED,1,EXP_ICMP_ENV_HIGH,GRP_EXP_ICMP_ENV_HIGH_LATENCY_SESS,LATENCY_SESS,9,ICMP,ENV_HIGH,2.938586,27.5643,29418.911,0.036732,0.052503,1067.28,199.37,42.0,1126.0,1066.0,1126.0,1126.0,1126.0,0.0021,EXP_ICMP_ENV_HIGH_LATENCY_SESS_0223.pcap
NAT_ENH_EXP_ICMP_ENV_HIGH_LATENCY_SESS_W0010,DS1_NATIVE_IPSEC_ENHANCED,1,EXP_ICMP_ENV_HIGH,GRP_EXP_ICMP_ENV_HIGH_LATENCY_SESS,LATENCY_SESS,10,ICMP,ENV_HIGH,2.940064,27.5504,29394.5987,0.036751,0.052768,1066.94,201.12,42.0,1126.0,1066.0,1126.0,1126.0,1126.0,0.0018,EXP_ICMP_ENV_HIGH_LATENCY_SESS_0223.pcap
NAT_ENH_EXP_ICMP_ENV_HIGH_LATENCY_SESS_W0011,DS1_NATIVE_IPSEC_ENHANCED,1,EXP_ICMP_ENV_HIGH,GRP_EXP_ICMP_ENV_HIGH_LATENCY_SESS,LATENCY_SESS,11,ICMP,ENV_HIGH,2.812716,27.3757,29520.9327,0.037009,0.053308,1078.36,171.52,42.0,1126.0,1066.0,1126.0,1126.0,1126.0,0.001,EXP_ICMP_ENV_HIGH_LATENCY_SESS_0223.pcap
NAT_ENH_EXP_ICMP_ENV_HIGH_LATENCY_SESS_W0012,DS1_NATIVE_IPSEC_ENHANCED,1,EXP_ICMP_ENV_HIGH,GRP_EXP_ICMP_ENV_HIGH_LATENCY_SESS,LATENCY_SESS,12,ICMP,ENV_HIGH,2.908784,27.5029,29686.6328,0.03682,0.052993,1079.4,168.45,42.0,1126.0,1066.0,1126.0,1126.0,1126.0,0.001,EXP_ICMP_ENV_HIGH_LATENCY_SESS_0223.pcap
NAT_ENH_EXP_ICMP_ENV_HIGH_LATENCY_SESS_W0013,DS1_NATIVE_IPSEC_ENHANCED,1,EXP_ICMP_ENV_HIGH,GRP_EXP_ICMP_ENV_HIGH_LATENCY_SESS,LATENCY_SESS,13,ICMP,ENV_HIGH,2.880527,27.7727,29977.8476,0.036462,0.052459,1079.4,168.45,42.0,1126.0,1066.0,1126.0,1126.0,1126.0,0.001,EXP_ICMP_ENV_HIGH_LATENCY_SESS_0223.pcap
NAT_ENH_EXP_ICMP_ENV_HIGH_LATENCY_SESS_W0000,DS1_NATIVE_IPSEC_ENHANCED,1,EXP_ICMP_ENV_HIGH,GRP_EXP_ICMP_ENV_HIGH_LATENCY_SESS,LATENCY_SESS,0,ICMP,ENV_HIGH,2.866835,9.0692,6081.9687,0.114673,0.198465,670.62,509.01,42.0,1126.0,90.0,1066.0,1126.0,1126.0,0.051,EXP_ICMP_ENV_HIGH_LATENCY_SESS_0224.pcap
NAT_ENH_EXP_ICMP_ENV_HIGH_LATENCY_SESS_W0001,DS1_NATIVE_IPSEC_ENHANCED,1,EXP_ICMP_ENV_HIGH,GRP_EXP_ICMP_ENV_HIGH_LATENCY_SESS,LATENCY_SESS,1,ICMP,ENV_HIGH,2.04031,14.2135,11669.7945,0.072868,0.102822,821.03,462.44,42.0,1126.0,90.0,1066.0,1126.0,1126.0,0.0251,EXP_ICMP_ENV_HIGH_LATENCY_SESS_0224.pcap
NAT_ENH_EXP_ICMP_ENV_HIGH_LATENCY_SESS_W0002,DS1_NATIVE_IPSEC_ENHANCED,1,EXP_ICMP_ENV_HIGH,GRP_EXP_ICMP_ENV_HIGH_LATENCY_SESS,LATENCY_SESS,2,ICMP,ENV_HIGH,2.578178,13.5755,11809.1151,0.075829,0.107595,869.89,434.58,42.0,1126.0,1066.0,1126.0,1126.0,1126.0,0.0196,EXP_ICMP_ENV_HIGH_LATENCY_SESS_0224.pcap
NAT_ENH_EXP_ICMP_ENV_HIGH_LATENCY_SESS_W0003,DS1_NATIVE_IPSEC_ENHANCED,1,EXP_ICMP_ENV_HIGH,GRP_EXP_ICMP_ENV_HIGH_LATENCY_SESS,LATENCY_SESS,3,ICMP,ENV_HIGH,2.84704,12.996,12912.3573,0.079084,0.113727,993.57,324.14,42.0,1126.0,1066.0,1126.0,1126.0,1126.0,0.0072,EXP_ICMP_ENV_HIGH_LATENCY_SESS_0224.pcap
NAT_ENH_EXP_ICMP_ENV_HIGH_LATENCY_SESS_W0004,DS1_NATIVE_IPSEC_ENHANCED,1,EXP_ICMP_ENV_HIGH,GRP_EXP_ICMP_ENV_HIGH_LATENCY_SESS,LATENCY_SESS,4,ICMP,ENV_HIGH,2.682894,12.6729,13637.5124,0.0813,0.119,1076.12,173.91,90.0,1126.0,1066.0,1126.0,1126.0,1126.0,0.0025,EXP_ICMP_ENV_HIGH_LATENCY_SESS_0224.pcap
NAT_ENH_EXP_ICMP_ENV_HIGH_LATENCY_SESS_W0005,DS1_NATIVE_IPSEC_ENHANCED,1,EXP_ICMP_ENV_HIGH,GRP_EXP_ICMP_ENV_HIGH_LATENCY_SESS,LATENCY_SESS,5,ICMP,ENV_HIGH,2.679163,12.6905,13649.039,0.081187,0.118792,1075.53,177.24,70.0,1126.0,1066.0,1126.0,1126.0,1126.0,0.0019,EXP_ICMP_ENV_HIGH_LATENCY_SESS_0224.pcap
NAT_ENH_EXP_ICMP_ENV_HIGH_LATENCY_SESS_W0006,DS1_NATIVE_IPSEC_ENHANCED,1,EXP_ICMP_ENV_HIGH,GRP_EXP_ICMP_ENV_HIGH_LATENCY_SESS,LATENCY_SESS,6,ICMP,ENV_HIGH,2.740024,12.7736,13371.4165,0.080589,0.116447,1046.8,242.03,70.0,1126.0,1066.0,1126.0,1126.0,1126.0,0.0038,EXP_ICMP_ENV_HIGH_LATENCY_SESS_0224.pcap
NAT_ENH_EXP_ICMP_ENV_HIGH_LATENCY_SESS_W0007,DS1_NATIVE_IPSEC_ENHANCED,1,EXP_ICMP_ENV_HIGH,GRP_EXP_ICMP_ENV_HIGH_LATENCY_SESS,LATENCY_SESS,7,ICMP,ENV_HIGH,2.677487,13.072,13683.7259,0.07875,0.114057,1046.8,242.03,70.0,1126.0,1066.0,1126.0,1126.0,1126.0,0.0038,EXP_ICMP_ENV_HIGH_LATENCY_SESS_0224.pcap
NAT_ENH_EXP_ICMP_ENV_HIGH_LATENCY_SESS_W0008,DS1_NATIVE_IPSEC_ENHANCED,1,EXP_ICMP_ENV_HIGH,GRP_EXP_ICMP_ENV_HIGH_LATENCY_SESS,LATENCY_SESS,8,ICMP,ENV_HIGH,2.731734,13.5445,13442.7435,0.075882,0.111234,992.49,327.17,42.0,1126.0,1066.0,1126.0,1126.0,1126.0,0.0061,EXP_ICMP_ENV_HIGH_LATENCY_SESS_0224.pcap
NAT_ENH_EXP_ICMP_ENV_HIGH_LATENCY_SESS_W0009,DS1_NATIVE_IPSEC_ENHANCED,1,EXP_ICMP_ENV_HIGH,GRP_EXP_ICMP_ENV_HIGH_LATENCY_SESS,LATENCY_SESS,9,ICMP,ENV_HIGH,2.662037,13.8991,13794.6999,0.073945,0.108442,992.49,327.17,42.0,1126.0,1066.0,1126.0,1126.0,1126.0,0.0061,EXP_ICMP_ENV_HIGH_LATENCY_SESS_0224.pcap
NAT_ENH_EXP_ICMP_ENV_HIGH_LATENCY_SESS_W0010,DS1_NATIVE_IPSEC_ENHANCED,1,EXP_ICMP_ENV_HIGH,GRP_EXP_ICMP_ENV_HIGH_LATENCY_SESS,LATENCY_SESS,10,ICMP,ENV_HIGH,2.926839,13.6666,13680.2884,0.075047,0.109858,1001.0,316.17,42.0,1126.0,1066.0,1126.0,1126.0,1126.0,0.0056,EXP_ICMP_ENV_HIGH_LATENCY_SESS_0224.pcap
NAT_ENH_EXP_ICMP_ENV_HIGH_LATENCY_SESS_W0011,DS1_NATIVE_IPSEC_ENHANCED,1,EXP_ICMP_ENV_HIGH,GRP_EXP_ICMP_ENV_HIGH_LATENCY_SESS,LATENCY_SESS,11,ICMP,ENV_HIGH,2.92696,13.3244,13655.8067,0.077025,0.114543,1024.87,282.37,42.0,1126.0,1066.0,1126.0,1126.0,1126.0,0.0039,EXP_ICMP_ENV_HIGH_LATENCY_SESS_0224.pcap
NAT_ENH_EXP_ICMP_ENV_HIGH_LATENCY_SESS_W0000,DS1_NATIVE_IPSEC_ENHANCED,1,EXP_ICMP_ENV_HIGH,GRP_EXP_ICMP_ENV_HIGH_LATENCY_SESS,LATENCY_SESS,0,ICMP,ENV_HIGH,2.932167,11.2545,9282.5543,0.09163,0.175901,824.79,459.96,42.0,1126.0,90.0,1066.0,1126.0,1126.0,0.0254,EXP_ICMP_ENV_HIGH_LATENCY_SESS_0225.pcap
NAT_ENH_EXP_ICMP_ENV_HIGH_LATENCY_SESS_W0001,DS1_NATIVE_IPSEC_ENHANCED,1,EXP_ICMP_ENV_HIGH,GRP_EXP_ICMP_ENV_HIGH_LATENCY_SESS,LATENCY_SESS,1,ICMP,ENV_HIGH,2.075125,16.3846,16116.6196,0.062883,0.102054,983.65,336.23,42.0,1126.0,1066.0,1126.0,1126.0,1126.0,0.008,EXP_ICMP_ENV_HIGH_LATENCY_SESS_0225.pcap
NAT_ENH_EXP_ICMP_ENV_HIGH_LATENCY_SESS_W0002,DS1_NATIVE_IPSEC_ENHANCED,1,EXP_ICMP_ENV_HIGH,GRP_EXP_ICMP_ENV_HIGH_LATENCY_SESS,LATENCY_SESS,2,ICMP,ENV_HIGH,2.677848,16.0577,16206.2978,0.063758,0.100525,1009.26,303.37,42.0,1126.0,1066.0,1126.0,1126.0,1126.0,0.0061,EXP_ICMP_ENV_HIGH_LATENCY_SESS_0225.pcap
NAT_ENH_EXP_ICMP_ENV_HIGH_LATENCY_SESS_W0003,DS1_NATIVE_IPSEC_ENHANCED,1,EXP_ICMP_ENV_HIGH,GRP_EXP_ICMP_ENV_HIGH_LATENCY_SESS,LATENCY_SESS,3,ICMP,ENV_HIGH,2.838627,15.1482,16388.9086,0.067586,0.103944,1081.91,158.62,70.0,1126.0,1066.0,1126.0,1126.0,1126.0,0.0015,EXP_ICMP_ENV_HIGH_LATENCY_SESS_0225.pcap
NAT_ENH_EXP_ICMP_ENV_HIGH_LATENCY_SESS_W0004,DS1_NATIVE_IPSEC_ENHANCED,1,EXP_ICMP_ENV_HIGH,GRP_EXP_ICMP_ENV_HIGH_LATENCY_SESS,LATENCY_SESS,4,ICMP,ENV_HIGH,2.808978,15.6641,16586.8151,0.065325,0.100807,1058.91,217.56,70.0,1126.0,1066.0,1126.0,1126.0,1126.0,0.003,EXP_ICMP_ENV_HIGH_LATENCY_SESS_0225.pcap
NAT_ENH_EXP_ICMP_ENV_HIGH_LATENCY_SESS_W0005,DS1_NATIVE_IPSEC_ENHANCED,1,EXP_ICMP_ENV_HIGH,GRP_EXP_ICMP_ENV_HIGH_LATENCY_SESS,LATENCY_SESS,5,ICMP,ENV_HIGH,2.799996,16.7857,17825.0261,0.060869,0.088818,1061.91,210.94,70.0,1126.0,1066.0,1126.0,1126.0,1126.0,0.0028,EXP_ICMP_ENV_HIGH_LATENCY_SESS_0225.pcap
NAT_ENH_EXP_ICMP_ENV_HIGH_LATENCY_SESS_W0006,DS1_NATIVE_IPSEC_ENHANCED,1,EXP_ICMP_ENV_HIGH,GRP_EXP_ICMP_ENV_HIGH_LATENCY_SESS,LATENCY_SESS,6,ICMP,ENV_HIGH,2.797534,16.8005,17840.7126,0.060816,0.088717,1061.91,210.94,70.0,1126.0,1066.0,1126.0,1126.0,1126.0,0.0028,EXP_ICMP_ENV_HIGH_LATENCY_SESS_0225.pcap
NAT_ENH_EXP_ICMP_ENV_HIGH_LATENCY_SESS_W0007,DS1_NATIVE_IPSEC_ENHANCED,1,EXP_ICMP_ENV_HIGH,GRP_EXP_ICMP_ENV_HIGH_LATENCY_SESS,LATENCY_SESS,7,ICMP,ENV_HIGH,2.883972,16.9905,17335.1202,0.060083,0.087025,1020.29,288.8,42.0,1126.0,1066.0,1126.0,1126.0,1126.0,0.0045,EXP_ICMP_ENV_HIGH_LATENCY_SESS_0225.pcap
NAT_ENH_EXP_ICMP_ENV_HIGH_LATENCY_SESS_W0008,DS1_NATIVE_IPSEC_ENHANCED,1,EXP_ICMP_ENV_HIGH,GRP_EXP_ICMP_ENV_HIGH_LATENCY_SESS,LATENCY_SESS,8,ICMP,ENV_HIGH,2.821449,17.367,17719.2638,0.05878,0.085671,1020.29,288.8,42.0,1126.0,1066.0,1126.0,1126.0,1126.0,0.0045,EXP_ICMP_ENV_HIGH_LATENCY_SESS_0225.pcap
NAT_ENH_EXP_ICMP_ENV_LOSSY_SESS_0226_W0000,DS1_NATIVE_IPSEC_ENHANCED,1,EXP_ICMP_ENV_LOSSY,GRP_EXP_ICMP_ENV_LOSSY_SESS_0226,SESS_0226,0,ICMP,ENV_LOSSY,2.920386,8.9029,5970.4435,0.116815,0.175009,670.62,509.01,42.0,1126.0,90.0,1066.0,1126.0,1126.0,0.051,EXP_ICMP_ENV_LOSSY_SESS_0226.pcap
NAT_ENH_EXP_ICMP_ENV_LOSSY_SESS_0226_W0001,DS1_NATIVE_IPSEC_ENHANCED,1,EXP_ICMP_ENV_LOSSY,GRP_EXP_ICMP_ENV_LOSSY_SESS_0226,SESS_0226,1,ICMP,ENV_LOSSY,2.65771,11.2879,8991.1989,0.091645,0.158098,796.53,473.42,42.0,1126.0,90.0,1066.0,1126.0,1126.0,0.0288,EXP_ICMP_ENV_LOSSY_SESS_0226.pcap
NAT_ENH_EXP_ICMP_ENV_LOSSY_SESS_0226_W0002,DS1_NATIVE_IPSEC_ENHANCED,1,EXP_ICMP_ENV_LOSSY,GRP_EXP_ICMP_ENV_LOSSY_SESS_0226,SESS_0226,2,ICMP,ENV_LOSSY,2.576286,14.7499,13105.6886,0.069629,0.109059,888.53,421.98,42.0,1126.0,1066.0,1126.0,1126.0,1126.0,0.0176,EXP_ICMP_ENV_LOSSY_SESS_0226.pcap
NAT_ENH_EXP_ICMP_ENV_LOSSY_SESS_0226_W0003,DS1_NATIVE_IPSEC_ENHANCED,1,EXP_ICMP_ENV_LOSSY,GRP_EXP_ICMP_ENV_LOSSY_SESS_0226,SESS_0226,3,ICMP,ENV_LOSSY,2.637666,15.9232,15255.9119,0.064333,0.100662,958.1,363.33,42.0,1126.0,1066.0,1126.0,1126.0,1126.0,0.0106,EXP_ICMP_ENV_LOSSY_SESS_0226.pcap
NAT_ENH_EXP_ICMP_ENV_LOSSY_SESS_0226_W0004,DS1_NATIVE_IPSEC_ENHANCED,1,EXP_ICMP_ENV_LOSSY,GRP_EXP_ICMP_ENV_LOSSY_SESS_0226,SESS_0226,4,ICMP,ENV_LOSSY,2.809164,17.4429,17810.9926,0.058524,0.087175,1021.1,286.13,42.0,1126.0,1066.0,1126.0,1126.0,1126.0,0.0053,EXP_ICMP_ENV_LOSSY_SESS_0226.pcap
NAT_ENH_EXP_ICMP_ENV_LOSSY_SESS_0226_W0005,DS1_NATIVE_IPSEC_ENHANCED,1,EXP_ICMP_ENV_LOSSY,GRP_EXP_ICMP_ENV_LOSSY_SESS_0226,SESS_0226,5,ICMP,ENV_LOSSY,2.810028,16.3699,17743.5965,0.062445,0.091576,1083.91,150.78,90.0,1126.0,1066.0,1126.0,1126.0,1126.0,0.0018,EXP_ICMP_ENV_LOSSY_SESS_0226.pcap
NAT_ENH_EXP_ICMP_ENV_LOSSY_SESS_0226_W0006,DS1_NATIVE_IPSEC_ENHANCED,1,EXP_ICMP_ENV_LOSSY,GRP_EXP_ICMP_ENV_LOSSY_SESS_0226,SESS_0226,6,ICMP,ENV_LOSSY,2.80619,16.3923,17760.736,0.06236,0.090547,1083.48,153.65,70.0,1126.0,1066.0,1126.0,1126.0,1126.0,0.0014,EXP_ICMP_ENV_LOSSY_SESS_0226.pcap
NAT_ENH_EXP_ICMP_ENV_LOSSY_SESS_0226_W0007,DS1_NATIVE_IPSEC_ENHANCED,1,EXP_ICMP_ENV_LOSSY,GRP_EXP_ICMP_ENV_LOSSY_SESS_0226,SESS_0226,7,ICMP,ENV_LOSSY,2.817169,16.6834,17716.3658,0.061243,0.09011,1061.91,210.94,70.0,1126.0,1066.0,1126.0,1126.0,1126.0,0.0028,EXP_ICMP_ENV_LOSSY_SESS_0226.pcap
NAT_ENH_EXP_ICMP_ENV_LOSSY_SESS_0226_W0008,DS1_NATIVE_IPSEC_ENHANCED,1,EXP_ICMP_ENV_LOSSY,GRP_EXP_ICMP_ENV_LOSSY_SESS_0226,SESS_0226,8,ICMP,ENV_LOSSY,2.855749,16.458,17477.0254,0.062082,0.091448,1061.91,210.94,70.0,1126.0,1066.0,1126.0,1126.0,1126.0,0.0028,EXP_ICMP_ENV_LOSSY_SESS_0226.pcap
NAT_ENH_EXP_ICMP_ENV_LOSSY_SESS_0226_W0009,DS1_NATIVE_IPSEC_ENHANCED,1,EXP_ICMP_ENV_LOSSY,GRP_EXP_ICMP_ENV_LOSSY_SESS_0226,SESS_0226,9,ICMP,ENV_LOSSY,2.880981,17.0081,17353.1171,0.06002,0.08911,1020.29,288.8,42.0,1126.0,1066.0,1126.0,1126.0,1126.0,0.0045,EXP_ICMP_ENV_LOSSY_SESS_0226.pcap
NAT_ENH_EXP_ICMP_ENV_LOSSY_SESS_0227_W0000,DS1_NATIVE_IPSEC_ENHANCED,1,EXP_ICMP_ENV_LOSSY,GRP_EXP_ICMP_ENV_LOSSY_SESS_0227,SESS_0227,0,ICMP,ENV_LOSSY,2.98662,27.7906,26946.1804,0.036422,0.092257,969.61,349.98,42.0,1126.0,1066.0,1126.0,1126.0,1126.0,0.0106,EXP_ICMP_ENV_LOSSY_SESS_0227.pcap
NAT_ENH_EXP_ICMP_ENV_LOSSY_SESS_0227_W0001,DS1_NATIVE_IPSEC_ENHANCED,1,EXP_ICMP_ENV_LOSSY,GRP_EXP_ICMP_ENV_LOSSY_SESS_0227,SESS_0227,1,ICMP,ENV_LOSSY,2.28009,45.6122,46822.7161,0.022137,0.041322,1026.54,276.65,42.0,1126.0,1066.0,1126.0,1126.0,1126.0,0.0055,EXP_ICMP_ENV_LOSSY_SESS_0227.pcap
NAT_ENH_EXP_ICMP_ENV_LOSSY_SESS_0227_W0002,DS1_NATIVE_IPSEC_ENHANCED,1,EXP_ICMP_ENV_LOSSY,GRP_EXP_ICMP_ENV_LOSSY_SESS_0227,SESS_0227,2,ICMP,ENV_LOSSY,2.793783,46.8898,48902.1526,0.021491,0.038787,1042.92,248.92,42.0,1126.0,1066.0,1126.0,1126.0,1126.0,0.0043,EXP_ICMP_ENV_LOSSY_SESS_0227.pcap
NAT_ENH_EXP_ICMP_ENV_LOSSY_SESS_0227_W0003,DS1_NATIVE_IPSEC_ENHANCED,1,EXP_ICMP_ENV_LOSSY,GRP_EXP_ICMP_ENV_LOSSY_SESS_0227,SESS_0227,3,ICMP,ENV_LOSSY,2.985972,51.9094,55671.6553,0.019389,0.028648,1072.48,185.75,42.0,1126.0,1066.0,1126.0,1126.0,1126.0,0.002,EXP_ICMP_ENV_LOSSY_SESS_0227.pcap
NAT_ENH_EXP_ICMP_ENV_LOSSY_SESS_0227_W0004,DS1_NATIVE_IPSEC_ENHANCED,1,EXP_ICMP_ENV_LOSSY,GRP_EXP_ICMP_ENV_LOSSY_SESS_0227,SESS_0227,4,ICMP,ENV_LOSSY,2.940235,53.7372,58735.4432,0.018728,0.026553,1093.01,118.1,70.0,1126.0,1066.0,1126.0,1126.0,1126.0,0.0009,EXP_ICMP_ENV_LOSSY_SESS_0227.pcap
NAT_ENH_EXP_ICMP_ENV_LOSSY_SESS_0228_W0000,DS1_NATIVE_IPSEC_ENHANCED,1,EXP_ICMP_ENV_LOSSY,GRP_EXP_ICMP_ENV_LOSSY_SESS_0228,SESS_0228,0,ICMP,ENV_LOSSY,2.96901,21.2192,19313.5078,0.047887,0.116625,910.19,404.55,42.0,1126.0,1066.0,1126.0,1126.0,1126.0,0.0166,EXP_ICMP_ENV_LOSSY_SESS_0228.pcap
NAT_ENH_EXP_ICMP_ENV_LOSSY_SESS_0228_W0001,DS1_NATIVE_IPSEC_ENHANCED,1,EXP_ICMP_ENV_LOSSY,GRP_EXP_ICMP_ENV_LOSSY_SESS_0228,SESS_0228,1,ICMP,ENV_LOSSY,2.344144,36.6872,37050.6232,0.027578,0.058151,1009.91,301.32,42.0,1126.0,1066.0,1126.0,1126.0,1126.0,0.0068,EXP_ICMP_ENV_LOSSY_SESS_0228.pcap
NAT_ENH_EXP_ICMP_ENV_LOSSY_SESS_0228_W0002,DS1_NATIVE_IPSEC_ENHANCED,1,EXP_ICMP_ENV_LOSSY,GRP_EXP_ICMP_ENV_LOSSY_SESS_0228,SESS_0228,2,ICMP,ENV_LOSSY,2.806436,39.1956,40405.6952,0.025747,0.053023,1030.87,269.69,42.0,1126.0,1066.0,1126.0,1126.0,1126.0,0.0052,EXP_ICMP_ENV_LOSSY_SESS_0228.pcap
NAT_ENH_EXP_ICMP_ENV_LOSSY_SESS_0228_W0003,DS1_NATIVE_IPSEC_ENHANCED,1,EXP_ICMP_ENV_LOSSY,GRP_EXP_ICMP_ENV_LOSSY_SESS_0228,SESS_0228,3,ICMP,ENV_LOSSY,2.665962,49.5131,53582.1547,0.020351,0.033309,1082.18,158.71,42.0,1126.0,1066.0,1126.0,1126.0,1126.0,0.0012,EXP_ICMP_ENV_LOSSY_SESS_0228.pcap
NAT_ENH_EXP_ICMP_ENV_LOSSY_SESS_0228_W0004,DS1_NATIVE_IPSEC_ENHANCED,1,EXP_ICMP_ENV_LOSSY,GRP_EXP_ICMP_ENV_LOSSY_SESS_0228,SESS_0228,4,ICMP,ENV_LOSSY,2.930829,53.9097,58898.0105,0.018668,0.026651,1092.53,122.22,42.0,1126.0,1066.0,1126.0,1126.0,1126.0,0.0005,EXP_ICMP_ENV_LOSSY_SESS_0228.pcap
NAT_ENH_EXP_ICMP_ENV_LOSSY_SESS_0228_W0005,DS1_NATIVE_IPSEC_ENHANCED,1,EXP_ICMP_ENV_LOSSY,GRP_EXP_ICMP_ENV_LOSSY_SESS_0228,SESS_0228,5,ICMP,ENV_LOSSY,2.985176,53.9332,58955.9909,0.018657,0.026651,1093.13,118.14,70.0,1126.0,1066.0,1126.0,1126.0,1126.0,0.0008,EXP_ICMP_ENV_LOSSY_SESS_0228.pcap
NAT_ENH_EXP_ICMP_ENV_LOSSY_SESS_0229_W0000,DS1_NATIVE_IPSEC_ENHANCED,1,EXP_ICMP_ENV_LOSSY,GRP_EXP_ICMP_ENV_LOSSY_SESS_0229,SESS_0229,0,ICMP,ENV_LOSSY,2.994838,21.704,20224.8001,0.046794,0.132428,931.85,386.79,42.0,1126.0,1066.0,1126.0,1126.0,1126.0,0.0142,EXP_ICMP_ENV_LOSSY_SESS_0229.pcap
NAT_ENH_EXP_ICMP_ENV_LOSSY_SESS_0229_W0001,DS1_NATIVE_IPSEC_ENHANCED,1,EXP_ICMP_ENV_LOSSY,GRP_EXP_ICMP_ENV_LOSSY_SESS_0229,SESS_0229,1,ICMP,ENV_LOSSY,2.108242,40.7923,41196.4085,0.024803,0.051337,1009.91,301.32,42.0,1126.0,1066.0,1126.0,1126.0,1126.0,0.0068,EXP_ICMP_ENV_LOSSY_SESS_0229.pcap
NAT_ENH_EXP_ICMP_ENV_LOSSY_SESS_0229_W0002,DS1_NATIVE_IPSEC_ENHANCED,1,EXP_ICMP_ENV_LOSSY,GRP_EXP_ICMP_ENV_LOSSY_SESS_0229,SESS_0229,2,ICMP,ENV_LOSSY,2.630459,42.9583,44370.2019,0.023486,0.04675,1032.87,266.4,42.0,1126.0,1066.0,1126.0,1126.0,1126.0,0.005,EXP_ICMP_ENV_LOSSY_SESS_0229.pcap
NAT_ENH_EXP_ICMP_ENV_LOSSY_SESS_0229_W0003,DS1_NATIVE_IPSEC_ENHANCED,1,EXP_ICMP_ENV_LOSSY,GRP_EXP_ICMP_ENV_LOSSY_SESS_0229,SESS_0229,3,ICMP,ENV_LOSSY,2.805551,46.3367,49765.6244,0.021748,0.042072,1074.0,181.79,42.0,1126.0,1066.0,1126.0,1126.0,1126.0,0.0019,EXP_ICMP_ENV_LOSSY_SESS_0229.pcap
NAT_ENH_EXP_ICMP_ENV_LOSSY_SESS_0229_W0004,DS1_NATIVE_IPSEC_ENHANCED,1,EXP_ICMP_ENV_LOSSY,GRP_EXP_ICMP_ENV_LOSSY_SESS_0229,SESS_0229,4,ICMP,ENV_LOSSY,2.946465,52.9448,57489.9071,0.019009,0.027592,1085.85,146.66,42.0,1126.0,1066.0,1126.0,1126.0,1126.0,0.001,EXP_ICMP_ENV_LOSSY_SESS_0229.pcap
NAT_ENH_EXP_ICMP_ENV_LOSSY_SESS_0229_W0005,DS1_NATIVE_IPSEC_ENHANCED,1,EXP_ICMP_ENV_LOSSY,GRP_EXP_ICMP_ENV_LOSSY_SESS_0229,SESS_0229,5,ICMP,ENV_LOSSY,2.947743,52.2434,57429.7025,0.019266,0.027848,1099.27,87.86,70.0,1126.0,1066.0,1126.0,1126.0,1126.0,0.0004,EXP_ICMP_ENV_LOSSY_SESS_0229.pcap
NAT_ENH_EXP_ICMP_ENV_LOSSY_SESS_0230_W0000,DS1_NATIVE_IPSEC_ENHANCED,1,EXP_ICMP_ENV_LOSSY,GRP_EXP_ICMP_ENV_LOSSY_SESS_0230,SESS_0230,0,ICMP,ENV_LOSSY,2.908892,13.4072,10587.5359,0.07655,0.122065,789.69,475.15,42.0,1126.0,90.0,1066.0,1126.0,1126.0,0.0313,EXP_ICMP_ENV_LOSSY_SESS_0230.pcap
NAT_ENH_EXP_ICMP_ENV_LOSSY_SESS_0230_W0001,DS1_NATIVE_IPSEC_ENHANCED,1,EXP_ICMP_ENV_LOSSY,GRP_EXP_ICMP_ENV_LOSSY_SESS_0230,SESS_0230,1,ICMP,ENV_LOSSY,2.864126,16.759,15294.0188,0.060939,0.11096,912.58,403.52,42.0,1126.0,1066.0,1126.0,1126.0,1126.0,0.0155,EXP_ICMP_ENV_LOSSY_SESS_0230.pcap
NAT_ENH_EXP_ICMP_ENV_LOSSY_SESS_0230_W0002,DS1_NATIVE_IPSEC_ENHANCED,1,EXP_ICMP_ENV_LOSSY,GRP_EXP_ICMP_ENV_LOSSY_SESS_0230,SESS_0230,2,ICMP,ENV_LOSSY,2.96791,20.8901,20320.0228,0.048654,0.083904,972.71,347.37,42.0,1126.0,1066.0,1126.0,1126.0,1126.0,0.0098,EXP_ICMP_ENV_LOSSY_SESS_0230.pcap
NAT_ENH_EXP_ICMP_ENV_LOSSY_SESS_0230_W0003,DS1_NATIVE_IPSEC_ENHANCED,1,EXP_ICMP_ENV_LOSSY,GRP_EXP_ICMP_ENV_LOSSY_SESS_0230,SESS_0230,3,ICMP,ENV_LOSSY,2.926412,24.6035,25088.7446,0.041217,0.058345,1019.72,287.5,42.0,1126.0,1066.0,1126.0,1126.0,1126.0,0.0058,EXP_ICMP_ENV_LOSSY_SESS_0230.pcap
NAT_ENH_EXP_ICMP_ENV_LOSSY_SESS_0230_W0004,DS1_NATIVE_IPSEC_ENHANCED,1,EXP_ICMP_ENV_LOSSY,GRP_EXP_ICMP_ENV_LOSSY_SESS_0230,SESS_0230,4,ICMP,ENV_LOSSY,2.898012,25.8798,28623.0706,0.039162,0.056432,1106.0,28.28,1066.0,1126.0,1066.0,1126.0,1126.0,1126.0,0.5137,EXP_ICMP_ENV_LOSSY_SESS_0230.pcap
NAT_ENH_EXP_ICMP_ENV_LOSSY_SESS_0230_W0005,DS1_NATIVE_IPSEC_ENHANCED,1,EXP_ICMP_ENV_LOSSY,GRP_EXP_ICMP_ENV_LOSSY_SESS_0230,SESS_0230,5,ICMP,ENV_LOSSY,2.893887,26.2623,28688.0582,0.038585,0.055829,1092.37,121.35,70.0,1126.0,1066.0,1126.0,1126.0,1126.0,0.0008,EXP_ICMP_ENV_LOSSY_SESS_0230.pcap
NAT_ENH_EXP_ICMP_ENV_LOSSY_SESS_0230_W0006,DS1_NATIVE_IPSEC_ENHANCED,1,EXP_ICMP_ENV_LOSSY,GRP_EXP_ICMP_ENV_LOSSY_SESS_0230,SESS_0230,6,ICMP,ENV_LOSSY,2.90113,26.5414,28640.5646,0.038173,0.055779,1079.09,167.13,70.0,1126.0,1066.0,1126.0,1126.0,1126.0,0.0017,EXP_ICMP_ENV_LOSSY_SESS_0230.pcap
NAT_ENH_EXP_ICMP_ENV_LOSSY_SESS_0230_W0007,DS1_NATIVE_IPSEC_ENHANCED,1,EXP_ICMP_ENV_LOSSY,GRP_EXP_ICMP_ENV_LOSSY_SESS_0230,SESS_0230,7,ICMP,ENV_LOSSY,2.899175,26.5593,28659.8781,0.038147,0.055745,1079.09,167.13,70.0,1126.0,1066.0,1126.0,1126.0,1126.0,0.0017,EXP_ICMP_ENV_LOSSY_SESS_0230.pcap
NAT_ENH_EXP_ICMP_ENV_LOSSY_SESS_0230_W0008,DS1_NATIVE_IPSEC_ENHANCED,1,EXP_ICMP_ENV_LOSSY,GRP_EXP_ICMP_ENV_LOSSY_SESS_0230,SESS_0230,8,ICMP,ENV_LOSSY,2.78339,26.5863,28660.0148,0.038129,0.055806,1078.0,170.3,70.0,1126.0,1066.0,1126.0,1126.0,1126.0,0.0018,EXP_ICMP_ENV_LOSSY_SESS_0230.pcap
NAT_ENH_EXP_ICMP_ENV_LOSSY_SESS_0230_W0009,DS1_NATIVE_IPSEC_ENHANCED,1,EXP_ICMP_ENV_LOSSY,GRP_EXP_ICMP_ENV_LOSSY_SESS_0230,SESS_0230,9,ICMP,ENV_LOSSY,2.899021,27.2506,28690.3737,0.037167,0.054355,1052.84,231.87,42.0,1126.0,1066.0,1126.0,1126.0,1126.0,0.0027,EXP_ICMP_ENV_LOSSY_SESS_0230.pcap
NAT_ENH_EXP_ICMP_ENV_LOSSY_SESS_0231_W0000,DS1_NATIVE_IPSEC_ENHANCED,1,EXP_ICMP_ENV_LOSSY,GRP_EXP_ICMP_ENV_LOSSY_SESS_0231,SESS_0231,0,ICMP,ENV_LOSSY,2.908681,9.9702,7136.5683,0.103881,0.196352,715.79,499.78,42.0,1126.0,90.0,1066.0,1126.0,1126.0,0.0427,EXP_ICMP_ENV_LOSSY_SESS_0231.pcap
NAT_ENH_EXP_ICMP_ENV_LOSSY_SESS_0231_W0001,DS1_NATIVE_IPSEC_ENHANCED,1,EXP_ICMP_ENV_LOSSY,GRP_EXP_ICMP_ENV_LOSSY_SESS_0231,SESS_0231,1,ICMP,ENV_LOSSY,2.934089,13.292,11536.8009,0.077213,0.169842,867.95,435.42,42.0,1126.0,1066.0,1126.0,1126.0,1126.0,0.0202,EXP_ICMP_ENV_LOSSY_SESS_0231.pcap
NAT_ENH_EXP_ICMP_ENV_LOSSY_SESS_0231_W0002,DS1_NATIVE_IPSEC_ENHANCED,1,EXP_ICMP_ENV_LOSSY,GRP_EXP_ICMP_ENV_LOSSY_SESS_0231,SESS_0231,2,ICMP,ENV_LOSSY,2.881094,16.6603,16270.2086,0.0613,0.148961,976.58,343.51,42.0,1126.0,1066.0,1126.0,1126.0,1126.0,0.0091,EXP_ICMP_ENV_LOSSY_SESS_0231.pcap
NAT_ENH_EXP_ICMP_ENV_LOSSY_SESS_0231_W0003,DS1_NATIVE_IPSEC_ENHANCED,1,EXP_ICMP_ENV_LOSSY,GRP_EXP_ICMP_ENV_LOSSY_SESS_0231,SESS_0231,3,ICMP,ENV_LOSSY,2.845954,19.6771,19937.076,0.051745,0.13047,1013.21,297.63,42.0,1126.0,1066.0,1126.0,1126.0,1126.0,0.0059,EXP_ICMP_ENV_LOSSY_SESS_0231.pcap
NAT_ENH_EXP_ICMP_ENV_LOSSY_SESS_0231_W0004,DS1_NATIVE_IPSEC_ENHANCED,1,EXP_ICMP_ENV_LOSSY,GRP_EXP_ICMP_ENV_LOSSY_SESS_0231,SESS_0231,4,ICMP,ENV_LOSSY,2.486745,26.5407,28089.7331,0.038258,0.063398,1058.36,220.09,42.0,1126.0,1066.0,1126.0,1126.0,1126.0,0.0025,EXP_ICMP_ENV_LOSSY_SESS_0231.pcap
NAT_ENH_EXP_ICMP_ENV_LOSSY_SESS_0231_W0005,DS1_NATIVE_IPSEC_ENHANCED,1,EXP_ICMP_ENV_LOSSY,GRP_EXP_ICMP_ENV_LOSSY_SESS_0231,SESS_0231,5,ICMP,ENV_LOSSY,2.771365,28.145,29986.6654,0.035992,0.05819,1065.44,204.72,42.0,1126.0,1066.0,1126.0,1126.0,1126.0,0.0019,EXP_ICMP_ENV_LOSSY_SESS_0231.pcap
NAT_ENH_EXP_ICMP_ENV_LOSSY_SESS_0232_W0000,DS1_NATIVE_IPSEC_ENHANCED,1,EXP_ICMP_ENV_LOSSY,GRP_EXP_ICMP_ENV_LOSSY_SESS_0232,SESS_0232,0,ICMP,ENV_LOSSY,2.838482,9.8644,7281.3564,0.105129,0.142166,738.14,494.18,42.0,1126.0,90.0,1066.0,1126.0,1126.0,0.0382,EXP_ICMP_ENV_LOSSY_SESS_0232.pcap
NAT_ENH_EXP_ICMP_ENV_LOSSY_SESS_0232_W0001,DS1_NATIVE_IPSEC_ENHANCED,1,EXP_ICMP_ENV_LOSSY,GRP_EXP_ICMP_ENV_LOSSY_SESS_0232,SESS_0232,1,ICMP,ENV_LOSSY,2.851065,11.2239,9515.0411,0.09197,0.135208,847.75,448.08,42.0,1126.0,822.0,1096.0,1126.0,1126.0,0.022,EXP_ICMP_ENV_LOSSY_SESS_0232.pcap
NAT_ENH_EXP_ICMP_ENV_LOSSY_SESS_0232_W0002,DS1_NATIVE_IPSEC_ENHANCED,1,EXP_ICMP_ENV_LOSSY,GRP_EXP_ICMP_ENV_LOSSY_SESS_0232,SESS_0232,2,ICMP,ENV_LOSSY,2.904316,12.3953,11570.3665,0.08298,0.119476,933.44,386.81,42.0,1126.0,1066.0,1126.0,1126.0,1126.0,0.0128,EXP_ICMP_ENV_LOSSY_SESS_0232.pcap
NAT_ENH_EXP_ICMP_ENV_LOSSY_SESS_0232_W0003,DS1_NATIVE_IPSEC_ENHANCED,1,EXP_ICMP_ENV_LOSSY,GRP_EXP_ICMP_ENV_LOSSY_SESS_0232,SESS_0232,3,ICMP,ENV_LOSSY,2.925843,12.9877,13663.0708,0.079077,0.115909,1052.0,230.76,70.0,1126.0,1066.0,1126.0,1126.0,1126.0,0.004,EXP_ICMP_ENV_LOSSY_SESS_0232.pcap
NAT_ENH_EXP_ICMP_ENV_LOSSY_SESS_0232_W0004,DS1_NATIVE_IPSEC_ENHANCED,1,EXP_ICMP_ENV_LOSSY,GRP_EXP_ICMP_ENV_LOSSY_SESS_0232,SESS_0232,4,ICMP,ENV_LOSSY,2.946869,12.5557,13535.0439,0.081857,0.120564,1078.0,170.3,70.0,1126.0,1066.0,1126.0,1126.0,1126.0,0.0018,EXP_ICMP_ENV_LOSSY_SESS_0232.pcap
NAT_ENH_EXP_ICMP_ENV_LOSSY_SESS_0232_W0005,DS1_NATIVE_IPSEC_ENHANCED,1,EXP_ICMP_ENV_LOSSY,GRP_EXP_ICMP_ENV_LOSSY_SESS_0232,SESS_0232,5,ICMP,ENV_LOSSY,2.709521,12.9174,13521.947,0.079692,0.118548,1046.8,242.03,70.0,1126.0,1066.0,1126.0,1126.0,1126.0,0.0038,EXP_ICMP_ENV_LOSSY_SESS_0232.pcap
NAT_ENH_EXP_ICMP_ENV_LOSSY_SESS_0232_W0006,DS1_NATIVE_IPSEC_ENHANCED,1,EXP_ICMP_ENV_LOSSY,GRP_EXP_ICMP_ENV_LOSSY_SESS_0232,SESS_0232,6,ICMP,ENV_LOSSY,2.677591,13.0715,13683.1959,0.078753,0.117126,1046.8,242.03,70.0,1126.0,1066.0,1126.0,1126.0,1126.0,0.0038,EXP_ICMP_ENV_LOSSY_SESS_0232.pcap
NAT_ENH_EXP_ICMP_ENV_LOSSY_SESS_0232_W0007,DS1_NATIVE_IPSEC_ENHANCED,1,EXP_ICMP_ENV_LOSSY,GRP_EXP_ICMP_ENV_LOSSY_SESS_0232,SESS_0232,7,ICMP,ENV_LOSSY,2.680971,13.055,13665.9446,0.078852,0.117295,1046.8,242.03,70.0,1126.0,1066.0,1126.0,1126.0,1126.0,0.0038,EXP_ICMP_ENV_LOSSY_SESS_0232.pcap
NAT_ENH_EXP_ICMP_ENV_LOSSY_SESS_0232_W0008,DS1_NATIVE_IPSEC_ENHANCED,1,EXP_ICMP_ENV_LOSSY,GRP_EXP_ICMP_ENV_LOSSY_SESS_0232,SESS_0232,8,ICMP,ENV_LOSSY,2.678532,13.8135,13709.7491,0.074404,0.112663,992.49,327.17,42.0,1126.0,1066.0,1126.0,1126.0,1126.0,0.0061,EXP_ICMP_ENV_LOSSY_SESS_0232.pcap
NAT_ENH_EXP_ICMP_ENV_LOSSY_SESS_0232_W0009,DS1_NATIVE_IPSEC_ENHANCED,1,EXP_ICMP_ENV_LOSSY,GRP_EXP_ICMP_ENV_LOSSY_SESS_0232,SESS_0232,9,ICMP,ENV_LOSSY,2.676669,13.4496,13693.1381,0.076476,0.116446,1018.11,292.77,42.0,1126.0,1066.0,1126.0,1126.0,1126.0,0.0042,EXP_ICMP_ENV_LOSSY_SESS_0232.pcap
NAT_ENH_EXP_ICMP_ENV_LOSSY_SESS_0232_W0010,DS1_NATIVE_IPSEC_ENHANCED,1,EXP_ICMP_ENV_LOSSY,GRP_EXP_ICMP_ENV_LOSSY_SESS_0232,SESS_0232,10,ICMP,ENV_LOSSY,2.684824,13.4087,13651.5467,0.076709,0.116823,1018.11,292.77,42.0,1126.0,1066.0,1126.0,1126.0,1126.0,0.0042,EXP_ICMP_ENV_LOSSY_SESS_0232.pcap
NAT_ENH_EXP_ICMP_ENV_LOSSY_SESS_0233_W0000,DS1_NATIVE_IPSEC_ENHANCED,1,EXP_ICMP_ENV_LOSSY,GRP_EXP_ICMP_ENV_LOSSY_SESS_0233,SESS_0233,0,ICMP,ENV_LOSSY,2.995725,27.7061,27889.7437,0.036533,0.089027,1006.63,305.52,42.0,1126.0,1066.0,1126.0,1126.0,1126.0,0.0072,EXP_ICMP_ENV_LOSSY_SESS_0233.pcap
NAT_ENH_EXP_ICMP_ENV_LOSSY_SESS_0233_W0001,DS1_NATIVE_IPSEC_ENHANCED,1,EXP_ICMP_ENV_LOSSY,GRP_EXP_ICMP_ENV_LOSSY_SESS_0233,SESS_0233,1,ICMP,ENV_LOSSY,2.379812,43.2807,46120.4498,0.023331,0.043286,1065.61,202.89,42.0,1126.0,1066.0,1126.0,1126.0,1126.0,0.0024,EXP_ICMP_ENV_LOSSY_SESS_0233.pcap
NAT_ENH_EXP_ICMP_ENV_LOSSY_SESS_0233_W0002,DS1_NATIVE_IPSEC_ENHANCED,1,EXP_ICMP_ENV_LOSSY,GRP_EXP_ICMP_ENV_LOSSY_SESS_0233,SESS_0233,2,ICMP,ENV_LOSSY,2.896742,44.878,48198.9789,0.022455,0.040469,1074.0,181.79,42.0,1126.0,1066.0,1126.0,1126.0,1126.0,0.0019,EXP_ICMP_ENV_LOSSY_SESS_0233.pcap
NAT_ENH_EXP_ICMP_ENV_LOSSY_SESS_0233_W0003,DS1_NATIVE_IPSEC_ENHANCED,1,EXP_ICMP_ENV_LOSSY,GRP_EXP_ICMP_ENV_LOSSY_SESS_0233,SESS_0233,3,ICMP,ENV_LOSSY,2.83717,53.5745,58503.3702,0.018789,0.026867,1092.0,124.46,42.0,1126.0,1066.0,1126.0,1126.0,1126.0,0.0005,EXP_ICMP_ENV_LOSSY_SESS_0233.pcap
NAT_ENH_EXP_ICMP_ENV_LOSSY_SESS_0233_W0004,DS1_NATIVE_IPSEC_ENHANCED,1,EXP_ICMP_ENV_LOSSY,GRP_EXP_ICMP_ENV_LOSSY_SESS_0233,SESS_0233,4,ICMP,ENV_LOSSY,2.909071,51.9066,57052.5786,0.019394,0.028135,1099.14,88.63,70.0,1126.0,1066.0,1126.0,1126.0,1126.0,0.0004,EXP_ICMP_ENV_LOSSY_SESS_0233.pcap
NAT_ENH_EXP_ICMP_ENV_LOSSY_SESS_0233_W0005,DS1_NATIVE_IPSEC_ENHANCED,1,EXP_ICMP_ENV_LOSSY,GRP_EXP_ICMP_ENV_LOSSY_SESS_0233,SESS_0233,5,ICMP,ENV_LOSSY,2.95062,48.1255,52875.6637,0.020926,0.031765,1098.7,91.1,70.0,1126.0,1066.0,1126.0,1126.0,1126.0,0.0004,EXP_ICMP_ENV_LOSSY_SESS_0233.pcap
NAT_ENH_EXP_ICMP_ENV_LOSSY_SESS_0234_W0000,DS1_NATIVE_IPSEC_ENHANCED,1,EXP_ICMP_ENV_LOSSY,GRP_EXP_ICMP_ENV_LOSSY_SESS_0234,SESS_0234,0,ICMP,ENV_LOSSY,2.934191,15.3364,12757.8607,0.066686,0.132146,831.87,455.33,42.0,1126.0,90.0,1066.0,1126.0,1126.0,0.0256,EXP_ICMP_ENV_LOSSY_SESS_0234.pcap
NAT_ENH_EXP_ICMP_ENV_LOSSY_SESS_0234_W0001,DS1_NATIVE_IPSEC_ENHANCED,1,EXP_ICMP_ENV_LOSSY,GRP_EXP_ICMP_ENV_LOSSY_SESS_0234,SESS_0234,1,ICMP,ENV_LOSSY,2.432953,24.2504,23424.208,0.041947,0.094203,965.93,354.7,42.0,1126.0,1066.0,1126.0,1126.0,1126.0,0.0104,EXP_ICMP_ENV_LOSSY_SESS_0234.pcap
NAT_ENH_EXP_ICMP_ENV_LOSSY_SESS_0234_W0002,DS1_NATIVE_IPSEC_ENHANCED,1,EXP_ICMP_ENV_LOSSY,GRP_EXP_ICMP_ENV_LOSSY_SESS_0234,SESS_0234,2,ICMP,ENV_LOSSY,2.952918,26.0759,26041.3593,0.038854,0.084832,998.68,316.39,42.0,1126.0,1066.0,1126.0,1126.0,1126.0,0.0077,EXP_ICMP_ENV_LOSSY_SESS_0234.pcap
NAT_ENH_EXP_ICMP_ENV_LOSSY_SESS_0234_W0003,DS1_NATIVE_IPSEC_ENHANCED,1,EXP_ICMP_ENV_LOSSY,GRP_EXP_ICMP_ENV_LOSSY_SESS_0234,SESS_0234,3,ICMP,ENV_LOSSY,2.623477,34.3056,36743.6043,0.029477,0.043332,1071.07,190.21,42.0,1126.0,1066.0,1126.0,1126.0,1126.0,0.0018,EXP_ICMP_ENV_LOSSY_SESS_0234.pcap
NAT_ENH_EXP_ICMP_ENV_LOSSY_SESS_0234_W0004,DS1_NATIVE_IPSEC_ENHANCED,1,EXP_ICMP_ENV_LOSSY,GRP_EXP_ICMP_ENV_LOSSY_SESS_0234,SESS_0234,4,ICMP,ENV_LOSSY,2.865037,36.2997,39404.7272,0.027816,0.040129,1085.54,148.79,42.0,1126.0,1066.0,1126.0,1126.0,1126.0,0.0007,EXP_ICMP_ENV_LOSSY_SESS_0234.pcap
NAT_ENH_EXP_ICMP_ENV_LOSSY_SESS_0234_W0005,DS1_NATIVE_IPSEC_ENHANCED,1,EXP_ICMP_ENV_LOSSY,GRP_EXP_ICMP_ENV_LOSSY_SESS_0234,SESS_0234,5,ICMP,ENV_LOSSY,2.86586,36.2893,39412.9513,0.027824,0.040075,1086.08,145.01,70.0,1126.0,1066.0,1126.0,1126.0,1126.0,0.0012,EXP_ICMP_ENV_LOSSY_SESS_0234.pcap
NAT_ENH_EXP_ICMP_ENV_LOSSY_SESS_0234_W0006,DS1_NATIVE_IPSEC_ENHANCED,1,EXP_ICMP_ENV_LOSSY,GRP_EXP_ICMP_ENV_LOSSY_SESS_0234,SESS_0234,6,ICMP,ENV_LOSSY,2.952102,36.2454,39385.4962,0.02785,0.04009,1086.64,143.08,70.0,1126.0,1066.0,1126.0,1126.0,1126.0,0.0012,EXP_ICMP_ENV_LOSSY_SESS_0234.pcap
NAT_ENH_EXP_ICMP_ENV_LOSSY_SESS_0234_W0007,DS1_NATIVE_IPSEC_ENHANCED,1,EXP_ICMP_ENV_LOSSY,GRP_EXP_ICMP_ENV_LOSSY_SESS_0234,SESS_0234,7,ICMP,ENV_LOSSY,2.948617,36.2882,39432.0458,0.027817,0.040048,1086.64,143.08,70.0,1126.0,1066.0,1126.0,1126.0,1126.0,0.0012,EXP_ICMP_ENV_LOSSY_SESS_0234.pcap
NAT_ENH_EXP_ICMP_ENV_LOSSY_SESS_0234_W0008,DS1_NATIVE_IPSEC_ENHANCED,1,EXP_ICMP_ENV_LOSSY,GRP_EXP_ICMP_ENV_LOSSY_SESS_0234,SESS_0234,8,ICMP,ENV_LOSSY,2.862833,36.3277,39454.6238,0.027794,0.040046,1086.08,145.01,70.0,1126.0,1066.0,1126.0,1126.0,1126.0,0.0012,EXP_ICMP_ENV_LOSSY_SESS_0234.pcap
NAT_ENH_EXP_ICMP_ENV_LOSSY_SESS_0234_W0009,DS1_NATIVE_IPSEC_ENHANCED,1,EXP_ICMP_ENV_LOSSY,GRP_EXP_ICMP_ENV_LOSSY_SESS_0234,SESS_0234,9,ICMP,ENV_LOSSY,2.860046,37.0623,39522.4425,0.027239,0.039233,1066.38,202.02,42.0,1126.0,1066.0,1126.0,1126.0,1126.0,0.002,EXP_ICMP_ENV_LOSSY_SESS_0234.pcap
NAT_ENH_EXP_ICMP_ENV_LOSSY_SESS_0235_W0000,DS1_NATIVE_IPSEC_ENHANCED,1,EXP_ICMP_ENV_LOSSY,GRP_EXP_ICMP_ENV_LOSSY_SESS_0235,SESS_0235,0,ICMP,ENV_LOSSY,2.929692,18.7733,17247.5481,0.054254,0.11677,918.73,398.17,42.0,1126.0,1066.0,1126.0,1126.0,1126.0,0.0153,EXP_ICMP_ENV_LOSSY_SESS_0235.pcap
NAT_ENH_EXP_ICMP_ENV_LOSSY_SESS_0235_W0001,DS1_NATIVE_IPSEC_ENHANCED,1,EXP_ICMP_ENV_LOSSY,GRP_EXP_ICMP_ENV_LOSSY_SESS_0235,SESS_0235,1,ICMP,ENV_LOSSY,2.607134,27.233,26949.9012,0.037245,0.076184,989.61,327.78,42.0,1126.0,1066.0,1126.0,1126.0,1126.0,0.0084,EXP_ICMP_ENV_LOSSY_SESS_0235.pcap
NAT_ENH_EXP_ICMP_ENV_LOSSY_SESS_0235_W0002,DS1_NATIVE_IPSEC_ENHANCED,1,EXP_ICMP_ENV_LOSSY,GRP_EXP_ICMP_ENV_LOSSY_SESS_0235,SESS_0235,2,ICMP,ENV_LOSSY,2.946928,29.5223,30543.671,0.034267,0.069488,1034.6,263.82,42.0,1126.0,1066.0,1126.0,1126.0,1126.0,0.0047,EXP_ICMP_ENV_LOSSY_SESS_0235.pcap
NAT_ENH_EXP_ICMP_ENV_LOSSY_SESS_0235_W0003,DS1_NATIVE_IPSEC_ENHANCED,1,EXP_ICMP_ENV_LOSSY,GRP_EXP_ICMP_ENV_LOSSY_SESS_0235,SESS_0235,3,ICMP,ENV_LOSSY,2.913144,35.357,37676.8178,0.02856,0.040999,1065.61,202.89,42.0,1126.0,1066.0,1126.0,1126.0,1126.0,0.0024,EXP_ICMP_ENV_LOSSY_SESS_0235.pcap
NAT_ENH_EXP_ICMP_ENV_LOSSY_SESS_0235_W0004,DS1_NATIVE_IPSEC_ENHANCED,1,EXP_ICMP_ENV_LOSSY,GRP_EXP_ICMP_ENV_LOSSY_SESS_0235,SESS_0235,4,ICMP,ENV_LOSSY,2.875335,35.8219,39258.7302,0.02819,0.040154,1095.94,105.41,70.0,1126.0,1066.0,1126.0,1126.0,1126.0,0.0006,EXP_ICMP_ENV_LOSSY_SESS_0235.pcap
NAT_ENH_EXP_ICMP_ENV_LOSSY_SESS_0235_W0005,DS1_NATIVE_IPSEC_ENHANCED,1,EXP_ICMP_ENV_LOSSY,GRP_EXP_ICMP_ENV_LOSSY_SESS_0235,SESS_0235,5,ICMP,ENV_LOSSY,2.872733,36.2025,39318.6575,0.027891,0.039572,1086.08,145.01,70.0,1126.0,1066.0,1126.0,1126.0,1126.0,0.0012,EXP_ICMP_ENV_LOSSY_SESS_0235.pcap
NAT_ENH_EXP_ICMP_ENV_LOSSY_SESS_0235_W0006,DS1_NATIVE_IPSEC_ENHANCED,1,EXP_ICMP_ENV_LOSSY,GRP_EXP_ICMP_ENV_LOSSY_SESS_0235,SESS_0235,6,ICMP,ENV_LOSSY,2.952636,36.2388,39378.3724,0.027855,0.039518,1086.64,143.08,70.0,1126.0,1066.0,1126.0,1126.0,1126.0,0.0012,EXP_ICMP_ENV_LOSSY_SESS_0235.pcap
NAT_ENH_EXP_ICMP_ENV_LOSSY_SESS_0235_W0007,DS1_NATIVE_IPSEC_ENHANCED,1,EXP_ICMP_ENV_LOSSY,GRP_EXP_ICMP_ENV_LOSSY_SESS_0235,SESS_0235,7,ICMP,ENV_LOSSY,2.944572,36.338,39486.2143,0.027779,0.039405,1086.64,143.08,70.0,1126.0,1066.0,1126.0,1126.0,1126.0,0.0012,EXP_ICMP_ENV_LOSSY_SESS_0235.pcap
NAT_ENH_EXP_ICMP_ENV_LOSSY_SESS_0235_W0008,DS1_NATIVE_IPSEC_ENHANCED,1,EXP_ICMP_ENV_LOSSY,GRP_EXP_ICMP_ENV_LOSSY_SESS_0235,SESS_0235,8,ICMP,ENV_LOSSY,2.891683,36.6569,39090.0372,0.02754,0.039034,1066.38,202.02,42.0,1126.0,1066.0,1126.0,1126.0,1126.0,0.002,EXP_ICMP_ENV_LOSSY_SESS_0235.pcap
NAT_ENH_EXP_ICMP_ENV_LOSSY_SESS_0236_W0000,DS1_NATIVE_IPSEC_ENHANCED,1,EXP_ICMP_ENV_LOSSY,GRP_EXP_ICMP_ENV_LOSSY_SESS_0236,SESS_0236,0,ICMP,ENV_LOSSY,2.962356,24.305,22717.0529,0.041723,0.097715,934.67,384.05,42.0,1126.0,1066.0,1126.0,1126.0,1126.0,0.0141,EXP_ICMP_ENV_LOSSY_SESS_0236.pcap
NAT_ENH_EXP_ICMP_ENV_LOSSY_SESS_0236_W0001,DS1_NATIVE_IPSEC_ENHANCED,1,EXP_ICMP_ENV_LOSSY,GRP_EXP_ICMP_ENV_LOSSY_SESS_0236,SESS_0236,1,ICMP,ENV_LOSSY,2.37043,36.2803,36639.7659,0.027887,0.044517,1009.91,301.32,42.0,1126.0,1066.0,1126.0,1126.0,1126.0,0.0068,EXP_ICMP_ENV_LOSSY_SESS_0236.pcap
NAT_ENH_EXP_ICMP_ENV_LOSSY_SESS_0236_W0002,DS1_NATIVE_IPSEC_ENHANCED,1,EXP_ICMP_ENV_LOSSY,GRP_EXP_ICMP_ENV_LOSSY_SESS_0236,SESS_0236,2,ICMP,ENV_LOSSY,2.855593,36.4198,37386.2806,0.027724,0.043459,1026.54,276.65,42.0,1126.0,1066.0,1126.0,1126.0,1126.0,0.0055,EXP_ICMP_ENV_LOSSY_SESS_0236.pcap
NAT_ENH_EXP_ICMP_ENV_LOSSY_SESS_0236_W0003,DS1_NATIVE_IPSEC_ENHANCED,1,EXP_ICMP_ENV_LOSSY,GRP_EXP_ICMP_ENV_LOSSY_SESS_0236,SESS_0236,3,ICMP,ENV_LOSSY,2.969601,39.0625,42518.8446,0.025823,0.036938,1088.48,135.19,90.0,1126.0,1066.0,1126.0,1126.0,1126.0,0.0014,EXP_ICMP_ENV_LOSSY_SESS_0236.pcap
NAT_ENH_EXP_ICMP_ENV_LOSSY_SESS_0237_W0000,DS1_NATIVE_IPSEC_ENHANCED,1,EXP_ICMP_ENV_LOSSY,GRP_EXP_ICMP_ENV_LOSSY_SESS_0237,SESS_0237,0,ICMP,ENV_LOSSY,2.943863,10.1907,7080.4927,0.101513,0.169721,694.8,504.21,42.0,1126.0,90.0,1066.0,1126.0,1126.0,0.047,EXP_ICMP_ENV_LOSSY_SESS_0237.pcap
NAT_ENH_EXP_ICMP_ENV_LOSSY_SESS_0237_W0001,DS1_NATIVE_IPSEC_ENHANCED,1,EXP_ICMP_ENV_LOSSY,GRP_EXP_ICMP_ENV_LOSSY_SESS_0237,SESS_0237,1,ICMP,ENV_LOSSY,2.836459,11.6342,9594.3564,0.088639,0.164621,824.67,460.16,42.0,1126.0,90.0,1066.0,1126.0,1126.0,0.0252,EXP_ICMP_ENV_LOSSY_SESS_0237.pcap
NAT_ENH_EXP_ICMP_ENV_LOSSY_SESS_0237_W0002,DS1_NATIVE_IPSEC_ENHANCED,1,EXP_ICMP_ENV_LOSSY,GRP_EXP_ICMP_ENV_LOSSY_SESS_0237,SESS_0237,2,ICMP,ENV_LOSSY,2.290004,15.2838,13295.1732,0.067353,0.105067,869.89,434.58,42.0,1126.0,1066.0,1126.0,1126.0,1126.0,0.0196,EXP_ICMP_ENV_LOSSY_SESS_0237.pcap
NAT_ENH_EXP_ICMP_ENV_LOSSY_SESS_0237_W0003,DS1_NATIVE_IPSEC_ENHANCED,1,EXP_ICMP_ENV_LOSSY,GRP_EXP_ICMP_ENV_LOSSY_SESS_0237,SESS_0237,3,ICMP,ENV_LOSSY,2.683457,14.5335,13759.118,0.070617,0.110564,946.72,374.55,42.0,1126.0,1066.0,1126.0,1126.0,1126.0,0.0116,EXP_ICMP_ENV_LOSSY_SESS_0237.pcap
NAT_ENH_EXP_ICMP_ENV_LOSSY_SESS_0237_W0004,DS1_NATIVE_IPSEC_ENHANCED,1,EXP_ICMP_ENV_LOSSY,GRP_EXP_ICMP_ENV_LOSSY_SESS_0237,SESS_0237,4,ICMP,ENV_LOSSY,2.733124,12.8059,13419.8082,0.080386,0.119706,1047.94,237.42,90.0,1126.0,1066.0,1126.0,1126.0,1126.0,0.0049,EXP_ICMP_ENV_LOSSY_SESS_0237.pcap
NAT_ENH_EXP_ICMP_ENV_LOSSY_SESS_0237_W0005,DS1_NATIVE_IPSEC_ENHANCED,1,EXP_ICMP_ENV_LOSSY,GRP_EXP_ICMP_ENV_LOSSY_SESS_0237,SESS_0237,5,ICMP,ENV_LOSSY,2.801643,12.4927,13077.3258,0.082401,0.117072,1046.8,242.03,70.0,1126.0,1066.0,1126.0,1126.0,1126.0,0.0038,EXP_ICMP_ENV_LOSSY_SESS_0237.pcap
NAT_ENH_EXP_ICMP_ENV_LOSSY_SESS_0237_W0006,DS1_NATIVE_IPSEC_ENHANCED,1,EXP_ICMP_ENV_LOSSY,GRP_EXP_ICMP_ENV_LOSSY_SESS_0237,SESS_0237,6,ICMP,ENV_LOSSY,2.680856,13.0555,13666.5304,0.078849,0.113287,1046.8,242.03,70.0,1126.0,1066.0,1126.0,1126.0,1126.0,0.0038,EXP_ICMP_ENV_LOSSY_SESS_0237.pcap
NAT_ENH_EXP_ICMP_ENV_LOSSY_SESS_0237_W0007,DS1_NATIVE_IPSEC_ENHANCED,1,EXP_ICMP_ENV_LOSSY,GRP_EXP_ICMP_ENV_LOSSY_SESS_0237,SESS_0237,7,ICMP,ENV_LOSSY,2.682221,13.0489,13659.5745,0.078889,0.113328,1046.8,242.03,70.0,1126.0,1066.0,1126.0,1126.0,1126.0,0.0038,EXP_ICMP_ENV_LOSSY_SESS_0237.pcap
NAT_ENH_EXP_ICMP_ENV_LOSSY_SESS_0237_W0008,DS1_NATIVE_IPSEC_ENHANCED,1,EXP_ICMP_ENV_LOSSY,GRP_EXP_ICMP_ENV_LOSSY_SESS_0237,SESS_0237,8,ICMP,ENV_LOSSY,2.946929,13.5735,13587.0258,0.075562,0.10958,1001.0,316.17,42.0,1126.0,1066.0,1126.0,1126.0,1126.0,0.0056,EXP_ICMP_ENV_LOSSY_SESS_0237.pcap
NAT_ENH_EXP_ICMP_ENV_LOSSY_SESS_0237_W0009,DS1_NATIVE_IPSEC_ENHANCED,1,EXP_ICMP_ENV_LOSSY,GRP_EXP_ICMP_ENV_LOSSY_SESS_0237,SESS_0237,9,ICMP,ENV_LOSSY,2.681149,13.8001,13696.3667,0.074476,0.108098,992.49,327.17,42.0,1126.0,1066.0,1126.0,1126.0,1126.0,0.0061,EXP_ICMP_ENV_LOSSY_SESS_0237.pcap
NAT_ENH_EXP_ICMP_ENV_LOSSY_SESS_0237_W0010,DS1_NATIVE_IPSEC_ENHANCED,1,EXP_ICMP_ENV_LOSSY,GRP_EXP_ICMP_ENV_LOSSY_SESS_0237,SESS_0237,10,ICMP,ENV_LOSSY,2.680764,13.802,13698.334,0.074466,0.10806,992.49,327.17,42.0,1126.0,1066.0,1126.0,1126.0,1126.0,0.0061,EXP_ICMP_ENV_LOSSY_SESS_0237.pcap
NAT_ENH_EXP_ICMP_ENV_LOSSY_SESS_0237_W0011,DS1_NATIVE_IPSEC_ENHANCED,1,EXP_ICMP_ENV_LOSSY,GRP_EXP_ICMP_ENV_LOSSY_SESS_0237,SESS_0237,11,ICMP,ENV_LOSSY,2.678218,13.0684,13659.0828,0.078771,0.118515,1045.2,248.49,42.0,1126.0,1066.0,1126.0,1126.0,1126.0,0.0023,EXP_ICMP_ENV_LOSSY_SESS_0237.pcap
NAT_ENH_EXP_ICMP_ENV_LOSSY_SESS_0238_W0000,DS1_NATIVE_IPSEC_ENHANCED,1,EXP_ICMP_ENV_LOSSY,GRP_EXP_ICMP_ENV_LOSSY_SESS_0238,SESS_0238,0,ICMP,ENV_LOSSY,2.946641,27.8283,27282.5909,0.036378,0.077729,980.39,338.15,42.0,1126.0,1066.0,1126.0,1126.0,1126.0,0.0095,EXP_ICMP_ENV_LOSSY_SESS_0238.pcap
NAT_ENH_EXP_ICMP_ENV_LOSSY_SESS_0238_W0001,DS1_NATIVE_IPSEC_ENHANCED,1,EXP_ICMP_ENV_LOSSY,GRP_EXP_ICMP_ENV_LOSSY_SESS_0238,SESS_0238,1,ICMP,ENV_LOSSY,2.666795,39.3731,41217.2662,0.025642,0.05568,1046.84,241.94,42.0,1126.0,1066.0,1126.0,1126.0,1126.0,0.0039,EXP_ICMP_ENV_LOSSY_SESS_0238.pcap
NAT_ENH_EXP_ICMP_ENV_LOSSY_SESS_0238_W0002,DS1_NATIVE_IPSEC_ENHANCED,1,EXP_ICMP_ENV_LOSSY,GRP_EXP_ICMP_ENV_LOSSY_SESS_0238,SESS_0238,2,ICMP,ENV_LOSSY,2.926166,43.7432,46604.3271,0.023041,0.049163,1065.41,203.28,42.0,1126.0,1066.0,1126.0,1126.0,1126.0,0.0025,EXP_ICMP_ENV_LOSSY_SESS_0238.pcap
NAT_ENH_EXP_ICMP_ENV_LOSSY_SESS_0238_W0003,DS1_NATIVE_IPSEC_ENHANCED,1,EXP_ICMP_ENV_LOSSY,GRP_EXP_ICMP_ENV_LOSSY_SESS_0238,SESS_0238,3,ICMP,ENV_LOSSY,2.978781,51.0276,55747.6366,0.019727,0.028872,1092.5,120.25,70.0,1126.0,1066.0,1126.0,1126.0,1126.0,0.001,EXP_ICMP_ENV_LOSSY_SESS_0238.pcap
NAT_ENH_EXP_ICMP_ENV_LOSSY_SESS_0238_W0004,DS1_NATIVE_IPSEC_ENHANCED,1,EXP_ICMP_ENV_LOSSY,GRP_EXP_ICMP_ENV_LOSSY_SESS_0238,SESS_0238,4,ICMP,ENV_LOSSY,2.933089,52.8453,57740.491,0.019046,0.027169,1092.63,120.25,70.0,1126.0,1066.0,1126.0,1126.0,1126.0,0.0008,EXP_ICMP_ENV_LOSSY_SESS_0238.pcap
NAT_ENH_EXP_ICMP_ENV_LOSSY_SESS_0239_W0000,DS1_NATIVE_IPSEC_ENHANCED,1,EXP_ICMP_ENV_LOSSY,GRP_EXP_ICMP_ENV_LOSSY_SESS_0239,SESS_0239,0,ICMP,ENV_LOSSY,2.883948,16.9906,15218.7218,0.060082,0.12075,895.71,416.13,42.0,1126.0,1066.0,1126.0,1126.0,1126.0,0.0175,EXP_ICMP_ENV_LOSSY_SESS_0239.pcap
NAT_ENH_EXP_ICMP_ENV_LOSSY_SESS_0239_W0001,DS1_NATIVE_IPSEC_ENHANCED,1,EXP_ICMP_ENV_LOSSY,GRP_EXP_ICMP_ENV_LOSSY_SESS_0239,SESS_0239,1,ICMP,ENV_LOSSY,2.464624,25.156,24469.4509,0.040404,0.059119,972.71,347.37,42.0,1126.0,1066.0,1126.0,1126.0,1126.0,0.0098,EXP_ICMP_ENV_LOSSY_SESS_0239.pcap
NAT_ENH_EXP_ICMP_ENV_LOSSY_SESS_0239_W0002,DS1_NATIVE_IPSEC_ENHANCED,1,EXP_ICMP_ENV_LOSSY,GRP_EXP_ICMP_ENV_LOSSY_SESS_0239,SESS_0239,2,ICMP,ENV_LOSSY,2.951374,25.0731,24930.7606,0.04043,0.058823,994.32,321.94,42.0,1126.0,1066.0,1126.0,1126.0,1126.0,0.008,EXP_ICMP_ENV_LOSSY_SESS_0239.pcap
NAT_ENH_EXP_ICMP_ENV_LOSSY_SESS_0239_W0003,DS1_NATIVE_IPSEC_ENHANCED,1,EXP_ICMP_ENV_LOSSY,GRP_EXP_ICMP_ENV_LOSSY_SESS_0239,SESS_0239,3,ICMP,ENV_LOSSY,2.915787,26.065,28479.4467,0.038877,0.056161,1092.63,119.13,90.0,1126.0,1066.0,1126.0,1126.0,1126.0,0.0011,EXP_ICMP_ENV_LOSSY_SESS_0239.pcap
NAT_ENH_EXP_ICMP_ENV_LOSSY_SESS_0239_W0004,DS1_NATIVE_IPSEC_ENHANCED,1,EXP_ICMP_ENV_LOSSY,GRP_EXP_ICMP_ENV_LOSSY_SESS_0239,SESS_0239,4,ICMP,ENV_LOSSY,2.899476,25.8667,28608.6171,0.039182,0.056461,1106.0,28.28,1066.0,1126.0,1066.0,1126.0,1126.0,1126.0,0.5137,EXP_ICMP_ENV_LOSSY_SESS_0239.pcap
NAT_ENH_EXP_ICMP_ENV_LOSSY_SESS_0239_W0005,DS1_NATIVE_IPSEC_ENHANCED,1,EXP_ICMP_ENV_LOSSY,GRP_EXP_ICMP_ENV_LOSSY_SESS_0239,SESS_0239,5,ICMP,ENV_LOSSY,2.895758,25.9,28645.348,0.039132,0.05638,1106.0,28.28,1066.0,1126.0,1066.0,1126.0,1126.0,1126.0,0.5137,EXP_ICMP_ENV_LOSSY_SESS_0239.pcap
NAT_ENH_EXP_ICMP_ENV_LOSSY_SESS_0239_W0006,DS1_NATIVE_IPSEC_ENHANCED,1,EXP_ICMP_ENV_LOSSY,GRP_EXP_ICMP_ENV_LOSSY_SESS_0239,SESS_0239,6,ICMP,ENV_LOSSY,2.893818,26.6084,28712.9308,0.038077,0.05442,1079.09,167.13,70.0,1126.0,1066.0,1126.0,1126.0,1126.0,0.0017,EXP_ICMP_ENV_LOSSY_SESS_0239.pcap
NAT_ENH_EXP_ICMP_ENV_LOSSY_SESS_0239_W0007,DS1_NATIVE_IPSEC_ENHANCED,1,EXP_ICMP_ENV_LOSSY,GRP_EXP_ICMP_ENV_LOSSY_SESS_0239,SESS_0239,7,ICMP,ENV_LOSSY,2.888449,26.6579,28766.3038,0.038006,0.054309,1079.09,167.13,70.0,1126.0,1066.0,1126.0,1126.0,1126.0,0.0017,EXP_ICMP_ENV_LOSSY_SESS_0239.pcap
NAT_ENH_EXP_ICMP_ENV_LOSSY_SESS_0240_W0000,DS1_NATIVE_IPSEC_ENHANCED,1,EXP_ICMP_ENV_LOSSY,GRP_EXP_ICMP_ENV_LOSSY_SESS_0240,SESS_0240,0,ICMP,ENV_LOSSY,2.921809,10.9521,8238.7317,0.094252,0.194341,752.25,489.43,42.0,1126.0,90.0,1066.0,1126.0,1126.0,0.0364,EXP_ICMP_ENV_LOSSY_SESS_0240.pcap
NAT_ENH_EXP_ICMP_ENV_LOSSY_SESS_0240_W0001,DS1_NATIVE_IPSEC_ENHANCED,1,EXP_ICMP_ENV_LOSSY,GRP_EXP_ICMP_ENV_LOSSY_SESS_0240,SESS_0240,1,ICMP,ENV_LOSSY,2.266054,15.4454,13435.6909,0.066649,0.10378,869.89,434.58,42.0,1126.0,1066.0,1126.0,1126.0,1126.0,0.0196,EXP_ICMP_ENV_LOSSY_SESS_0240.pcap
NAT_ENH_EXP_ICMP_ENV_LOSSY_SESS_0240_W0002,DS1_NATIVE_IPSEC_ENHANCED,1,EXP_ICMP_ENV_LOSSY,GRP_EXP_ICMP_ENV_LOSSY_SESS_0240,SESS_0240,2,ICMP,ENV_LOSSY,2.868017,15.3416,14086.3881,0.066698,0.101909,918.18,399.33,42.0,1126.0,1066.0,1126.0,1126.0,1126.0,0.0147,EXP_ICMP_ENV_LOSSY_SESS_0240.pcap
NAT_ENH_EXP_ICMP_ENV_LOSSY_SESS_0240_W0003,DS1_NATIVE_IPSEC_ENHANCED,1,EXP_ICMP_ENV_LOSSY,GRP_EXP_ICMP_ENV_LOSSY_SESS_0240,SESS_0240,3,ICMP,ENV_LOSSY,2.826054,16.2771,16530.4691,0.062801,0.089628,1015.57,294.37,42.0,1126.0,1066.0,1126.0,1126.0,1126.0,0.0057,EXP_ICMP_ENV_LOSSY_SESS_0240.pcap
NAT_ENH_EXP_ICMP_ENV_LOSSY_SESS_0240_W0004,DS1_NATIVE_IPSEC_ENHANCED,1,EXP_ICMP_ENV_LOSSY,GRP_EXP_ICMP_ENV_LOSSY_SESS_0240,SESS_0240,4,ICMP,ENV_LOSSY,2.873356,16.0092,17345.5702,0.063852,0.092356,1083.48,153.65,70.0,1126.0,1066.0,1126.0,1126.0,1126.0,0.0014,EXP_ICMP_ENV_LOSSY_SESS_0240.pcap
NAT_ENH_EXP_ICMP_ENV_LOSSY_SESS_0240_W0005,DS1_NATIVE_IPSEC_ENHANCED,1,EXP_ICMP_ENV_LOSSY,GRP_EXP_ICMP_ENV_LOSSY_SESS_0240,SESS_0240,5,ICMP,ENV_LOSSY,2.809257,16.7304,17766.2633,0.061071,0.088029,1061.91,210.94,70.0,1126.0,1066.0,1126.0,1126.0,1126.0,0.0028,EXP_ICMP_ENV_LOSSY_SESS_0240.pcap
NAT_ENH_EXP_ICMP_ENV_LOSSY_SESS_0240_W0006,DS1_NATIVE_IPSEC_ENHANCED,1,EXP_ICMP_ENV_LOSSY,GRP_EXP_ICMP_ENV_LOSSY_SESS_0240,SESS_0240,6,ICMP,ENV_LOSSY,2.811435,16.7174,17752.5002,0.061118,0.088115,1061.91,210.94,70.0,1126.0,1066.0,1126.0,1126.0,1126.0,0.0028,EXP_ICMP_ENV_LOSSY_SESS_0240.pcap
NAT_ENH_EXP_ICMP_ENV_LOSSY_SESS_0240_W0007,DS1_NATIVE_IPSEC_ENHANCED,1,EXP_ICMP_ENV_LOSSY,GRP_EXP_ICMP_ENV_LOSSY_SESS_0240,SESS_0240,7,ICMP,ENV_LOSSY,2.814237,16.7008,17734.824,0.061179,0.088213,1061.91,210.94,70.0,1126.0,1066.0,1126.0,1126.0,1126.0,0.0028,EXP_ICMP_ENV_LOSSY_SESS_0240.pcap
NAT_ENH_EXP_ICMP_ENV_LOSSY_SESS_0240_W0008,DS1_NATIVE_IPSEC_ENHANCED,1,EXP_ICMP_ENV_LOSSY,GRP_EXP_ICMP_ENV_LOSSY_SESS_0240,SESS_0240,8,ICMP,ENV_LOSSY,2.679769,17.1657,17417.919,0.05955,0.085774,1014.7,297.12,42.0,1126.0,1066.0,1126.0,1126.0,1126.0,0.0048,EXP_ICMP_ENV_LOSSY_SESS_0240.pcap
NAT_ENH_EXP_ICMP_ENV_LOW_LATENCY_SESS_W0000,DS1_NATIVE_IPSEC_ENHANCED,1,EXP_ICMP_ENV_LOW,GRP_EXP_ICMP_ENV_LOW_LATENCY_SESS,LATENCY_SESS,0,ICMP,ENV_LOW,2.884342,13.868,11766.982,0.073957,0.12339,848.5,446.77,42.0,1126.0,822.0,1096.0,1126.0,1126.0,0.0229,EXP_ICMP_ENV_LOW_LATENCY_SESS_0196.pcap
NAT_ENH_EXP_ICMP_ENV_LOW_LATENCY_SESS_W0001,DS1_NATIVE_IPSEC_ENHANCED,1,EXP_ICMP_ENV_LOW,GRP_EXP_ICMP_ENV_LOW_LATENCY_SESS,LATENCY_SESS,1,ICMP,ENV_LOW,2.956533,18.2646,17061.8764,0.055784,0.090273,934.15,385.22,42.0,1126.0,1066.0,1126.0,1126.0,1126.0,0.0135,EXP_ICMP_ENV_LOW_LATENCY_SESS_0196.pcap
NAT_ENH_EXP_ICMP_ENV_LOW_LATENCY_SESS_W0002,DS1_NATIVE_IPSEC_ENHANCED,1,EXP_ICMP_ENV_LOW,GRP_EXP_ICMP_ENV_LOW_LATENCY_SESS,LATENCY_SESS,2,ICMP,ENV_LOW,2.956241,21.3108,21468.4788,0.047681,0.07846,1007.4,305.18,42.0,1126.0,1066.0,1126.0,1126.0,1126.0,0.0067,EXP_ICMP_ENV_LOW_LATENCY_SESS_0196.pcap
NAT_ENH_EXP_ICMP_ENV_LOW_LATENCY_SESS_W0003,DS1_NATIVE_IPSEC_ENHANCED,1,EXP_ICMP_ENV_LOW,GRP_EXP_ICMP_ENV_LOW_LATENCY_SESS,LATENCY_SESS,3,ICMP,ENV_LOW,2.828103,25.4588,27045.6904,0.039832,0.057466,1062.33,211.29,42.0,1126.0,1066.0,1126.0,1126.0,1126.0,0.0023,EXP_ICMP_ENV_LOW_LATENCY_SESS_0196.pcap
NAT_ENH_EXP_ICMP_ENV_LOW_LATENCY_SESS_W0004,DS1_NATIVE_IPSEC_ENHANCED,1,EXP_ICMP_ENV_LOW,GRP_EXP_ICMP_ENV_LOW_LATENCY_SESS,LATENCY_SESS,4,ICMP,ENV_LOW,2.900845,25.8545,28595.1181,0.039201,0.056478,1106.0,28.28,1066.0,1126.0,1066.0,1126.0,1126.0,1126.0,0.5137,EXP_ICMP_ENV_LOW_LATENCY_SESS_0196.pcap
NAT_ENH_EXP_ICMP_ENV_LOW_LATENCY_SESS_W0005,DS1_NATIVE_IPSEC_ENHANCED,1,EXP_ICMP_ENV_LOW,GRP_EXP_ICMP_ENV_LOW_LATENCY_SESS,LATENCY_SESS,5,ICMP,ENV_LOW,2.895912,26.5892,28692.1709,0.038104,0.055604,1079.09,167.13,70.0,1126.0,1066.0,1126.0,1126.0,1126.0,0.0017,EXP_ICMP_ENV_LOW_LATENCY_SESS_0196.pcap
NAT_ENH_EXP_ICMP_ENV_LOW_LATENCY_SESS_W0006,DS1_NATIVE_IPSEC_ENHANCED,1,EXP_ICMP_ENV_LOW,GRP_EXP_ICMP_ENV_LOW_LATENCY_SESS,LATENCY_SESS,6,ICMP,ENV_LOW,2.891739,26.6276,28733.5739,0.038049,0.055532,1079.09,167.13,70.0,1126.0,1066.0,1126.0,1126.0,1126.0,0.0017,EXP_ICMP_ENV_LOW_LATENCY_SESS_0196.pcap
NAT_ENH_EXP_ICMP_ENV_LOW_LATENCY_SESS_W0007,DS1_NATIVE_IPSEC_ENHANCED,1,EXP_ICMP_ENV_LOW,GRP_EXP_ICMP_ENV_LOW_LATENCY_SESS,LATENCY_SESS,7,ICMP,ENV_LOW,2.771643,26.699,28781.4853,0.037968,0.055487,1078.0,170.3,70.0,1126.0,1066.0,1126.0,1126.0,1126.0,0.0018,EXP_ICMP_ENV_LOW_LATENCY_SESS_0196.pcap
NAT_ENH_EXP_ICMP_ENV_LOW_LATENCY_SESS_W0000,DS1_NATIVE_IPSEC_ENHANCED,1,EXP_ICMP_ENV_LOW,GRP_EXP_ICMP_ENV_LOW_LATENCY_SESS,LATENCY_SESS,0,ICMP,ENV_LOW,2.925315,11.2808,8259.6229,0.091416,0.151072,732.18,495.14,42.0,1126.0,90.0,1066.0,1126.0,1126.0,0.0403,EXP_ICMP_ENV_LOW_LATENCY_SESS_0197.pcap
NAT_ENH_EXP_ICMP_ENV_LOW_LATENCY_SESS_W0001,DS1_NATIVE_IPSEC_ENHANCED,1,EXP_ICMP_ENV_LOW,GRP_EXP_ICMP_ENV_LOW_LATENCY_SESS,LATENCY_SESS,1,ICMP,ENV_LOW,2.404645,14.5552,12661.3286,0.070725,0.109675,869.89,434.58,42.0,1126.0,1066.0,1126.0,1126.0,1126.0,0.0196,EXP_ICMP_ENV_LOW_LATENCY_SESS_0197.pcap
NAT_ENH_EXP_ICMP_ENV_LOW_LATENCY_SESS_W0002,DS1_NATIVE_IPSEC_ENHANCED,1,EXP_ICMP_ENV_LOW,GRP_EXP_ICMP_ENV_LOW_LATENCY_SESS,LATENCY_SESS,2,ICMP,ENV_LOW,2.939189,13.9494,12616.4056,0.07348,0.112454,904.44,410.25,42.0,1126.0,1066.0,1126.0,1126.0,1126.0,0.016,EXP_ICMP_ENV_LOW_LATENCY_SESS_0197.pcap
NAT_ENH_EXP_ICMP_ENV_LOW_LATENCY_SESS_W0003,DS1_NATIVE_IPSEC_ENHANCED,1,EXP_ICMP_ENV_LOW,GRP_EXP_ICMP_ENV_LOW_LATENCY_SESS,LATENCY_SESS,3,ICMP,ENV_LOW,2.676948,12.701,13667.8034,0.08112,0.121009,1076.12,173.91,90.0,1126.0,1066.0,1126.0,1126.0,1126.0,0.0025,EXP_ICMP_ENV_LOW_LATENCY_SESS_0197.pcap
NAT_ENH_EXP_ICMP_ENV_LOW_LATENCY_SESS_W0004,DS1_NATIVE_IPSEC_ENHANCED,1,EXP_ICMP_ENV_LOW,GRP_EXP_ICMP_ENV_LOW_LATENCY_SESS,LATENCY_SESS,4,ICMP,ENV_LOW,2.678724,12.6926,13658.7417,0.081173,0.121089,1076.12,173.91,90.0,1126.0,1066.0,1126.0,1126.0,1126.0,0.0025,EXP_ICMP_ENV_LOW_LATENCY_SESS_0197.pcap
NAT_ENH_EXP_ICMP_ENV_LOW_LATENCY_SESS_W0005,DS1_NATIVE_IPSEC_ENHANCED,1,EXP_ICMP_ENV_LOW,GRP_EXP_ICMP_ENV_LOW_LATENCY_SESS,LATENCY_SESS,5,ICMP,ENV_LOW,2.678205,13.0685,13680.058,0.078771,0.119103,1046.8,242.03,70.0,1126.0,1066.0,1126.0,1126.0,1126.0,0.0038,EXP_ICMP_ENV_LOW_LATENCY_SESS_0197.pcap
NAT_ENH_EXP_ICMP_ENV_LOW_LATENCY_SESS_W0006,DS1_NATIVE_IPSEC_ENHANCED,1,EXP_ICMP_ENV_LOW,GRP_EXP_ICMP_ENV_LOW_LATENCY_SESS,LATENCY_SESS,6,ICMP,ENV_LOW,2.676103,13.0787,13690.8028,0.078709,0.118996,1046.8,242.03,70.0,1126.0,1066.0,1126.0,1126.0,1126.0,0.0038,EXP_ICMP_ENV_LOW_LATENCY_SESS_0197.pcap
NAT_ENH_EXP_ICMP_ENV_LOW_LATENCY_SESS_W0007,DS1_NATIVE_IPSEC_ENHANCED,1,EXP_ICMP_ENV_LOW,GRP_EXP_ICMP_ENV_LOW_LATENCY_SESS,LATENCY_SESS,7,ICMP,ENV_LOW,2.677814,13.8172,13713.4244,0.074384,0.116002,992.49,327.17,42.0,1126.0,1066.0,1126.0,1126.0,1126.0,0.0061,EXP_ICMP_ENV_LOW_LATENCY_SESS_0197.pcap
NAT_ENH_EXP_ICMP_ENV_LOW_LATENCY_SESS_W0008,DS1_NATIVE_IPSEC_ENHANCED,1,EXP_ICMP_ENV_LOW,GRP_EXP_ICMP_ENV_LOW_LATENCY_SESS,LATENCY_SESS,8,ICMP,ENV_LOW,2.680171,13.8051,13701.3657,0.074449,0.116107,992.49,327.17,42.0,1126.0,1066.0,1126.0,1126.0,1126.0,0.0061,EXP_ICMP_ENV_LOW_LATENCY_SESS_0197.pcap
NAT_ENH_EXP_ICMP_ENV_LOW_LATENCY_SESS_W0009,DS1_NATIVE_IPSEC_ENHANCED,1,EXP_ICMP_ENV_LOW,GRP_EXP_ICMP_ENV_LOW_LATENCY_SESS,LATENCY_SESS,9,ICMP,ENV_LOW,2.944637,13.584,13597.6011,0.075504,0.116835,1001.0,316.17,42.0,1126.0,1066.0,1126.0,1126.0,1126.0,0.0056,EXP_ICMP_ENV_LOW_LATENCY_SESS_0197.pcap
NAT_ENH_EXP_ICMP_ENV_LOW_LATENCY_SESS_W0010,DS1_NATIVE_IPSEC_ENHANCED,1,EXP_ICMP_ENV_LOW,GRP_EXP_ICMP_ENV_LOW_LATENCY_SESS,LATENCY_SESS,10,ICMP,ENV_LOW,2.680323,13.8043,13700.5882,0.074453,0.116111,992.49,327.17,42.0,1126.0,1066.0,1126.0,1126.0,1126.0,0.0061,EXP_ICMP_ENV_LOW_LATENCY_SESS_0197.pcap
NAT_ENH_EXP_ICMP_ENV_LOW_LATENCY_SESS_W0011,DS1_NATIVE_IPSEC_ENHANCED,1,EXP_ICMP_ENV_LOW,GRP_EXP_ICMP_ENV_LOW_LATENCY_SESS,LATENCY_SESS,11,ICMP,ENV_LOW,2.678696,13.0661,13656.6453,0.078785,0.120822,1045.2,248.49,42.0,1126.0,1066.0,1126.0,1126.0,1126.0,0.0023,EXP_ICMP_ENV_LOW_LATENCY_SESS_0197.pcap
NAT_ENH_EXP_ICMP_ENV_LOW_LATENCY_SESS_W0000,DS1_NATIVE_IPSEC_ENHANCED,1,EXP_ICMP_ENV_LOW,GRP_EXP_ICMP_ENV_LOW_LATENCY_SESS,LATENCY_SESS,0,ICMP,ENV_LOW,2.951389,27.7835,27237.3442,0.036437,0.10579,980.34,338.28,42.0,1126.0,1066.0,1126.0,1126.0,1126.0,0.0095,EXP_ICMP_ENV_LOW_LATENCY_SESS_0198.pcap
NAT_ENH_EXP_ICMP_ENV_LOW_LATENCY_SESS_W0001,DS1_NATIVE_IPSEC_ENHANCED,1,EXP_ICMP_ENV_LOW,GRP_EXP_ICMP_ENV_LOW_LATENCY_SESS,LATENCY_SESS,1,ICMP,ENV_LOW,2.514649,38.9716,39816.29,0.025924,0.038555,1021.67,284.19,42.0,1126.0,1066.0,1126.0,1126.0,1126.0,0.0059,EXP_ICMP_ENV_LOW_LATENCY_SESS_0198.pcap
NAT_ENH_EXP_ICMP_ENV_LOW_LATENCY_SESS_W0002,DS1_NATIVE_IPSEC_ENHANCED,1,EXP_ICMP_ENV_LOW,GRP_EXP_ICMP_ENV_LOW_LATENCY_SESS,LATENCY_SESS,2,ICMP,ENV_LOW,2.964908,37.4379,39336.8007,0.026954,0.039356,1050.72,232.89,70.0,1126.0,1066.0,1126.0,1126.0,1126.0,0.0043,EXP_ICMP_ENV_LOW_LATENCY_SESS_0198.pcap
NAT_ENH_EXP_ICMP_ENV_LOW_LATENCY_SESS_W0003,DS1_NATIVE_IPSEC_ENHANCED,1,EXP_ICMP_ENV_LOW,GRP_EXP_ICMP_ENV_LOW_LATENCY_SESS,LATENCY_SESS,3,ICMP,ENV_LOW,2.862074,35.6385,39416.1697,0.028337,0.040584,1106.0,28.28,1066.0,1126.0,1066.0,1126.0,1126.0,1126.0,0.5137,EXP_ICMP_ENV_LOW_LATENCY_SESS_0198.pcap
NAT_ENH_EXP_ICMP_ENV_LOW_LATENCY_SESS_W0004,DS1_NATIVE_IPSEC_ENHANCED,1,EXP_ICMP_ENV_LOW,GRP_EXP_ICMP_ENV_LOW_LATENCY_SESS,LATENCY_SESS,4,ICMP,ENV_LOW,2.862112,35.638,39415.6477,0.028338,0.040578,1106.0,28.28,1066.0,1126.0,1066.0,1126.0,1126.0,1126.0,0.5137,EXP_ICMP_ENV_LOW_LATENCY_SESS_0198.pcap
NAT_ENH_EXP_ICMP_ENV_LOW_LATENCY_SESS_W0005,DS1_NATIVE_IPSEC_ENHANCED,1,EXP_ICMP_ENV_LOW,GRP_EXP_ICMP_ENV_LOW_LATENCY_SESS,LATENCY_SESS,5,ICMP,ENV_LOW,2.948527,36.2893,39433.2479,0.027816,0.039747,1086.64,143.08,70.0,1126.0,1066.0,1126.0,1126.0,1126.0,0.0012,EXP_ICMP_ENV_LOW_LATENCY_SESS_0198.pcap
NAT_ENH_EXP_ICMP_ENV_LOW_LATENCY_SESS_W0006,DS1_NATIVE_IPSEC_ENHANCED,1,EXP_ICMP_ENV_LOW,GRP_EXP_ICMP_ENV_LOW_LATENCY_SESS,LATENCY_SESS,6,ICMP,ENV_LOW,2.953371,36.2298,39368.5749,0.027862,0.039811,1086.64,143.08,70.0,1126.0,1066.0,1126.0,1126.0,1126.0,0.0012,EXP_ICMP_ENV_LOW_LATENCY_SESS_0198.pcap
NAT_ENH_EXP_ICMP_ENV_LOW_LATENCY_SESS_W0000,DS1_NATIVE_IPSEC_ENHANCED,1,EXP_ICMP_ENV_LOW,GRP_EXP_ICMP_ENV_LOW_LATENCY_SESS,LATENCY_SESS,0,ICMP,ENV_LOW,2.995939,19.0258,16924.9106,0.053499,0.128737,889.58,419.93,42.0,1126.0,1066.0,1126.0,1126.0,1126.0,0.0188,EXP_ICMP_ENV_LOW_LATENCY_SESS_0199.pcap
NAT_ENH_EXP_ICMP_ENV_LOW_LATENCY_SESS_W0001,DS1_NATIVE_IPSEC_ENHANCED,1,EXP_ICMP_ENV_LOW,GRP_EXP_ICMP_ENV_LOW_LATENCY_SESS,LATENCY_SESS,1,ICMP,ENV_LOW,2.893459,23.8469,23166.0458,0.042551,0.114098,971.45,348.48,42.0,1126.0,1066.0,1126.0,1126.0,1126.0,0.0101,EXP_ICMP_ENV_LOW_LATENCY_SESS_0199.pcap
NAT_ENH_EXP_ICMP_ENV_LOW_LATENCY_SESS_W0002,DS1_NATIVE_IPSEC_ENHANCED,1,EXP_ICMP_ENV_LOW,GRP_EXP_ICMP_ENV_LOW_LATENCY_SESS,LATENCY_SESS,2,ICMP,ENV_LOW,2.508917,34.2777,34617.3256,0.029517,0.043535,1009.91,301.32,42.0,1126.0,1066.0,1126.0,1126.0,1126.0,0.0068,EXP_ICMP_ENV_LOW_LATENCY_SESS_0199.pcap
NAT_ENH_EXP_ICMP_ENV_LOW_LATENCY_SESS_W0003,DS1_NATIVE_IPSEC_ENHANCED,1,EXP_ICMP_ENV_LOW,GRP_EXP_ICMP_ENV_LOW_LATENCY_SESS,LATENCY_SESS,3,ICMP,ENV_LOW,2.903849,35.1258,36709.8962,0.028751,0.042427,1045.1,245.2,42.0,1126.0,1066.0,1126.0,1126.0,1126.0,0.004,EXP_ICMP_ENV_LOW_LATENCY_SESS_0199.pcap
NAT_ENH_EXP_ICMP_ENV_LOW_LATENCY_SESS_W0004,DS1_NATIVE_IPSEC_ENHANCED,1,EXP_ICMP_ENV_LOW,GRP_EXP_ICMP_ENV_LOW_LATENCY_SESS,LATENCY_SESS,4,ICMP,ENV_LOW,2.946681,35.9727,39440.9843,0.028064,0.04021,1096.42,102.17,90.0,1126.0,1066.0,1126.0,1126.0,1126.0,0.0008,EXP_ICMP_ENV_LOW_LATENCY_SESS_0199.pcap
NAT_ENH_EXP_ICMP_ENV_LOW_LATENCY_SESS_W0005,DS1_NATIVE_IPSEC_ENHANCED,1,EXP_ICMP_ENV_LOW,GRP_EXP_ICMP_ENV_LOW_LATENCY_SESS,LATENCY_SESS,5,ICMP,ENV_LOW,2.860905,36.0026,39456.7463,0.028048,0.040127,1095.94,105.41,70.0,1126.0,1066.0,1126.0,1126.0,1126.0,0.0006,EXP_ICMP_ENV_LOW_LATENCY_SESS_0199.pcap
NAT_ENH_EXP_ICMP_ENV_LOW_LATENCY_SESS_W0006,DS1_NATIVE_IPSEC_ENHANCED,1,EXP_ICMP_ENV_LOW,GRP_EXP_ICMP_ENV_LOW_LATENCY_SESS,LATENCY_SESS,6,ICMP,ENV_LOW,2.861157,36.3489,39477.7366,0.027778,0.039675,1086.08,145.01,70.0,1126.0,1066.0,1126.0,1126.0,1126.0,0.0012,EXP_ICMP_ENV_LOW_LATENCY_SESS_0199.pcap
NAT_ENH_EXP_ICMP_ENV_LOW_LATENCY_SESS_W0007,DS1_NATIVE_IPSEC_ENHANCED,1,EXP_ICMP_ENV_LOW,GRP_EXP_ICMP_ENV_LOW_LATENCY_SESS,LATENCY_SESS,7,ICMP,ENV_LOW,2.951585,36.2517,39392.3935,0.027845,0.03975,1086.64,143.08,70.0,1126.0,1066.0,1126.0,1126.0,1126.0,0.0012,EXP_ICMP_ENV_LOW_LATENCY_SESS_0199.pcap
NAT_ENH_EXP_ICMP_ENV_LOW_LATENCY_SESS_W0008,DS1_NATIVE_IPSEC_ENHANCED,1,EXP_ICMP_ENV_LOW,GRP_EXP_ICMP_ENV_LOW_LATENCY_SESS,LATENCY_SESS,8,ICMP,ENV_LOW,2.953632,36.9037,39393.5316,0.027348,0.039036,1067.47,199.38,42.0,1126.0,1066.0,1126.0,1126.0,1126.0,0.0019,EXP_ICMP_ENV_LOW_LATENCY_SESS_0199.pcap
NAT_ENH_EXP_ICMP_ENV_LOW_LATENCY_SESS_W0009,DS1_NATIVE_IPSEC_ENHANCED,1,EXP_ICMP_ENV_LOW,GRP_EXP_ICMP_ENV_LOW_LATENCY_SESS,LATENCY_SESS,9,ICMP,ENV_LOW,2.865412,36.9929,39448.4284,0.02729,0.038955,1066.38,202.02,42.0,1126.0,1066.0,1126.0,1126.0,1126.0,0.002,EXP_ICMP_ENV_LOW_LATENCY_SESS_0199.pcap
NAT_ENH_EXP_ICMP_ENV_LOW_LATENCY_SESS_W0000,DS1_NATIVE_IPSEC_ENHANCED,1,EXP_ICMP_ENV_LOW,GRP_EXP_ICMP_ENV_LOW_LATENCY_SESS,LATENCY_SESS,0,ICMP,ENV_LOW,2.932281,12.6182,10443.0646,0.081452,0.134784,827.62,458.16,42.0,1126.0,90.0,1066.0,1126.0,1126.0,0.0255,EXP_ICMP_ENV_LOW_LATENCY_SESS_0200.pcap
NAT_ENH_EXP_ICMP_ENV_LOW_LATENCY_SESS_W0001,DS1_NATIVE_IPSEC_ENHANCED,1,EXP_ICMP_ENV_LOW,GRP_EXP_ICMP_ENV_LOW_LATENCY_SESS,LATENCY_SESS,1,ICMP,ENV_LOW,2.651362,16.5952,15237.4519,0.06166,0.096829,918.18,399.33,42.0,1126.0,1066.0,1126.0,1126.0,1126.0,0.0147,EXP_ICMP_ENV_LOW_LATENCY_SESS_0200.pcap
NAT_ENH_EXP_ICMP_ENV_LOW_LATENCY_SESS_W0002,DS1_NATIVE_IPSEC_ENHANCED,1,EXP_ICMP_ENV_LOW,GRP_EXP_ICMP_ENV_LOW_LATENCY_SESS,LATENCY_SESS,2,ICMP,ENV_LOW,2.728868,18.6891,18393.7075,0.054577,0.081375,984.2,334.71,42.0,1126.0,1066.0,1126.0,1126.0,1126.0,0.0085,EXP_ICMP_ENV_LOW_LATENCY_SESS_0200.pcap
NAT_ENH_EXP_ICMP_ENV_LOW_LATENCY_SESS_W0003,DS1_NATIVE_IPSEC_ENHANCED,1,EXP_ICMP_ENV_LOW,GRP_EXP_ICMP_ENV_LOW_LATENCY_SESS,LATENCY_SESS,3,ICMP,ENV_LOW,2.734888,20.8418,21901.4447,0.048837,0.072451,1050.84,235.69,42.0,1126.0,1066.0,1126.0,1126.0,1126.0,0.0029,EXP_ICMP_ENV_LOW_LATENCY_SESS_0200.pcap
NAT_ENH_EXP_ICMP_ENV_LOW_LATENCY_SESS_W0004,DS1_NATIVE_IPSEC_ENHANCED,1,EXP_ICMP_ENV_LOW,GRP_EXP_ICMP_ENV_LOW_LATENCY_SESS,LATENCY_SESS,4,ICMP,ENV_LOW,2.738655,20.0829,21840.6473,0.050716,0.073707,1087.53,138.61,90.0,1126.0,1066.0,1126.0,1126.0,1126.0,0.0015,EXP_ICMP_ENV_LOW_LATENCY_SESS_0200.pcap
NAT_ENH_EXP_ICMP_ENV_LOW_LATENCY_SESS_W0005,DS1_NATIVE_IPSEC_ENHANCED,1,EXP_ICMP_ENV_LOW,GRP_EXP_ICMP_ENV_LOW_LATENCY_SESS,LATENCY_SESS,5,ICMP,ENV_LOW,2.750843,20.3574,21762.0558,0.050015,0.072446,1069.0,194.25,70.0,1126.0,1066.0,1126.0,1126.0,1126.0,0.0023,EXP_ICMP_ENV_LOW_LATENCY_SESS_0200.pcap
NAT_ENH_EXP_ICMP_ENV_LOW_LATENCY_SESS_W0006,DS1_NATIVE_IPSEC_ENHANCED,1,EXP_ICMP_ENV_LOW,GRP_EXP_ICMP_ENV_LOW_LATENCY_SESS,LATENCY_SESS,6,ICMP,ENV_LOW,2.894415,20.3841,21828.9368,0.049904,0.072192,1070.88,189.53,70.0,1126.0,1066.0,1126.0,1126.0,1126.0,0.0022,EXP_ICMP_ENV_LOW_LATENCY_SESS_0200.pcap
NAT_ENH_EXP_ICMP_ENV_LOW_LATENCY_SESS_W0007,DS1_NATIVE_IPSEC_ENHANCED,1,EXP_ICMP_ENV_LOW,GRP_EXP_ICMP_ENV_LOW_LATENCY_SESS,LATENCY_SESS,7,ICMP,ENV_LOW,2.894574,20.383,21827.7376,0.049906,0.072204,1070.88,189.53,70.0,1126.0,1066.0,1126.0,1126.0,1126.0,0.0022,EXP_ICMP_ENV_LOW_LATENCY_SESS_0200.pcap
NAT_ENH_EXP_ICMP_ENV_LOW_LATENCY_SESS_W0008,DS1_NATIVE_IPSEC_ENHANCED,1,EXP_ICMP_ENV_LOW,GRP_EXP_ICMP_ENV_LOW_LATENCY_SESS,LATENCY_SESS,8,ICMP,ENV_LOW,2.897489,21.0527,21834.7674,0.048291,0.0701,1037.15,261.37,42.0,1126.0,1066.0,1126.0,1126.0,1126.0,0.0036,EXP_ICMP_ENV_LOW_LATENCY_SESS_0200.pcap
NAT_ENH_EXP_ICMP_ENV_LOW_LATENCY_SESS_W0009,DS1_NATIVE_IPSEC_ENHANCED,1,EXP_ICMP_ENV_LOW,GRP_EXP_ICMP_ENV_LOW_LATENCY_SESS,LATENCY_SESS,9,ICMP,ENV_LOW,2.897295,21.0541,21836.23,0.048288,0.07009,1037.15,261.37,42.0,1126.0,1066.0,1126.0,1126.0,1126.0,0.0036,EXP_ICMP_ENV_LOW_LATENCY_SESS_0200.pcap
NAT_ENH_EXP_ICMP_ENV_LOW_LATENCY_SESS_W0010,DS1_NATIVE_IPSEC_ENHANCED,1,EXP_ICMP_ENV_LOW,GRP_EXP_ICMP_ENV_LOW_LATENCY_SESS,LATENCY_SESS,10,ICMP,ENV_LOW,2.89372,21.0801,21863.2079,0.048229,0.069988,1037.15,261.37,42.0,1126.0,1066.0,1126.0,1126.0,1126.0,0.0036,EXP_ICMP_ENV_LOW_LATENCY_SESS_0200.pcap
NAT_ENH_EXP_ICMP_ENV_LOW_LATENCY_SESS_W0011,DS1_NATIVE_IPSEC_ENHANCED,1,EXP_ICMP_ENV_LOW,GRP_EXP_ICMP_ENV_LOW_LATENCY_SESS,LATENCY_SESS,11,ICMP,ENV_LOW,2.892481,20.3977,21824.1721,0.04987,0.072718,1069.93,194.55,42.0,1126.0,1066.0,1126.0,1126.0,1126.0,0.0013,EXP_ICMP_ENV_LOW_LATENCY_SESS_0200.pcap
NAT_ENH_EXP_ICMP_ENV_LOW_LATENCY_SESS_W0000,DS1_NATIVE_IPSEC_ENHANCED,1,EXP_ICMP_ENV_LOW,GRP_EXP_ICMP_ENV_LOW_LATENCY_SESS,LATENCY_SESS,0,ICMP,ENV_LOW,2.921256,15.4043,12814.3518,0.066392,0.114876,831.87,455.33,42.0,1126.0,90.0,1066.0,1126.0,1126.0,0.0256,EXP_ICMP_ENV_LOW_LATENCY_SESS_0201.pcap
NAT_ENH_EXP_ICMP_ENV_LOW_LATENCY_SESS_W0001,DS1_NATIVE_IPSEC_ENHANCED,1,EXP_ICMP_ENV_LOW,GRP_EXP_ICMP_ENV_LOW_LATENCY_SESS,LATENCY_SESS,1,ICMP,ENV_LOW,2.381688,20.9935,19749.0193,0.048606,0.068843,940.72,379.67,42.0,1126.0,1066.0,1126.0,1126.0,1126.0,0.0126,EXP_ICMP_ENV_LOW_LATENCY_SESS_0201.pcap
NAT_ENH_EXP_ICMP_ENV_LOW_LATENCY_SESS_W0002,DS1_NATIVE_IPSEC_ENHANCED,1,EXP_ICMP_ENV_LOW,GRP_EXP_ICMP_ENV_LOW_LATENCY_SESS,LATENCY_SESS,2,ICMP,ENV_LOW,2.864725,20.5953,19893.7079,0.049392,0.069991,965.93,354.7,42.0,1126.0,1066.0,1126.0,1126.0,1126.0,0.0104,EXP_ICMP_ENV_LOW_LATENCY_SESS_0201.pcap
NAT_ENH_EXP_ICMP_ENV_LOW_LATENCY_SESS_W0003,DS1_NATIVE_IPSEC_ENHANCED,1,EXP_ICMP_ENV_LOW,GRP_EXP_ICMP_ENV_LOW_LATENCY_SESS,LATENCY_SESS,3,ICMP,ENV_LOW,2.733978,20.1172,21878.0124,0.050629,0.073019,1087.53,138.61,90.0,1126.0,1066.0,1126.0,1126.0,1126.0,0.0015,EXP_ICMP_ENV_LOW_LATENCY_SESS_0201.pcap
NAT_ENH_EXP_ICMP_ENV_LOW_LATENCY_SESS_W0004,DS1_NATIVE_IPSEC_ENHANCED,1,EXP_ICMP_ENV_LOW,GRP_EXP_ICMP_ENV_LOW_LATENCY_SESS,LATENCY_SESS,4,ICMP,ENV_LOW,2.735282,19.742,21834.6778,0.051609,0.075009,1106.0,28.28,1066.0,1126.0,1066.0,1126.0,1126.0,1126.0,0.5137,EXP_ICMP_ENV_LOW_LATENCY_SESS_0201.pcap
NAT_ENH_EXP_ICMP_ENV_LOW_LATENCY_SESS_W0005,DS1_NATIVE_IPSEC_ENHANCED,1,EXP_ICMP_ENV_LOW,GRP_EXP_ICMP_ENV_LOW_LATENCY_SESS,LATENCY_SESS,5,ICMP,ENV_LOW,2.895932,20.3734,21817.5015,0.04993,0.072344,1070.88,189.53,70.0,1126.0,1066.0,1126.0,1126.0,1126.0,0.0022,EXP_ICMP_ENV_LOW_LATENCY_SESS_0201.pcap
NAT_ENH_EXP_ICMP_ENV_LOW_LATENCY_SESS_W0006,DS1_NATIVE_IPSEC_ENHANCED,1,EXP_ICMP_ENV_LOW,GRP_EXP_ICMP_ENV_LOW_LATENCY_SESS,LATENCY_SESS,6,ICMP,ENV_LOW,2.896406,20.3701,21813.9295,0.049938,0.072352,1070.88,189.53,70.0,1126.0,1066.0,1126.0,1126.0,1126.0,0.0022,EXP_ICMP_ENV_LOW_LATENCY_SESS_0201.pcap
NAT_ENH_EXP_ICMP_ENV_LOW_LATENCY_SESS_W0007,DS1_NATIVE_IPSEC_ENHANCED,1,EXP_ICMP_ENV_LOW,GRP_EXP_ICMP_ENV_LOW_LATENCY_SESS,LATENCY_SESS,7,ICMP,ENV_LOW,2.909733,20.9641,21742.888,0.048496,0.071483,1037.15,261.37,42.0,1126.0,1066.0,1126.0,1126.0,1126.0,0.0036,EXP_ICMP_ENV_LOW_LATENCY_SESS_0201.pcap
NAT_ENH_EXP_ICMP_ENV_LOW_LATENCY_SESS_W0008,DS1_NATIVE_IPSEC_ENHANCED,1,EXP_ICMP_ENV_LOW,GRP_EXP_ICMP_ENV_LOW_LATENCY_SESS,LATENCY_SESS,8,ICMP,ENV_LOW,2.892011,21.0926,21876.1276,0.0482,0.071051,1037.15,261.37,42.0,1126.0,1066.0,1126.0,1126.0,1126.0,0.0036,EXP_ICMP_ENV_LOW_LATENCY_SESS_0201.pcap
NAT_ENH_EXP_ICMP_ENV_LOW_LATENCY_SESS_W0009,DS1_NATIVE_IPSEC_ENHANCED,1,EXP_ICMP_ENV_LOW,GRP_EXP_ICMP_ENV_LOW_LATENCY_SESS,LATENCY_SESS,9,ICMP,ENV_LOW,2.891786,21.0942,21877.8302,0.048196,0.071045,1037.15,261.37,42.0,1126.0,1066.0,1126.0,1126.0,1126.0,0.0036,EXP_ICMP_ENV_LOW_LATENCY_SESS_0201.pcap
NAT_ENH_EXP_ICMP_ENV_LOW_LATENCY_SESS_W0010,DS1_NATIVE_IPSEC_ENHANCED,1,EXP_ICMP_ENV_LOW,GRP_EXP_ICMP_ENV_LOW_LATENCY_SESS,LATENCY_SESS,10,ICMP,ENV_LOW,2.896874,21.0572,21839.402,0.048281,0.07118,1037.15,261.37,42.0,1126.0,1066.0,1126.0,1126.0,1126.0,0.0036,EXP_ICMP_ENV_LOW_LATENCY_SESS_0201.pcap
NAT_ENH_EXP_ICMP_ENV_LOW_LATENCY_SESS_W0011,DS1_NATIVE_IPSEC_ENHANCED,1,EXP_ICMP_ENV_LOW,GRP_EXP_ICMP_ENV_LOW_LATENCY_SESS,LATENCY_SESS,11,ICMP,ENV_LOW,2.731337,20.5028,21896.9678,0.049661,0.073594,1068.0,199.4,42.0,1126.0,1066.0,1126.0,1126.0,1126.0,0.0014,EXP_ICMP_ENV_LOW_LATENCY_SESS_0201.pcap
NAT_ENH_EXP_ICMP_ENV_LOW_LATENCY_SESS_W0000,DS1_NATIVE_IPSEC_ENHANCED,1,EXP_ICMP_ENV_LOW,GRP_EXP_ICMP_ENV_LOW_LATENCY_SESS,LATENCY_SESS,0,ICMP,ENV_LOW,2.958037,17.2412,14898.3943,0.059161,0.149845,864.12,436.84,42.0,1126.0,1066.0,1126.0,1126.0,1126.0,0.0217,EXP_ICMP_ENV_LOW_LATENCY_SESS_0202.pcap
NAT_ENH_EXP_ICMP_ENV_LOW_LATENCY_SESS_W0001,DS1_NATIVE_IPSEC_ENHANCED,1,EXP_ICMP_ENV_LOW,GRP_EXP_ICMP_ENV_LOW_LATENCY_SESS,LATENCY_SESS,1,ICMP,ENV_LOW,2.372703,24.8662,24019.0189,0.040909,0.063,965.93,354.7,42.0,1126.0,1066.0,1126.0,1126.0,1126.0,0.0104,EXP_ICMP_ENV_LOW_LATENCY_SESS_0202.pcap
NAT_ENH_EXP_ICMP_ENV_LOW_LATENCY_SESS_W0002,DS1_NATIVE_IPSEC_ENHANCED,1,EXP_ICMP_ENV_LOW,GRP_EXP_ICMP_ENV_LOW_LATENCY_SESS,LATENCY_SESS,2,ICMP,ENV_LOW,2.774422,24.5096,24128.9904,0.041409,0.06302,984.47,333.95,42.0,1126.0,1066.0,1126.0,1126.0,1126.0,0.0088,EXP_ICMP_ENV_LOW_LATENCY_SESS_0202.pcap
NAT_ENH_EXP_ICMP_ENV_LOW_LATENCY_SESS_W0003,DS1_NATIVE_IPSEC_ENHANCED,1,EXP_ICMP_ENV_LOW,GRP_EXP_ICMP_ENV_LOW_LATENCY_SESS,LATENCY_SESS,3,ICMP,ENV_LOW,2.824586,23.7203,25874.941,0.042797,0.062491,1090.84,126.35,90.0,1126.0,1066.0,1126.0,1126.0,1126.0,0.0012,EXP_ICMP_ENV_LOW_LATENCY_SESS_0202.pcap
NAT_ENH_EXP_ICMP_ENV_LOW_LATENCY_SESS_W0000,DS1_NATIVE_IPSEC_ENHANCED,1,EXP_ICMP_ENV_LOW,GRP_EXP_ICMP_ENV_LOW_LATENCY_SESS,LATENCY_SESS,0,ICMP,ENV_LOW,2.917893,19.1919,17348.1348,0.053053,0.090999,903.93,409.57,42.0,1126.0,1066.0,1126.0,1126.0,1126.0,0.0171,EXP_ICMP_ENV_LOW_LATENCY_SESS_0203.pcap
NAT_ENH_EXP_ICMP_ENV_LOW_LATENCY_SESS_W0001,DS1_NATIVE_IPSEC_ENHANCED,1,EXP_ICMP_ENV_LOW,GRP_EXP_ICMP_ENV_LOW_LATENCY_SESS,LATENCY_SESS,1,ICMP,ENV_LOW,2.919251,24.6639,24099.3326,0.041116,0.073458,977.11,342.1,42.0,1126.0,1066.0,1126.0,1126.0,1126.0,0.0097,EXP_ICMP_ENV_LOW_LATENCY_SESS_0203.pcap
NAT_ENH_EXP_ICMP_ENV_LOW_LATENCY_SESS_W0002,DS1_NATIVE_IPSEC_ENHANCED,1,EXP_ICMP_ENV_LOW,GRP_EXP_ICMP_ENV_LOW_LATENCY_SESS,LATENCY_SESS,2,ICMP,ENV_LOW,2.936193,29.6302,30655.3419,0.034142,0.061088,1034.6,263.82,42.0,1126.0,1066.0,1126.0,1126.0,1126.0,0.0047,EXP_ICMP_ENV_LOW_LATENCY_SESS_0203.pcap
NAT_ENH_EXP_ICMP_ENV_LOW_LATENCY_SESS_W0003,DS1_NATIVE_IPSEC_ENHANCED,1,EXP_ICMP_ENV_LOW,GRP_EXP_ICMP_ENV_LOW_LATENCY_SESS,LATENCY_SESS,3,ICMP,ENV_LOW,2.784976,36.6251,39378.4362,0.027574,0.039744,1075.18,179.29,42.0,1126.0,1066.0,1126.0,1126.0,1126.0,0.0016,EXP_ICMP_ENV_LOW_LATENCY_SESS_0203.pcap
NAT_ENH_EXP_ICMP_ENV_LOW_LATENCY_SESS_W0004,DS1_NATIVE_IPSEC_ENHANCED,1,EXP_ICMP_ENV_LOW,GRP_EXP_ICMP_ENV_LOW_LATENCY_SESS,LATENCY_SESS,4,ICMP,ENV_LOW,2.870962,35.8765,39318.5261,0.028147,0.040127,1095.94,105.41,70.0,1126.0,1066.0,1126.0,1126.0,1126.0,0.0006,EXP_ICMP_ENV_LOW_LATENCY_SESS_0203.pcap
NAT_ENH_EXP_ICMP_ENV_LOW_LATENCY_SESS_W0005,DS1_NATIVE_IPSEC_ENHANCED,1,EXP_ICMP_ENV_LOW,GRP_EXP_ICMP_ENV_LOW_LATENCY_SESS,LATENCY_SESS,5,ICMP,ENV_LOW,2.869686,36.2409,39360.4054,0.027861,0.039635,1086.08,145.01,70.0,1126.0,1066.0,1126.0,1126.0,1126.0,0.0012,EXP_ICMP_ENV_LOW_LATENCY_SESS_0203.pcap
NAT_ENH_EXP_ICMP_ENV_LOW_LATENCY_SESS_W0006,DS1_NATIVE_IPSEC_ENHANCED,1,EXP_ICMP_ENV_LOW,GRP_EXP_ICMP_ENV_LOW_LATENCY_SESS,LATENCY_SESS,6,ICMP,ENV_LOW,2.957376,36.1807,39315.2578,0.0279,0.039687,1086.64,143.08,70.0,1126.0,1066.0,1126.0,1126.0,1126.0,0.0012,EXP_ICMP_ENV_LOW_LATENCY_SESS_0203.pcap
NAT_ENH_EXP_ICMP_ENV_LOW_LATENCY_SESS_W0007,DS1_NATIVE_IPSEC_ENHANCED,1,EXP_ICMP_ENV_LOW,GRP_EXP_ICMP_ENV_LOW_LATENCY_SESS,LATENCY_SESS,7,ICMP,ENV_LOW,2.954384,36.2174,39355.0757,0.027872,0.03965,1086.64,143.08,70.0,1126.0,1066.0,1126.0,1126.0,1126.0,0.0012,EXP_ICMP_ENV_LOW_LATENCY_SESS_0203.pcap
NAT_ENH_EXP_ICMP_ENV_LOW_LATENCY_SESS_W0008,DS1_NATIVE_IPSEC_ENHANCED,1,EXP_ICMP_ENV_LOW,GRP_EXP_ICMP_ENV_LOW_LATENCY_SESS,LATENCY_SESS,8,ICMP,ENV_LOW,2.950313,36.9452,39437.8514,0.027318,0.039174,1067.47,199.38,42.0,1126.0,1066.0,1126.0,1126.0,1126.0,0.0019,EXP_ICMP_ENV_LOW_LATENCY_SESS_0203.pcap
NAT_ENH_EXP_ICMP_ENV_LOW_LATENCY_SESS_W0000,DS1_NATIVE_IPSEC_ENHANCED,1,EXP_ICMP_ENV_LOW,GRP_EXP_ICMP_ENV_LOW_LATENCY_SESS,LATENCY_SESS,0,ICMP,ENV_LOW,2.935494,18.3955,16143.1081,0.055387,0.111229,877.56,428.19,42.0,1126.0,1066.0,1126.0,1126.0,1126.0,0.0201,EXP_ICMP_ENV_LOW_LATENCY_SESS_0204.pcap
NAT_ENH_EXP_ICMP_ENV_LOW_LATENCY_SESS_W0001,DS1_NATIVE_IPSEC_ENHANCED,1,EXP_ICMP_ENV_LOW,GRP_EXP_ICMP_ENV_LOW_LATENCY_SESS,LATENCY_SESS,1,ICMP,ENV_LOW,2.87226,21.9339,21026.6473,0.046327,0.101002,958.63,361.99,42.0,1126.0,1066.0,1126.0,1126.0,1126.0,0.0112,EXP_ICMP_ENV_LOW_LATENCY_SESS_0204.pcap
NAT_ENH_EXP_ICMP_ENV_LOW_LATENCY_SESS_W0002,DS1_NATIVE_IPSEC_ENHANCED,1,EXP_ICMP_ENV_LOW,GRP_EXP_ICMP_ENV_LOW_LATENCY_SESS,LATENCY_SESS,2,ICMP,ENV_LOW,2.627623,28.1623,28002.4967,0.035995,0.052392,994.32,321.94,42.0,1126.0,1066.0,1126.0,1126.0,1126.0,0.008,EXP_ICMP_ENV_LOW_LATENCY_SESS_0204.pcap
NAT_ENH_EXP_ICMP_ENV_LOW_LATENCY_SESS_W0003,DS1_NATIVE_IPSEC_ENHANCED,1,EXP_ICMP_ENV_LOW,GRP_EXP_ICMP_ENV_LOW_LATENCY_SESS,LATENCY_SESS,3,ICMP,ENV_LOW,2.816446,26.9844,28394.6499,0.037553,0.054154,1052.26,229.65,70.0,1126.0,1066.0,1126.0,1126.0,1126.0,0.0043,EXP_ICMP_ENV_LOW_LATENCY_SESS_0204.pcap
NAT_ENH_EXP_ICMP_ENV_LOW_LATENCY_SESS_W0004,DS1_NATIVE_IPSEC_ENHANCED,1,EXP_ICMP_ENV_LOW,GRP_EXP_ICMP_ENV_LOW_LATENCY_SESS,LATENCY_SESS,4,ICMP,ENV_LOW,2.896333,26.5853,28701.8104,0.03811,0.054752,1079.61,164.0,90.0,1126.0,1066.0,1126.0,1126.0,1126.0,0.0022,EXP_ICMP_ENV_LOW_LATENCY_SESS_0204.pcap
NAT_ENH_EXP_ICMP_ENV_LOW_LATENCY_SESS_W0005,DS1_NATIVE_IPSEC_ENHANCED,1,EXP_ICMP_ENV_LOW,GRP_EXP_ICMP_ENV_LOW_LATENCY_SESS,LATENCY_SESS,5,ICMP,ENV_LOW,2.89761,25.8834,28627.0414,0.039157,0.056439,1106.0,28.28,1066.0,1126.0,1066.0,1126.0,1126.0,1126.0,0.5137,EXP_ICMP_ENV_LOW_LATENCY_SESS_0204.pcap
NAT_ENH_EXP_ICMP_ENV_LOW_LATENCY_SESS_W0006,DS1_NATIVE_IPSEC_ENHANCED,1,EXP_ICMP_ENV_LOW,GRP_EXP_ICMP_ENV_LOW_LATENCY_SESS,LATENCY_SESS,6,ICMP,ENV_LOW,2.89669,26.5821,28684.4651,0.038114,0.055358,1079.09,167.13,70.0,1126.0,1066.0,1126.0,1126.0,1126.0,0.0017,EXP_ICMP_ENV_LOW_LATENCY_SESS_0204.pcap
NAT_ENH_EXP_ICMP_ENV_LOW_LATENCY_SESS_W0007,DS1_NATIVE_IPSEC_ENHANCED,1,EXP_ICMP_ENV_LOW,GRP_EXP_ICMP_ENV_LOW_LATENCY_SESS,LATENCY_SESS,7,ICMP,ENV_LOW,2.932526,26.9392,28362.5801,0.037596,0.054889,1052.84,231.87,42.0,1126.0,1066.0,1126.0,1126.0,1126.0,0.0027,EXP_ICMP_ENV_LOW_LATENCY_SESS_0204.pcap
NAT_ENH_EXP_ICMP_ENV_LOW_LATENCY_SESS_W0000,DS1_NATIVE_IPSEC_ENHANCED,1,EXP_ICMP_ENV_LOW,GRP_EXP_ICMP_ENV_LOW_LATENCY_SESS,LATENCY_SESS,0,ICMP,ENV_LOW,2.960407,36.1437,36151.1101,0.027928,0.076468,1000.21,313.74,42.0,1126.0,1066.0,1126.0,1126.0,1126.0,0.008,EXP_ICMP_ENV_LOW_LATENCY_SESS_0205.pcap
NAT_ENH_EXP_ICMP_ENV_LOW_LATENCY_SESS_W0001,DS1_NATIVE_IPSEC_ENHANCED,1,EXP_ICMP_ENV_LOW,GRP_EXP_ICMP_ENV_LOW_LATENCY_SESS,LATENCY_SESS,1,ICMP,ENV_LOW,2.455832,53.3424,55631.6555,0.018891,0.027192,1042.92,248.92,42.0,1126.0,1066.0,1126.0,1126.0,1126.0,0.0043,EXP_ICMP_ENV_LOW_LATENCY_SESS_0205.pcap
NAT_ENH_EXP_ICMP_ENV_LOW_LATENCY_SESS_W0002,DS1_NATIVE_IPSEC_ENHANCED,1,EXP_ICMP_ENV_LOW,GRP_EXP_ICMP_ENV_LOW_LATENCY_SESS,LATENCY_SESS,2,ICMP,ENV_LOW,2.973054,53.144,55997.6387,0.018937,0.027158,1053.7,228.2,42.0,1126.0,1066.0,1126.0,1126.0,1126.0,0.0035,EXP_ICMP_ENV_LOW_LATENCY_SESS_0205.pcap
NAT_ENH_EXP_ICMP_ENV_LOW_LATENCY_SESS_W0003,DS1_NATIVE_IPSEC_ENHANCED,1,EXP_ICMP_ENV_LOW,GRP_EXP_ICMP_ENV_LOW_LATENCY_SESS,LATENCY_SESS,3,ICMP,ENV_LOW,2.938394,53.7709,58779.0507,0.018716,0.026693,1093.14,117.01,90.0,1126.0,1066.0,1126.0,1126.0,1126.0,0.001,EXP_ICMP_ENV_LOW_LATENCY_SESS_0205.pcap
NAT_ENH_EXP_ICMP_ENV_LOW_LATENCY_SESS_W0000,DS1_NATIVE_IPSEC_ENHANCED,1,EXP_ICMP_ENV_LOW,GRP_EXP_ICMP_ENV_LOW_LATENCY_SESS,LATENCY_SESS,0,ICMP,ENV_LOW,2.992452,18.0454,15835.8435,0.056461,0.105078,877.56,428.19,42.0,1126.0,1066.0,1126.0,1126.0,1126.0,0.0201,EXP_ICMP_ENV_LOW_LATENCY_SESS_0206.pcap
NAT_ENH_EXP_ICMP_ENV_LOW_LATENCY_SESS_W0001,DS1_NATIVE_IPSEC_ENHANCED,1,EXP_ICMP_ENV_LOW,GRP_EXP_ICMP_ENV_LOW_LATENCY_SESS,LATENCY_SESS,1,ICMP,ENV_LOW,2.427491,25.5408,24843.7589,0.039795,0.069138,972.71,347.37,42.0,1126.0,1066.0,1126.0,1126.0,1126.0,0.0098,EXP_ICMP_ENV_LOW_LATENCY_SESS_0206.pcap
NAT_ENH_EXP_ICMP_ENV_LOW_LATENCY_SESS_W0002,DS1_NATIVE_IPSEC_ENHANCED,1,EXP_ICMP_ENV_LOW,GRP_EXP_ICMP_ENV_LOW_LATENCY_SESS,LATENCY_SESS,2,ICMP,ENV_LOW,2.890632,25.5999,25454.6418,0.039598,0.066951,994.32,321.94,42.0,1126.0,1066.0,1126.0,1126.0,1126.0,0.008,EXP_ICMP_ENV_LOW_LATENCY_SESS_0206.pcap
NAT_ENH_EXP_ICMP_ENV_LOW_LATENCY_SESS_W0003,DS1_NATIVE_IPSEC_ENHANCED,1,EXP_ICMP_ENV_LOW,GRP_EXP_ICMP_ENV_LOW_LATENCY_SESS,LATENCY_SESS,3,ICMP,ENV_LOW,2.893641,27.6468,29875.1642,0.036628,0.052447,1080.6,161.06,90.0,1126.0,1066.0,1126.0,1126.0,1126.0,0.0021,EXP_ICMP_ENV_LOW_LATENCY_SESS_0206.pcap
NAT_ENH_EXP_ICMP_ENV_LOW_LATENCY_SESS_W0004,DS1_NATIVE_IPSEC_ENHANCED,1,EXP_ICMP_ENV_LOW,GRP_EXP_ICMP_ENV_LOW_LATENCY_SESS,LATENCY_SESS,4,ICMP,ENV_LOW,2.891061,27.3256,29863.776,0.037065,0.053198,1092.89,119.18,70.0,1126.0,1066.0,1126.0,1126.0,1126.0,0.0008,EXP_ICMP_ENV_LOW_LATENCY_SESS_0206.pcap
NAT_ENH_EXP_ICMP_ENV_LOW_LATENCY_SESS_W0005,DS1_NATIVE_IPSEC_ENHANCED,1,EXP_ICMP_ENV_LOW,GRP_EXP_ICMP_ENV_LOW_LATENCY_SESS,LATENCY_SESS,5,ICMP,ENV_LOW,2.886965,27.7108,29930.3937,0.036544,0.052917,1080.1,164.14,70.0,1126.0,1066.0,1126.0,1126.0,1126.0,0.0016,EXP_ICMP_ENV_LOW_LATENCY_SESS_0206.pcap
NAT_ENH_EXP_ICMP_ENV_LOW_LATENCY_SESS_W0006,DS1_NATIVE_IPSEC_ENHANCED,1,EXP_ICMP_ENV_LOW,GRP_EXP_ICMP_ENV_LOW_LATENCY_SESS,LATENCY_SESS,6,ICMP,ENV_LOW,2.886691,27.7134,29933.234,0.03654,0.052913,1080.1,164.14,70.0,1126.0,1066.0,1126.0,1126.0,1126.0,0.0016,EXP_ICMP_ENV_LOW_LATENCY_SESS_0206.pcap
NAT_ENH_EXP_ICMP_ENV_LOW_LATENCY_SESS_W0007,DS1_NATIVE_IPSEC_ENHANCED,1,EXP_ICMP_ENV_LOW,GRP_EXP_ICMP_ENV_LOW_LATENCY_SESS,LATENCY_SESS,7,ICMP,ENV_LOW,2.880548,27.7725,29997.07,0.036463,0.05279,1080.1,164.14,70.0,1126.0,1066.0,1126.0,1126.0,1126.0,0.0016,EXP_ICMP_ENV_LOW_LATENCY_SESS_0206.pcap
NAT_ENH_EXP_ICMP_ENV_LOW_LATENCY_SESS_W0008,DS1_NATIVE_IPSEC_ENHANCED,1,EXP_ICMP_ENV_LOW,GRP_EXP_ICMP_ENV_LOW_LATENCY_SESS,LATENCY_SESS,8,ICMP,ENV_LOW,2.877201,28.4999,30061.1593,0.035521,0.051653,1054.78,227.88,42.0,1126.0,1066.0,1126.0,1126.0,1126.0,0.0026,EXP_ICMP_ENV_LOW_LATENCY_SESS_0206.pcap
NAT_ENH_EXP_ICMP_ENV_LOW_LATENCY_SESS_W0009,DS1_NATIVE_IPSEC_ENHANCED,1,EXP_ICMP_ENV_LOW,GRP_EXP_ICMP_ENV_LOW_LATENCY_SESS,LATENCY_SESS,9,ICMP,ENV_LOW,2.875003,28.5217,30084.144,0.035494,0.051607,1054.78,227.88,42.0,1126.0,1066.0,1126.0,1126.0,1126.0,0.0026,EXP_ICMP_ENV_LOW_LATENCY_SESS_0206.pcap
NAT_ENH_EXP_ICMP_ENV_LOW_LATENCY_SESS_W0010,DS1_NATIVE_IPSEC_ENHANCED,1,EXP_ICMP_ENV_LOW,GRP_EXP_ICMP_ENV_LOW_LATENCY_SESS,LATENCY_SESS,10,ICMP,ENV_LOW,2.87608,28.1633,30048.5379,0.035951,0.052463,1066.94,201.12,42.0,1126.0,1066.0,1126.0,1126.0,1126.0,0.0018,EXP_ICMP_ENV_LOW_LATENCY_SESS_0206.pcap
NAT_ENH_EXP_ICMP_ENV_LOW_LATENCY_SESS_W0011,DS1_NATIVE_IPSEC_ENHANCED,1,EXP_ICMP_ENV_LOW,GRP_EXP_ICMP_ENV_LOW_LATENCY_SESS,LATENCY_SESS,11,ICMP,ENV_LOW,2.876038,27.816,30024.6373,0.036406,0.05267,1079.4,168.45,42.0,1126.0,1066.0,1126.0,1126.0,1126.0,0.001,EXP_ICMP_ENV_LOW_LATENCY_SESS_0206.pcap
NAT_ENH_EXP_ICMP_ENV_LOW_LATENCY_SESS_W0000,DS1_NATIVE_IPSEC_ENHANCED,1,EXP_ICMP_ENV_LOW,GRP_EXP_ICMP_ENV_LOW_LATENCY_SESS,LATENCY_SESS,0,ICMP,ENV_LOW,2.995249,18.6963,16898.7618,0.054459,0.102914,903.86,409.72,42.0,1126.0,1066.0,1126.0,1126.0,1126.0,0.017,EXP_ICMP_ENV_LOW_LATENCY_SESS_0207.pcap
NAT_ENH_EXP_ICMP_ENV_LOW_LATENCY_SESS_W0001,DS1_NATIVE_IPSEC_ENHANCED,1,EXP_ICMP_ENV_LOW,GRP_EXP_ICMP_ENV_LOW_LATENCY_SESS,LATENCY_SESS,1,ICMP,ENV_LOW,2.90575,22.7136,21927.5572,0.044704,0.083007,965.39,354.9,42.0,1126.0,1066.0,1126.0,1126.0,1126.0,0.0107,EXP_ICMP_ENV_LOW_LATENCY_SESS_0207.pcap
NAT_ENH_EXP_ICMP_ENV_LOW_LATENCY_SESS_W0002,DS1_NATIVE_IPSEC_ENHANCED,1,EXP_ICMP_ENV_LOW,GRP_EXP_ICMP_ENV_LOW_LATENCY_SESS,LATENCY_SESS,2,ICMP,ENV_LOW,2.886723,26.6738,26638.5098,0.037983,0.062156,998.68,316.39,42.0,1126.0,1066.0,1126.0,1126.0,1126.0,0.0077,EXP_ICMP_ENV_LOW_LATENCY_SESS_0207.pcap
NAT_ENH_EXP_ICMP_ENV_LOW_LATENCY_SESS_W0003,DS1_NATIVE_IPSEC_ENHANCED,1,EXP_ICMP_ENV_LOW,GRP_EXP_ICMP_ENV_LOW_LATENCY_SESS,LATENCY_SESS,3,ICMP,ENV_LOW,2.984526,27.8101,30077.1387,0.036397,0.051909,1081.52,158.29,90.0,1126.0,1066.0,1126.0,1126.0,1126.0,0.002,EXP_ICMP_ENV_LOW_LATENCY_SESS_0207.pcap
NAT_ENH_EXP_ICMP_ENV_LOW_LATENCY_SESS_W0004,DS1_NATIVE_IPSEC_ENHANCED,1,EXP_ICMP_ENV_LOW,GRP_EXP_ICMP_ENV_LOW_LATENCY_SESS,LATENCY_SESS,4,ICMP,ENV_LOW,2.868298,27.5425,30107.7497,0.036773,0.052686,1093.14,117.01,90.0,1126.0,1066.0,1126.0,1126.0,1126.0,0.001,EXP_ICMP_ENV_LOW_LATENCY_SESS_0207.pcap
NAT_ENH_EXP_ICMP_ENV_LOW_LATENCY_SESS_W0005,DS1_NATIVE_IPSEC_ENHANCED,1,EXP_ICMP_ENV_LOW,GRP_EXP_ICMP_ENV_LOW_LATENCY_SESS,LATENCY_SESS,5,ICMP,ENV_LOW,2.867901,27.5463,30104.9434,0.036768,0.052676,1092.89,119.18,70.0,1126.0,1066.0,1126.0,1126.0,1126.0,0.0008,EXP_ICMP_ENV_LOW_LATENCY_SESS_0207.pcap
NAT_ENH_EXP_ICMP_ENV_LOW_LATENCY_SESS_W0006,DS1_NATIVE_IPSEC_ENHANCED,1,EXP_ICMP_ENV_LOW,GRP_EXP_ICMP_ENV_LOW_LATENCY_SESS,LATENCY_SESS,6,ICMP,ENV_LOW,2.865978,27.9137,30149.5685,0.036278,0.051729,1080.1,164.14,70.0,1126.0,1066.0,1126.0,1126.0,1126.0,0.0016,EXP_ICMP_ENV_LOW_LATENCY_SESS_0207.pcap
NAT_ENH_EXP_ICMP_ENV_LOW_LATENCY_SESS_W0007,DS1_NATIVE_IPSEC_ENHANCED,1,EXP_ICMP_ENV_LOW,GRP_EXP_ICMP_ENV_LOW_LATENCY_SESS,LATENCY_SESS,7,ICMP,ENV_LOW,2.872017,28.5514,30115.4216,0.035457,0.050743,1054.78,227.88,42.0,1126.0,1066.0,1126.0,1126.0,1126.0,0.0026,EXP_ICMP_ENV_LOW_LATENCY_SESS_0207.pcap
NAT_ENH_EXP_ICMP_ENV_LOW_LATENCY_SESS_W0008,DS1_NATIVE_IPSEC_ENHANCED,1,EXP_ICMP_ENV_LOW,GRP_EXP_ICMP_ENV_LOW_LATENCY_SESS,LATENCY_SESS,8,ICMP,ENV_LOW,2.869376,28.5776,30143.1397,0.035424,0.050689,1054.78,227.88,42.0,1126.0,1066.0,1126.0,1126.0,1126.0,0.0026,EXP_ICMP_ENV_LOW_LATENCY_SESS_0207.pcap
NAT_ENH_EXP_ICMP_ENV_LOW_LATENCY_SESS_W0009,DS1_NATIVE_IPSEC_ENHANCED,1,EXP_ICMP_ENV_LOW,GRP_EXP_ICMP_ENV_LOW_LATENCY_SESS,LATENCY_SESS,9,ICMP,ENV_LOW,2.868675,28.5846,30150.5051,0.035416,0.050664,1054.78,227.88,42.0,1126.0,1066.0,1126.0,1126.0,1126.0,0.0026,EXP_ICMP_ENV_LOW_LATENCY_SESS_0207.pcap
NAT_ENH_EXP_ICMP_ENV_LOW_LATENCY_SESS_W0010,DS1_NATIVE_IPSEC_ENHANCED,1,EXP_ICMP_ENV_LOW,GRP_EXP_ICMP_ENV_LOW_LATENCY_SESS,LATENCY_SESS,10,ICMP,ENV_LOW,2.86954,28.576,30141.4166,0.035426,0.050688,1054.78,227.88,42.0,1126.0,1066.0,1126.0,1126.0,1126.0,0.0026,EXP_ICMP_ENV_LOW_LATENCY_SESS_0207.pcap
NAT_ENH_EXP_ICMP_ENV_LOW_LATENCY_SESS_W0011,DS1_NATIVE_IPSEC_ENHANCED,1,EXP_ICMP_ENV_LOW,GRP_EXP_ICMP_ENV_LOW_LATENCY_SESS,LATENCY_SESS,11,ICMP,ENV_LOW,2.874022,28.1835,30070.0551,0.035925,0.051717,1066.94,201.12,42.0,1126.0,1066.0,1126.0,1126.0,1126.0,0.0018,EXP_ICMP_ENV_LOW_LATENCY_SESS_0207.pcap
NAT_ENH_EXP_ICMP_ENV_LOW_LATENCY_SESS_W0000,DS1_NATIVE_IPSEC_ENHANCED,1,EXP_ICMP_ENV_LOW,GRP_EXP_ICMP_ENV_LOW_LATENCY_SESS,LATENCY_SESS,0,ICMP,ENV_LOW,2.995729,25.0356,23571.5583,0.040483,0.091725,941.52,377.83,42.0,1126.0,1066.0,1126.0,1126.0,1126.0,0.0134,EXP_ICMP_ENV_LOW_LATENCY_SESS_0208.pcap
NAT_ENH_EXP_ICMP_ENV_LOW_LATENCY_SESS_W0001,DS1_NATIVE_IPSEC_ENHANCED,1,EXP_ICMP_ENV_LOW,GRP_EXP_ICMP_ENV_LOW_LATENCY_SESS,LATENCY_SESS,1,ICMP,ENV_LOW,2.635886,36.4204,36760.3158,0.027746,0.063554,1009.33,301.81,42.0,1126.0,1066.0,1126.0,1126.0,1126.0,0.007,EXP_ICMP_ENV_LOW_LATENCY_SESS_0208.pcap
NAT_ENH_EXP_ICMP_ENV_LOW_LATENCY_SESS_W0002,DS1_NATIVE_IPSEC_ENHANCED,1,EXP_ICMP_ENV_LOW,GRP_EXP_ICMP_ENV_LOW_LATENCY_SESS,LATENCY_SESS,2,ICMP,ENV_LOW,2.961159,41.2001,42776.4941,0.024472,0.05583,1038.26,257.21,42.0,1126.0,1066.0,1126.0,1126.0,1126.0,0.0046,EXP_ICMP_ENV_LOW_LATENCY_SESS_0208.pcap
NAT_ENH_EXP_ICMP_ENV_LOW_LATENCY_SESS_W0003,DS1_NATIVE_IPSEC_ENHANCED,1,EXP_ICMP_ENV_LOW,GRP_EXP_ICMP_ENV_LOW_LATENCY_SESS,LATENCY_SESS,3,ICMP,ENV_LOW,2.646567,54.4101,58989.6299,0.018507,0.026579,1084.17,152.31,42.0,1126.0,1066.0,1126.0,1126.0,1126.0,0.0011,EXP_ICMP_ENV_LOW_LATENCY_SESS_0208.pcap
NAT_ENH_EXP_ICMP_ENV_LOW_LATENCY_SESS_W0004,DS1_NATIVE_IPSEC_ENHANCED,1,EXP_ICMP_ENV_LOW,GRP_EXP_ICMP_ENV_LOW_LATENCY_SESS,LATENCY_SESS,4,ICMP,ENV_LOW,2.936403,53.4668,58788.2514,0.018823,0.026828,1099.53,85.6,90.0,1126.0,1066.0,1126.0,1126.0,1126.0,0.0005,EXP_ICMP_ENV_LOW_LATENCY_SESS_0208.pcap
NAT_ENH_EXP_ICMP_ENV_LOW_LATENCY_SESS_W0000,DS1_NATIVE_IPSEC_ENHANCED,1,EXP_ICMP_ENV_LOW,GRP_EXP_ICMP_ENV_LOW_LATENCY_SESS,LATENCY_SESS,0,ICMP,ENV_LOW,2.978295,14.7736,12538.7173,0.069263,0.10402,848.73,446.37,42.0,1126.0,822.0,1096.0,1126.0,1126.0,0.0232,EXP_ICMP_ENV_LOW_LATENCY_SESS_0209.pcap
NAT_ENH_EXP_ICMP_ENV_LOW_LATENCY_SESS_W0001,DS1_NATIVE_IPSEC_ENHANCED,1,EXP_ICMP_ENV_LOW,GRP_EXP_ICMP_ENV_LOW_LATENCY_SESS,LATENCY_SESS,1,ICMP,ENV_LOW,2.86997,17.7702,16418.9878,0.057399,0.088719,923.96,394.17,42.0,1126.0,1066.0,1126.0,1126.0,1126.0,0.0144,EXP_ICMP_ENV_LOW_LATENCY_SESS_0209.pcap
NAT_ENH_EXP_ICMP_ENV_LOW_LATENCY_SESS_W0002,DS1_NATIVE_IPSEC_ENHANCED,1,EXP_ICMP_ENV_LOW,GRP_EXP_ICMP_ENV_LOW_LATENCY_SESS,LATENCY_SESS,2,ICMP,ENV_LOW,2.915323,20.2379,19548.4341,0.050264,0.071607,965.93,354.7,42.0,1126.0,1066.0,1126.0,1126.0,1126.0,0.0104,EXP_ICMP_ENV_LOW_LATENCY_SESS_0209.pcap
NAT_ENH_EXP_ICMP_ENV_LOW_LATENCY_SESS_W0003,DS1_NATIVE_IPSEC_ENHANCED,1,EXP_ICMP_ENV_LOW,GRP_EXP_ICMP_ENV_LOW_LATENCY_SESS,LATENCY_SESS,3,ICMP,ENV_LOW,2.897572,20.707,21843.1152,0.049111,0.071117,1054.87,224.59,70.0,1126.0,1066.0,1126.0,1126.0,1126.0,0.004,EXP_ICMP_ENV_LOW_LATENCY_SESS_0209.pcap
NAT_ENH_EXP_ICMP_ENV_LOW_LATENCY_SESS_W0004,DS1_NATIVE_IPSEC_ENHANCED,1,EXP_ICMP_ENV_LOW,GRP_EXP_ICMP_ENV_LOW_LATENCY_SESS,LATENCY_SESS,4,ICMP,ENV_LOW,2.898127,20.0129,21776.8229,0.050844,0.074294,1088.14,137.74,70.0,1126.0,1066.0,1126.0,1126.0,1126.0,0.0011,EXP_ICMP_ENV_LOW_LATENCY_SESS_0209.pcap
NAT_ENH_EXP_ICMP_ENV_LOW_LATENCY_SESS_W0005,DS1_NATIVE_IPSEC_ENHANCED,1,EXP_ICMP_ENV_LOW,GRP_EXP_ICMP_ENV_LOW_LATENCY_SESS,LATENCY_SESS,5,ICMP,ENV_LOW,2.733443,20.1211,21874.9758,0.050619,0.074105,1087.16,141.23,70.0,1126.0,1066.0,1126.0,1126.0,1126.0,0.0012,EXP_ICMP_ENV_LOW_LATENCY_SESS_0209.pcap
NAT_ENH_EXP_ICMP_ENV_LOW_LATENCY_SESS_W0006,DS1_NATIVE_IPSEC_ENHANCED,1,EXP_ICMP_ENV_LOW,GRP_EXP_ICMP_ENV_LOW_LATENCY_SESS,LATENCY_SESS,6,ICMP,ENV_LOW,2.735367,20.107,21859.591,0.050655,0.074158,1087.16,141.23,70.0,1126.0,1066.0,1126.0,1126.0,1126.0,0.0012,EXP_ICMP_ENV_LOW_LATENCY_SESS_0209.pcap
NAT_ENH_EXP_ICMP_ENV_LOW_LATENCY_SESS_W0007,DS1_NATIVE_IPSEC_ENHANCED,1,EXP_ICMP_ENV_LOW,GRP_EXP_ICMP_ENV_LOW_LATENCY_SESS,LATENCY_SESS,7,ICMP,ENV_LOW,2.818376,20.5792,21270.4049,0.049445,0.072506,1033.59,267.49,42.0,1126.0,1066.0,1126.0,1126.0,1126.0,0.0038,EXP_ICMP_ENV_LOW_LATENCY_SESS_0209.pcap
NAT_ENH_EXP_ICMP_ENV_LOW_LATENCY_SESS_W0008,DS1_NATIVE_IPSEC_ENHANCED,1,EXP_ICMP_ENV_LOW,GRP_EXP_ICMP_ENV_LOW_LATENCY_SESS,LATENCY_SESS,8,ICMP,ENV_LOW,2.895467,21.0674,21850.0156,0.048258,0.071354,1037.15,261.37,42.0,1126.0,1066.0,1126.0,1126.0,1126.0,0.0036,EXP_ICMP_ENV_LOW_LATENCY_SESS_0209.pcap
NAT_ENH_EXP_ICMP_ENV_LOW_LATENCY_SESS_W0009,DS1_NATIVE_IPSEC_ENHANCED,1,EXP_ICMP_ENV_LOW,GRP_EXP_ICMP_ENV_LOW_LATENCY_SESS,LATENCY_SESS,9,ICMP,ENV_LOW,2.896329,21.0611,21843.5117,0.048272,0.071374,1037.15,261.37,42.0,1126.0,1066.0,1126.0,1126.0,1126.0,0.0036,EXP_ICMP_ENV_LOW_LATENCY_SESS_0209.pcap
NAT_ENH_EXP_ICMP_ENV_LOW_LATENCY_SESS_W0010,DS1_NATIVE_IPSEC_ENHANCED,1,EXP_ICMP_ENV_LOW,GRP_EXP_ICMP_ENV_LOW_LATENCY_SESS,LATENCY_SESS,10,ICMP,ENV_LOW,2.890177,20.76,21865.7888,0.048986,0.071991,1053.27,231.53,42.0,1126.0,1066.0,1126.0,1126.0,1126.0,0.0024,EXP_ICMP_ENV_LOW_LATENCY_SESS_0209.pcap
NAT_ENH_EXP_ICMP_ENV_LOW_LATENCY_SESS_W0011,DS1_NATIVE_IPSEC_ENHANCED,1,EXP_ICMP_ENV_LOW,GRP_EXP_ICMP_ENV_LOW_LATENCY_SESS,LATENCY_SESS,11,ICMP,ENV_LOW,2.892763,20.7414,21846.2426,0.04903,0.072063,1053.27,231.53,42.0,1126.0,1066.0,1126.0,1126.0,1126.0,0.0024,EXP_ICMP_ENV_LOW_LATENCY_SESS_0209.pcap
NAT_ENH_EXP_ICMP_ENV_LOW_LATENCY_SESS_W0000,DS1_NATIVE_IPSEC_ENHANCED,1,EXP_ICMP_ENV_LOW,GRP_EXP_ICMP_ENV_LOW_LATENCY_SESS,LATENCY_SESS,0,ICMP,ENV_LOW,2.958836,19.2643,17137.1454,0.052836,0.125944,889.58,419.93,42.0,1126.0,1066.0,1126.0,1126.0,1126.0,0.0188,EXP_ICMP_ENV_LOW_LATENCY_SESS_0210.pcap
NAT_ENH_EXP_ICMP_ENV_LOW_LATENCY_SESS_W0001,DS1_NATIVE_IPSEC_ENHANCED,1,EXP_ICMP_ENV_LOW,GRP_EXP_ICMP_ENV_LOW_LATENCY_SESS,LATENCY_SESS,1,ICMP,ENV_LOW,2.157265,32.912,32569.9447,0.030818,0.049072,989.61,327.78,42.0,1126.0,1066.0,1126.0,1126.0,1126.0,0.0084,EXP_ICMP_ENV_LOW_LATENCY_SESS_0210.pcap
NAT_ENH_EXP_ICMP_ENV_LOW_LATENCY_SESS_W0002,DS1_NATIVE_IPSEC_ENHANCED,1,EXP_ICMP_ENV_LOW,GRP_EXP_ICMP_ENV_LOW_LATENCY_SESS,LATENCY_SESS,2,ICMP,ENV_LOW,2.58902,33.2172,33546.2868,0.030459,0.047695,1009.91,301.32,42.0,1126.0,1066.0,1126.0,1126.0,1126.0,0.0068,EXP_ICMP_ENV_LOW_LATENCY_SESS_0210.pcap
NAT_ENH_EXP_ICMP_ENV_LOW_LATENCY_SESS_W0003,DS1_NATIVE_IPSEC_ENHANCED,1,EXP_ICMP_ENV_LOW,GRP_EXP_ICMP_ENV_LOW_LATENCY_SESS,LATENCY_SESS,3,ICMP,ENV_LOW,2.68543,36.8656,39602.5955,0.027402,0.040014,1074.24,181.84,42.0,1126.0,1066.0,1126.0,1126.0,1126.0,0.0016,EXP_ICMP_ENV_LOW_LATENCY_SESS_0210.pcap
NAT_ENH_EXP_ICMP_ENV_LOW_LATENCY_SESS_W0004,DS1_NATIVE_IPSEC_ENHANCED,1,EXP_ICMP_ENV_LOW,GRP_EXP_ICMP_ENV_LOW_LATENCY_SESS,LATENCY_SESS,4,ICMP,ENV_LOW,2.943456,35.6724,39453.6227,0.028302,0.040513,1106.0,28.28,1066.0,1126.0,1066.0,1126.0,1126.0,1126.0,0.5137,EXP_ICMP_ENV_LOW_LATENCY_SESS_0210.pcap
NAT_ENH_EXP_ICMP_ENV_LOW_LATENCY_SESS_W0005,DS1_NATIVE_IPSEC_ENHANCED,1,EXP_ICMP_ENV_LOW,GRP_EXP_ICMP_ENV_LOW_LATENCY_SESS,LATENCY_SESS,5,ICMP,ENV_LOW,2.946497,35.6355,39412.9001,0.028332,0.040556,1106.0,28.28,1066.0,1126.0,1066.0,1126.0,1126.0,1126.0,0.5137,EXP_ICMP_ENV_LOW_LATENCY_SESS_0210.pcap
NAT_ENH_EXP_ICMP_ENV_LOW_LATENCY_SESS_W0006,DS1_NATIVE_IPSEC_ENHANCED,1,EXP_ICMP_ENV_LOW,GRP_EXP_ICMP_ENV_LOW_LATENCY_SESS,LATENCY_SESS,6,ICMP,ENV_LOW,2.943913,36.3462,39495.05,0.027773,0.039831,1086.64,143.08,70.0,1126.0,1066.0,1126.0,1126.0,1126.0,0.0012,EXP_ICMP_ENV_LOW_LATENCY_SESS_0210.pcap
NAT_ENH_EXP_ICMP_ENV_LOW_LATENCY_SESS_W0007,DS1_NATIVE_IPSEC_ENHANCED,1,EXP_ICMP_ENV_LOW,GRP_EXP_ICMP_ENV_LOW_LATENCY_SESS,LATENCY_SESS,7,ICMP,ENV_LOW,2.856495,36.4083,39542.1642,0.027733,0.039798,1086.08,145.01,70.0,1126.0,1066.0,1126.0,1126.0,1126.0,0.0012,EXP_ICMP_ENV_LOW_LATENCY_SESS_0210.pcap
NAT_ENH_EXP_ICMP_ENV_LOW_LATENCY_SESS_W0008,DS1_NATIVE_IPSEC_ENHANCED,1,EXP_ICMP_ENV_LOW,GRP_EXP_ICMP_ENV_LOW_LATENCY_SESS,LATENCY_SESS,8,ICMP,ENV_LOW,2.938984,37.0876,39589.8698,0.027213,0.039181,1067.47,199.38,42.0,1126.0,1066.0,1126.0,1126.0,1126.0,0.0019,EXP_ICMP_ENV_LOW_LATENCY_SESS_0210.pcap
NAT_ENH_EXP_INTERACTIVE_ENV_CLEAN_SESS_0121_W0000,DS1_NATIVE_IPSEC_ENHANCED,1,EXP_INTERACTIVE_ENV_CLEAN,GRP_EXP_INTERACTIVE_ENV_CLEAN_SESS_0121,SESS_0121,0,INTERACTIVE,ENV_CLEAN,2.97755,37.6148,9307.3163,0.026825,0.08828,247.44,378.98,42.0,1478.0,89.0,134.0,134.0,294.0,0.035,EXP_INTERACTIVE_ENV_CLEAN_SESS_0121.pcap
NAT_ENH_EXP_INTERACTIVE_ENV_CLEAN_SESS_0121_W0001,DS1_NATIVE_IPSEC_ENHANCED,1,EXP_INTERACTIVE_ENV_CLEAN,GRP_EXP_INTERACTIVE_ENV_CLEAN_SESS_0121,SESS_0121,1,INTERACTIVE,ENV_CLEAN,2.869267,51.2326,13213.4793,0.019653,0.074006,257.91,389.07,42.0,1478.0,90.0,134.0,134.0,294.0,0.0181,EXP_INTERACTIVE_ENV_CLEAN_SESS_0121.pcap
NAT_ENH_EXP_INTERACTIVE_ENV_CLEAN_SESS_0121_W0002,DS1_NATIVE_IPSEC_ENHANCED,1,EXP_INTERACTIVE_ENV_CLEAN,GRP_EXP_INTERACTIVE_ENV_CLEAN_SESS_0121,SESS_0121,2,INTERACTIVE,ENV_CLEAN,2.876382,63.2739,16693.5414,0.015892,0.058764,263.83,395.22,42.0,1478.0,101.0,134.0,194.0,294.0,0.0123,EXP_INTERACTIVE_ENV_CLEAN_SESS_0121.pcap
NAT_ENH_EXP_INTERACTIVE_ENV_CLEAN_SESS_0121_W0003,DS1_NATIVE_IPSEC_ENHANCED,1,EXP_INTERACTIVE_ENV_CLEAN,GRP_EXP_INTERACTIVE_ENV_CLEAN_SESS_0121,SESS_0121,3,INTERACTIVE,ENV_CLEAN,2.637979,93.6323,25675.3391,0.010723,0.035215,274.21,405.38,42.0,1478.0,134.0,134.0,214.0,1411.0,0.0039,EXP_INTERACTIVE_ENV_CLEAN_SESS_0121.pcap
NAT_ENH_EXP_INTERACTIVE_ENV_CLEAN_SESS_0121_W0004,DS1_NATIVE_IPSEC_ENHANCED,1,EXP_INTERACTIVE_ENV_CLEAN,GRP_EXP_INTERACTIVE_ENV_CLEAN_SESS_0121,SESS_0121,4,INTERACTIVE,ENV_CLEAN,2.940865,89.7695,24781.144,0.011182,0.036323,276.05,406.37,66.0,1478.0,134.0,134.0,214.0,1411.0,0.0025,EXP_INTERACTIVE_ENV_CLEAN_SESS_0121.pcap
NAT_ENH_EXP_INTERACTIVE_ENV_CLEAN_SESS_0121_W0005,DS1_NATIVE_IPSEC_ENHANCED,1,EXP_INTERACTIVE_ENV_CLEAN,GRP_EXP_INTERACTIVE_ENV_CLEAN_SESS_0121,SESS_0121,5,INTERACTIVE,ENV_CLEAN,2.812728,93.148,25847.5031,0.010777,0.035628,277.49,407.59,66.0,1478.0,134.0,134.0,214.0,1411.0,0.001,EXP_INTERACTIVE_ENV_CLEAN_SESS_0121.pcap
NAT_ENH_EXP_INTERACTIVE_ENV_CLEAN_SESS_0121_W0006,DS1_NATIVE_IPSEC_ENHANCED,1,EXP_INTERACTIVE_ENV_CLEAN,GRP_EXP_INTERACTIVE_ENV_CLEAN_SESS_0121,SESS_0121,6,INTERACTIVE,ENV_CLEAN,2.767228,95.041,26297.798,0.010562,0.034614,276.7,407.01,66.0,1478.0,134.0,134.0,214.0,1411.0,0.0019,EXP_INTERACTIVE_ENV_CLEAN_SESS_0121.pcap
NAT_ENH_EXP_INTERACTIVE_ENV_CLEAN_SESS_0121_W0007,DS1_NATIVE_IPSEC_ENHANCED,1,EXP_INTERACTIVE_ENV_CLEAN,GRP_EXP_INTERACTIVE_ENV_CLEAN_SESS_0121,SESS_0121,7,INTERACTIVE,ENV_CLEAN,2.898315,90.7424,25108.3823,0.011062,0.036043,276.7,407.01,66.0,1478.0,134.0,134.0,214.0,1411.0,0.0019,EXP_INTERACTIVE_ENV_CLEAN_SESS_0121.pcap
NAT_ENH_EXP_INTERACTIVE_ENV_CLEAN_SESS_0121_W0008,DS1_NATIVE_IPSEC_ENHANCED,1,EXP_INTERACTIVE_ENV_CLEAN,GRP_EXP_INTERACTIVE_ENV_CLEAN_SESS_0121,SESS_0121,8,INTERACTIVE,ENV_CLEAN,2.868427,98.6603,27240.3652,0.010172,0.033199,276.1,406.24,66.0,1478.0,134.0,134.0,214.0,1411.0,0.0018,EXP_INTERACTIVE_ENV_CLEAN_SESS_0121.pcap
NAT_ENH_EXP_INTERACTIVE_ENV_CLEAN_SESS_0121_W0009,DS1_NATIVE_IPSEC_ENHANCED,1,EXP_INTERACTIVE_ENV_CLEAN,GRP_EXP_INTERACTIVE_ENV_CLEAN_SESS_0121,SESS_0121,9,INTERACTIVE,ENV_CLEAN,2.819455,88.3149,24200.0678,0.011369,0.035558,274.02,403.59,66.0,1478.0,134.0,134.0,214.0,1411.0,0.0021,EXP_INTERACTIVE_ENV_CLEAN_SESS_0121.pcap
NAT_ENH_EXP_INTERACTIVE_ENV_CLEAN_SESS_0121_W0010,DS1_NATIVE_IPSEC_ENHANCED,1,EXP_INTERACTIVE_ENV_CLEAN,GRP_EXP_INTERACTIVE_ENV_CLEAN_SESS_0121,SESS_0121,10,INTERACTIVE,ENV_CLEAN,2.837007,87.0636,23955.8799,0.011533,0.036,275.15,405.02,66.0,1478.0,134.0,134.0,214.0,1411.0,0.0021,EXP_INTERACTIVE_ENV_CLEAN_SESS_0121.pcap
NAT_ENH_EXP_INTERACTIVE_ENV_CLEAN_SESS_0121_W0011,DS1_NATIVE_IPSEC_ENHANCED,1,EXP_INTERACTIVE_ENV_CLEAN,GRP_EXP_INTERACTIVE_ENV_CLEAN_SESS_0121,SESS_0121,11,INTERACTIVE,ENV_CLEAN,2.847003,86.7579,23870.3649,0.011573,0.036783,275.14,405.03,66.0,1478.0,134.0,134.0,214.0,1411.0,0.001,EXP_INTERACTIVE_ENV_CLEAN_SESS_0121.pcap
NAT_ENH_EXP_INTERACTIVE_ENV_CLEAN_SESS_0122_W0000,DS1_NATIVE_IPSEC_ENHANCED,1,EXP_INTERACTIVE_ENV_CLEAN,GRP_EXP_INTERACTIVE_ENV_CLEAN_SESS_0122,SESS_0122,0,INTERACTIVE,ENV_CLEAN,2.960931,39.8523,10631.1155,0.025307,0.086288,266.76,400.36,42.0,1478.0,90.0,134.0,194.0,629.0999999999968,0.0247,EXP_INTERACTIVE_ENV_CLEAN_SESS_0122.pcap
NAT_ENH_EXP_INTERACTIVE_ENV_CLEAN_SESS_0122_W0001,DS1_NATIVE_IPSEC_ENHANCED,1,EXP_INTERACTIVE_ENV_CLEAN,GRP_EXP_INTERACTIVE_ENV_CLEAN_SESS_0122,SESS_0122,1,INTERACTIVE,ENV_CLEAN,2.94608,58.7221,15951.7055,0.017128,0.067453,271.65,403.7,42.0,1478.0,134.0,134.0,214.0,1187.6000000000126,0.0126,EXP_INTERACTIVE_ENV_CLEAN_SESS_0122.pcap
NAT_ENH_EXP_INTERACTIVE_ENV_CLEAN_SESS_0122_W0002,DS1_NATIVE_IPSEC_ENHANCED,1,EXP_INTERACTIVE_ENV_CLEAN,GRP_EXP_INTERACTIVE_ENV_CLEAN_SESS_0122,SESS_0122,2,INTERACTIVE,ENV_CLEAN,2.830491,73.4855,20210.9806,0.013674,0.05101,275.03,406.18,42.0,1478.0,134.0,134.0,214.0,1411.0,0.0059,EXP_INTERACTIVE_ENV_CLEAN_SESS_0122.pcap
NAT_ENH_EXP_INTERACTIVE_ENV_CLEAN_SESS_0122_W0003,DS1_NATIVE_IPSEC_ENHANCED,1,EXP_INTERACTIVE_ENV_CLEAN,GRP_EXP_INTERACTIVE_ENV_CLEAN_SESS_0122,SESS_0122,3,INTERACTIVE,ENV_CLEAN,2.632964,92.2914,25589.0307,0.01088,0.034789,277.26,407.99,42.0,1478.0,134.0,134.0,214.0,1411.0,0.0026,EXP_INTERACTIVE_ENV_CLEAN_SESS_0122.pcap
NAT_ENH_EXP_INTERACTIVE_ENV_CLEAN_SESS_0123_W0000,DS1_NATIVE_IPSEC_ENHANCED,1,EXP_INTERACTIVE_ENV_CLEAN,GRP_EXP_INTERACTIVE_ENV_CLEAN_SESS_0123,SESS_0123,0,INTERACTIVE,ENV_CLEAN,2.997302,41.7042,10738.9911,0.024172,0.069889,257.5,390.9,42.0,1478.0,90.0,134.0,134.0,294.0,0.03,EXP_INTERACTIVE_ENV_CLEAN_SESS_0123.pcap
NAT_ENH_EXP_INTERACTIVE_ENV_CLEAN_SESS_0123_W0001,DS1_NATIVE_IPSEC_ENHANCED,1,EXP_INTERACTIVE_ENV_CLEAN,GRP_EXP_INTERACTIVE_ENV_CLEAN_SESS_0123,SESS_0123,1,INTERACTIVE,ENV_CLEAN,2.840951,58.4311,15186.4642,0.017218,0.057229,259.9,390.95,42.0,1478.0,90.0,134.0,134.0,294.0,0.0159,EXP_INTERACTIVE_ENV_CLEAN_SESS_0123.pcap
NAT_ENH_EXP_INTERACTIVE_ENV_CLEAN_SESS_0123_W0002,DS1_NATIVE_IPSEC_ENHANCED,1,EXP_INTERACTIVE_ENV_CLEAN,GRP_EXP_INTERACTIVE_ENV_CLEAN_SESS_0123,SESS_0123,2,INTERACTIVE,ENV_CLEAN,2.929976,68.6012,18173.5278,0.01465,0.046247,264.92,396.16,42.0,1478.0,134.0,134.0,214.0,294.0,0.0111,EXP_INTERACTIVE_ENV_CLEAN_SESS_0123.pcap
NAT_ENH_EXP_INTERACTIVE_ENV_CLEAN_SESS_0123_W0003,DS1_NATIVE_IPSEC_ENHANCED,1,EXP_INTERACTIVE_ENV_CLEAN,GRP_EXP_INTERACTIVE_ENV_CLEAN_SESS_0123,SESS_0123,3,INTERACTIVE,ENV_CLEAN,2.747375,89.176,24571.4545,0.01126,0.037118,275.54,406.76,42.0,1478.0,134.0,134.0,214.0,1411.0,0.0026,EXP_INTERACTIVE_ENV_CLEAN_SESS_0123.pcap
NAT_ENH_EXP_INTERACTIVE_ENV_CLEAN_SESS_0124_W0000,DS1_NATIVE_IPSEC_ENHANCED,1,EXP_INTERACTIVE_ENV_CLEAN,GRP_EXP_INTERACTIVE_ENV_CLEAN_SESS_0124,SESS_0124,0,INTERACTIVE,ENV_CLEAN,2.937809,61.2702,16246.4613,0.016412,0.060812,265.16,397.12,42.0,1478.0,90.0,134.0,154.0,405.6999999999937,0.0181,EXP_INTERACTIVE_ENV_CLEAN_SESS_0124.pcap
NAT_ENH_EXP_INTERACTIVE_ENV_CLEAN_SESS_0124_W0001,DS1_NATIVE_IPSEC_ENHANCED,1,EXP_INTERACTIVE_ENV_CLEAN,GRP_EXP_INTERACTIVE_ENV_CLEAN_SESS_0124,SESS_0124,1,INTERACTIVE,ENV_CLEAN,2.389947,91.2154,24448.66,0.011014,0.035359,268.03,398.14,42.0,1478.0,134.0,134.0,214.0,629.1000000000126,0.0057,EXP_INTERACTIVE_ENV_CLEAN_SESS_0124.pcap
NAT_ENH_EXP_INTERACTIVE_ENV_CLEAN_SESS_0124_W0002,DS1_NATIVE_IPSEC_ENHANCED,1,EXP_INTERACTIVE_ENV_CLEAN,GRP_EXP_INTERACTIVE_ENV_CLEAN_SESS_0124,SESS_0124,2,INTERACTIVE,ENV_CLEAN,2.879658,88.8994,23924.0217,0.011293,0.036227,269.11,399.15,42.0,1478.0,134.0,134.0,214.0,852.5,0.0049,EXP_INTERACTIVE_ENV_CLEAN_SESS_0124.pcap
NAT_ENH_EXP_INTERACTIVE_ENV_CLEAN_SESS_0125_W0000,DS1_NATIVE_IPSEC_ENHANCED,1,EXP_INTERACTIVE_ENV_CLEAN,GRP_EXP_INTERACTIVE_ENV_CLEAN_SESS_0125,SESS_0125,0,INTERACTIVE,ENV_CLEAN,2.977292,62.8088,16313.8177,0.016007,0.069628,259.74,390.69,42.0,1478.0,90.0,134.0,134.0,294.0,0.0196,EXP_INTERACTIVE_ENV_CLEAN_SESS_0125.pcap
NAT_ENH_EXP_INTERACTIVE_ENV_CLEAN_SESS_0125_W0001,DS1_NATIVE_IPSEC_ENHANCED,1,EXP_INTERACTIVE_ENV_CLEAN,GRP_EXP_INTERACTIVE_ENV_CLEAN_SESS_0125,SESS_0125,1,INTERACTIVE,ENV_CLEAN,2.063387,121.6446,33013.1938,0.008254,0.029898,271.39,402.76,42.0,1478.0,134.0,134.0,214.0,1411.0,0.0086,EXP_INTERACTIVE_ENV_CLEAN_SESS_0125.pcap
NAT_ENH_EXP_INTERACTIVE_ENV_CLEAN_SESS_0125_W0002,DS1_NATIVE_IPSEC_ENHANCED,1,EXP_INTERACTIVE_ENV_CLEAN,GRP_EXP_INTERACTIVE_ENV_CLEAN_SESS_0125,SESS_0125,2,INTERACTIVE,ENV_CLEAN,2.585653,126.4671,34437.3347,0.007931,0.02876,272.3,403.26,42.0,1478.0,134.0,134.0,214.0,1411.0,0.0066,EXP_INTERACTIVE_ENV_CLEAN_SESS_0125.pcap
NAT_ENH_EXP_INTERACTIVE_ENV_CLEAN_SESS_0125_W0003,DS1_NATIVE_IPSEC_ENHANCED,1,EXP_INTERACTIVE_ENV_CLEAN,GRP_EXP_INTERACTIVE_ENV_CLEAN_SESS_0125,SESS_0125,3,INTERACTIVE,ENV_CLEAN,2.827506,141.4674,38787.892,0.007086,0.025596,274.18,404.79,42.0,1478.0,134.0,134.0,214.0,1411.0,0.0039,EXP_INTERACTIVE_ENV_CLEAN_SESS_0125.pcap
NAT_ENH_EXP_INTERACTIVE_ENV_CLEAN_SESS_0125_W0004,DS1_NATIVE_IPSEC_ENHANCED,1,EXP_INTERACTIVE_ENV_CLEAN,GRP_EXP_INTERACTIVE_ENV_CLEAN_SESS_0125,SESS_0125,4,INTERACTIVE,ENV_CLEAN,2.921004,144.1285,39512.4408,0.006955,0.024816,274.15,403.72,66.0,1478.0,134.0,134.0,214.0,1411.0,0.0016,EXP_INTERACTIVE_ENV_CLEAN_SESS_0125.pcap
NAT_ENH_EXP_INTERACTIVE_ENV_CLEAN_SESS_0125_W0005,DS1_NATIVE_IPSEC_ENHANCED,1,EXP_INTERACTIVE_ENV_CLEAN,GRP_EXP_INTERACTIVE_ENV_CLEAN_SESS_0125,SESS_0125,5,INTERACTIVE,ENV_CLEAN,2.969059,143.143,39998.1948,0.007002,0.024952,279.43,409.78,66.0,1478.0,134.0,134.0,214.0,1411.0,0.0006,EXP_INTERACTIVE_ENV_CLEAN_SESS_0125.pcap
NAT_ENH_EXP_INTERACTIVE_ENV_CLEAN_SESS_0125_W0006,DS1_NATIVE_IPSEC_ENHANCED,1,EXP_INTERACTIVE_ENV_CLEAN,GRP_EXP_INTERACTIVE_ENV_CLEAN_SESS_0125,SESS_0125,6,INTERACTIVE,ENV_CLEAN,2.940981,145.1896,40426.3047,0.006904,0.024665,278.44,409.07,66.0,1478.0,134.0,134.0,214.0,1411.0,0.0012,EXP_INTERACTIVE_ENV_CLEAN_SESS_0125.pcap
NAT_ENH_EXP_INTERACTIVE_ENV_CLEAN_SESS_0125_W0007,DS1_NATIVE_IPSEC_ENHANCED,1,EXP_INTERACTIVE_ENV_CLEAN,GRP_EXP_INTERACTIVE_ENV_CLEAN_SESS_0125,SESS_0125,7,INTERACTIVE,ENV_CLEAN,2.927977,136.9546,37572.3569,0.00732,0.025968,274.34,404.16,66.0,1478.0,134.0,134.0,214.0,1411.0,0.0013,EXP_INTERACTIVE_ENV_CLEAN_SESS_0125.pcap
NAT_ENH_EXP_INTERACTIVE_ENV_CLEAN_SESS_0126_W0000,DS1_NATIVE_IPSEC_ENHANCED,1,EXP_INTERACTIVE_ENV_CLEAN,GRP_EXP_INTERACTIVE_ENV_CLEAN_SESS_0126,SESS_0126,0,INTERACTIVE,ENV_CLEAN,2.97148,50.4799,12847.1328,0.019943,0.088382,254.5,385.9,42.0,1478.0,90.0,134.0,134.0,294.0,0.0251,EXP_INTERACTIVE_ENV_CLEAN_SESS_0126.pcap
NAT_ENH_EXP_INTERACTIVE_ENV_CLEAN_SESS_0126_W0001,DS1_NATIVE_IPSEC_ENHANCED,1,EXP_INTERACTIVE_ENV_CLEAN,GRP_EXP_INTERACTIVE_ENV_CLEAN_SESS_0126,SESS_0126,1,INTERACTIVE,ENV_CLEAN,2.064851,98.3122,25917.611,0.010222,0.034676,263.63,394.42,42.0,1478.0,134.0,134.0,174.0,294.0,0.011,EXP_INTERACTIVE_ENV_CLEAN_SESS_0126.pcap
NAT_ENH_EXP_INTERACTIVE_ENV_CLEAN_SESS_0126_W0002,DS1_NATIVE_IPSEC_ENHANCED,1,EXP_INTERACTIVE_ENV_CLEAN,GRP_EXP_INTERACTIVE_ENV_CLEAN_SESS_0126,SESS_0126,2,INTERACTIVE,ENV_CLEAN,2.528387,102.8324,27372.7893,0.009762,0.033256,266.19,396.77,42.0,1478.0,134.0,134.0,214.0,405.6999999999937,0.0085,EXP_INTERACTIVE_ENV_CLEAN_SESS_0126.pcap
NAT_ENH_EXP_INTERACTIVE_ENV_CLEAN_SESS_0126_W0003,DS1_NATIVE_IPSEC_ENHANCED,1,EXP_INTERACTIVE_ENV_CLEAN,GRP_EXP_INTERACTIVE_ENV_CLEAN_SESS_0126,SESS_0126,3,INTERACTIVE,ENV_CLEAN,2.771992,119.7695,32400.166,0.008375,0.028483,270.52,400.49,42.0,1478.0,134.0,134.0,214.0,1299.3000000000382,0.0029,EXP_INTERACTIVE_ENV_CLEAN_SESS_0126.pcap
NAT_ENH_EXP_INTERACTIVE_ENV_CLEAN_SESS_0126_W0004,DS1_NATIVE_IPSEC_ENHANCED,1,EXP_INTERACTIVE_ENV_CLEAN,GRP_EXP_INTERACTIVE_ENV_CLEAN_SESS_0126,SESS_0126,4,INTERACTIVE,ENV_CLEAN,2.743072,138.1663,38074.8295,0.007257,0.024664,275.57,405.41,66.0,1478.0,134.0,134.0,214.0,1411.0,0.0009,EXP_INTERACTIVE_ENV_CLEAN_SESS_0126.pcap
NAT_ENH_EXP_INTERACTIVE_ENV_CLEAN_SESS_0126_W0005,DS1_NATIVE_IPSEC_ENHANCED,1,EXP_INTERACTIVE_ENV_CLEAN,GRP_EXP_INTERACTIVE_ENV_CLEAN_SESS_0126,SESS_0126,5,INTERACTIVE,ENV_CLEAN,2.852997,132.8428,36623.2444,0.007548,0.026204,275.69,405.36,66.0,1478.0,134.0,134.0,214.0,1411.0,0.24,EXP_INTERACTIVE_ENV_CLEAN_SESS_0126.pcap
NAT_ENH_EXP_INTERACTIVE_ENV_CLEAN_SESS_0126_W0006,DS1_NATIVE_IPSEC_ENHANCED,1,EXP_INTERACTIVE_ENV_CLEAN,GRP_EXP_INTERACTIVE_ENV_CLEAN_SESS_0126,SESS_0126,6,INTERACTIVE,ENV_CLEAN,2.835299,128.0288,35103.5286,0.007832,0.026754,274.18,404.06,66.0,1478.0,134.0,134.0,214.0,1411.0,0.0014,EXP_INTERACTIVE_ENV_CLEAN_SESS_0126.pcap
NAT_ENH_EXP_INTERACTIVE_ENV_CLEAN_SESS_0126_W0007,DS1_NATIVE_IPSEC_ENHANCED,1,EXP_INTERACTIVE_ENV_CLEAN,GRP_EXP_INTERACTIVE_ENV_CLEAN_SESS_0126,SESS_0126,7,INTERACTIVE,ENV_CLEAN,2.846137,124.7305,34610.0691,0.00804,0.027309,277.48,407.94,66.0,1478.0,134.0,134.0,214.0,1411.0,0.0014,EXP_INTERACTIVE_ENV_CLEAN_SESS_0126.pcap
NAT_ENH_EXP_INTERACTIVE_ENV_CLEAN_SESS_0126_W0008,DS1_NATIVE_IPSEC_ENHANCED,1,EXP_INTERACTIVE_ENV_CLEAN,GRP_EXP_INTERACTIVE_ENV_CLEAN_SESS_0126,SESS_0126,8,INTERACTIVE,ENV_CLEAN,2.980889,114.3954,31499.3295,0.008767,0.029608,275.35,405.58,66.0,1478.0,134.0,134.0,214.0,1411.0,0.0015,EXP_INTERACTIVE_ENV_CLEAN_SESS_0126.pcap
NAT_ENH_EXP_INTERACTIVE_ENV_CLEAN_SESS_0126_W0009,DS1_NATIVE_IPSEC_ENHANCED,1,EXP_INTERACTIVE_ENV_CLEAN,GRP_EXP_INTERACTIVE_ENV_CLEAN_SESS_0126,SESS_0126,9,INTERACTIVE,ENV_CLEAN,2.895381,104.3041,28769.9618,0.009619,0.032077,275.83,406.25,66.0,1478.0,134.0,134.0,214.0,1411.0,0.0017,EXP_INTERACTIVE_ENV_CLEAN_SESS_0126.pcap
NAT_ENH_EXP_INTERACTIVE_ENV_CLEAN_SESS_0126_W0010,DS1_NATIVE_IPSEC_ENHANCED,1,EXP_INTERACTIVE_ENV_CLEAN,GRP_EXP_INTERACTIVE_ENV_CLEAN_SESS_0126,SESS_0126,10,INTERACTIVE,ENV_CLEAN,2.92972,98.6442,26905.3022,0.010173,0.033001,272.75,402.73,66.0,1478.0,134.0,134.0,214.0,1411.0,0.0018,EXP_INTERACTIVE_ENV_CLEAN_SESS_0126.pcap
NAT_ENH_EXP_INTERACTIVE_ENV_CLEAN_SESS_0126_W0011,DS1_NATIVE_IPSEC_ENHANCED,1,EXP_INTERACTIVE_ENV_CLEAN,GRP_EXP_INTERACTIVE_ENV_CLEAN_SESS_0126,SESS_0126,11,INTERACTIVE,ENV_CLEAN,2.936131,93.6607,26240.3142,0.010716,0.034788,280.16,411.35,66.0,1478.0,134.0,134.0,214.0,1411.0,0.0018,EXP_INTERACTIVE_ENV_CLEAN_SESS_0126.pcap
NAT_ENH_EXP_INTERACTIVE_ENV_CLEAN_SESS_0126_W0012,DS1_NATIVE_IPSEC_ENHANCED,1,EXP_INTERACTIVE_ENV_CLEAN,GRP_EXP_INTERACTIVE_ENV_CLEAN_SESS_0126,SESS_0126,12,INTERACTIVE,ENV_CLEAN,2.855172,97.7174,27200.1134,0.01027,0.034265,278.35,408.69,66.0,1478.0,134.0,134.0,214.0,1411.0,0.2289,EXP_INTERACTIVE_ENV_CLEAN_SESS_0126.pcap
NAT_ENH_EXP_INTERACTIVE_ENV_CLEAN_SESS_0127_W0000,DS1_NATIVE_IPSEC_ENHANCED,1,EXP_INTERACTIVE_ENV_CLEAN,GRP_EXP_INTERACTIVE_ENV_CLEAN_SESS_0127,SESS_0127,0,INTERACTIVE,ENV_CLEAN,2.90735,36.8033,9318.1081,0.027428,0.098339,253.19,386.61,42.0,1478.0,90.0,134.0,134.0,294.0,0.0358,EXP_INTERACTIVE_ENV_CLEAN_SESS_0127.pcap
NAT_ENH_EXP_INTERACTIVE_ENV_CLEAN_SESS_0127_W0001,DS1_NATIVE_IPSEC_ENHANCED,1,EXP_INTERACTIVE_ENV_CLEAN,GRP_EXP_INTERACTIVE_ENV_CLEAN_SESS_0127,SESS_0127,1,INTERACTIVE,ENV_CLEAN,2.863403,52.036,13334.135,0.019347,0.078577,256.25,386.71,42.0,1478.0,90.0,134.0,134.0,294.0,0.018,EXP_INTERACTIVE_ENV_CLEAN_SESS_0127.pcap
NAT_ENH_EXP_INTERACTIVE_ENV_CLEAN_SESS_0127_W0002,DS1_NATIVE_IPSEC_ENHANCED,1,EXP_INTERACTIVE_ENV_CLEAN,GRP_EXP_INTERACTIVE_ENV_CLEAN_SESS_0127,SESS_0127,2,INTERACTIVE,ENV_CLEAN,2.948336,63.0864,16467.9324,0.015937,0.067383,261.04,391.4,42.0,1478.0,134.0,134.0,134.0,294.0,0.0122,EXP_INTERACTIVE_ENV_CLEAN_SESS_0127.pcap
NAT_ENH_EXP_INTERACTIVE_ENV_CLEAN_SESS_0127_W0003,DS1_NATIVE_IPSEC_ENHANCED,1,EXP_INTERACTIVE_ENV_CLEAN,GRP_EXP_INTERACTIVE_ENV_CLEAN_SESS_0127,SESS_0127,3,INTERACTIVE,ENV_CLEAN,2.52644,86.6832,23179.2571,0.011589,0.037718,267.4,397.34,42.0,1478.0,134.0,134.0,214.0,517.4000000000191,0.0045,EXP_INTERACTIVE_ENV_CLEAN_SESS_0127.pcap
NAT_ENH_EXP_INTERACTIVE_ENV_CLEAN_SESS_0127_W0004,DS1_NATIVE_IPSEC_ENHANCED,1,EXP_INTERACTIVE_ENV_CLEAN,GRP_EXP_INTERACTIVE_ENV_CLEAN_SESS_0127,SESS_0127,4,INTERACTIVE,ENV_CLEAN,2.823683,86.7661,23988.1741,0.011572,0.037835,276.47,406.34,66.0,1478.0,134.0,134.0,214.0,1411.0,0.2367,EXP_INTERACTIVE_ENV_CLEAN_SESS_0127.pcap
NAT_ENH_EXP_INTERACTIVE_ENV_CLEAN_SESS_0127_W0005,DS1_NATIVE_IPSEC_ENHANCED,1,EXP_INTERACTIVE_ENV_CLEAN,GRP_EXP_INTERACTIVE_ENV_CLEAN_SESS_0127,SESS_0127,5,INTERACTIVE,ENV_CLEAN,2.919233,90.4347,24972.9994,0.0111,0.036633,276.14,406.34,66.0,1478.0,134.0,134.0,214.0,1411.0,0.001,EXP_INTERACTIVE_ENV_CLEAN_SESS_0127.pcap
NAT_ENH_EXP_INTERACTIVE_ENV_CLEAN_SESS_0127_W0006,DS1_NATIVE_IPSEC_ENHANCED,1,EXP_INTERACTIVE_ENV_CLEAN,GRP_EXP_INTERACTIVE_ENV_CLEAN_SESS_0127,SESS_0127,6,INTERACTIVE,ENV_CLEAN,2.875831,85.5405,23555.2794,0.011738,0.037448,275.37,405.84,66.0,1478.0,134.0,134.0,214.0,1411.0,0.0021,EXP_INTERACTIVE_ENV_CLEAN_SESS_0127.pcap
NAT_ENH_EXP_INTERACTIVE_ENV_CLEAN_SESS_0127_W0007,DS1_NATIVE_IPSEC_ENHANCED,1,EXP_INTERACTIVE_ENV_CLEAN,GRP_EXP_INTERACTIVE_ENV_CLEAN_SESS_0127,SESS_0127,7,INTERACTIVE,ENV_CLEAN,2.765446,88.2317,24423.1857,0.01138,0.036502,276.81,407.17,66.0,1478.0,134.0,134.0,214.0,1411.0,0.0021,EXP_INTERACTIVE_ENV_CLEAN_SESS_0127.pcap
NAT_ENH_EXP_INTERACTIVE_ENV_CLEAN_SESS_0127_W0008,DS1_NATIVE_IPSEC_ENHANCED,1,EXP_INTERACTIVE_ENV_CLEAN,GRP_EXP_INTERACTIVE_ENV_CLEAN_SESS_0127,SESS_0127,8,INTERACTIVE,ENV_CLEAN,2.770244,87.7179,24332.5147,0.011447,0.036555,277.4,407.91,66.0,1478.0,134.0,134.0,214.0,1411.0,0.0021,EXP_INTERACTIVE_ENV_CLEAN_SESS_0127.pcap
NAT_ENH_EXP_INTERACTIVE_ENV_CLEAN_SESS_0127_W0009,DS1_NATIVE_IPSEC_ENHANCED,1,EXP_INTERACTIVE_ENV_CLEAN,GRP_EXP_INTERACTIVE_ENV_CLEAN_SESS_0127,SESS_0127,9,INTERACTIVE,ENV_CLEAN,2.907464,87.3614,24631.0872,0.011492,0.03674,281.94,413.12,66.0,1478.0,134.0,134.0,214.0,1411.0,0.002,EXP_INTERACTIVE_ENV_CLEAN_SESS_0127.pcap
NAT_ENH_EXP_INTERACTIVE_ENV_CLEAN_SESS_0128_W0000,DS1_NATIVE_IPSEC_ENHANCED,1,EXP_INTERACTIVE_ENV_CLEAN,GRP_EXP_INTERACTIVE_ENV_CLEAN_SESS_0128,SESS_0128,0,INTERACTIVE,ENV_CLEAN,2.909384,38.4961,9541.8824,0.026211,0.07749,247.87,378.82,42.0,1478.0,90.0,134.0,134.0,294.0,0.0316,EXP_INTERACTIVE_ENV_CLEAN_SESS_0128.pcap
NAT_ENH_EXP_INTERACTIVE_ENV_CLEAN_SESS_0128_W0001,DS1_NATIVE_IPSEC_ENHANCED,1,EXP_INTERACTIVE_ENV_CLEAN,GRP_EXP_INTERACTIVE_ENV_CLEAN_SESS_0128,SESS_0128,1,INTERACTIVE,ENV_CLEAN,2.688979,60.6178,15936.9045,0.016599,0.056291,262.91,393.88,42.0,1478.0,112.0,134.0,174.0,294.0,0.0138,EXP_INTERACTIVE_ENV_CLEAN_SESS_0128.pcap
NAT_ENH_EXP_INTERACTIVE_ENV_CLEAN_SESS_0128_W0002,DS1_NATIVE_IPSEC_ENHANCED,1,EXP_INTERACTIVE_ENV_CLEAN,GRP_EXP_INTERACTIVE_ENV_CLEAN_SESS_0128,SESS_0128,2,INTERACTIVE,ENV_CLEAN,2.695204,85.3368,23273.9338,0.011769,0.037317,272.73,403.93,42.0,1478.0,134.0,134.0,214.0,1411.0,0.0068,EXP_INTERACTIVE_ENV_CLEAN_SESS_0128.pcap
NAT_ENH_EXP_INTERACTIVE_ENV_CLEAN_SESS_0128_W0003,DS1_NATIVE_IPSEC_ENHANCED,1,EXP_INTERACTIVE_ENV_CLEAN,GRP_EXP_INTERACTIVE_ENV_CLEAN_SESS_0128,SESS_0128,3,INTERACTIVE,ENV_CLEAN,2.840314,95.0599,25899.25,0.010559,0.034864,272.45,402.64,42.0,1478.0,134.0,134.0,214.0,1411.0,0.0024,EXP_INTERACTIVE_ENV_CLEAN_SESS_0128.pcap
NAT_ENH_EXP_INTERACTIVE_ENV_CLEAN_SESS_0128_W0004,DS1_NATIVE_IPSEC_ENHANCED,1,EXP_INTERACTIVE_ENV_CLEAN,GRP_EXP_INTERACTIVE_ENV_CLEAN_SESS_0128,SESS_0128,4,INTERACTIVE,ENV_CLEAN,2.705112,107.5741,30315.196,0.009328,0.031515,281.81,412.58,66.0,1478.0,134.0,134.0,214.0,1411.0,0.0009,EXP_INTERACTIVE_ENV_CLEAN_SESS_0128.pcap
NAT_ENH_EXP_INTERACTIVE_ENV_CLEAN_SESS_0128_W0005,DS1_NATIVE_IPSEC_ENHANCED,1,EXP_INTERACTIVE_ENV_CLEAN,GRP_EXP_INTERACTIVE_ENV_CLEAN_SESS_0128,SESS_0128,5,INTERACTIVE,ENV_CLEAN,2.916142,102.8756,28496.5548,0.009753,0.032982,277.0,407.34,66.0,1478.0,134.0,134.0,214.0,1411.0,0.0017,EXP_INTERACTIVE_ENV_CLEAN_SESS_0128.pcap
NAT_ENH_EXP_INTERACTIVE_ENV_CLEAN_SESS_0128_W0006,DS1_NATIVE_IPSEC_ENHANCED,1,EXP_INTERACTIVE_ENV_CLEAN,GRP_EXP_INTERACTIVE_ENV_CLEAN_SESS_0128,SESS_0128,6,INTERACTIVE,ENV_CLEAN,2.890438,103.7905,28749.9672,0.009667,0.032609,277.0,407.34,66.0,1478.0,134.0,134.0,214.0,1411.0,0.0017,EXP_INTERACTIVE_ENV_CLEAN_SESS_0128.pcap
NAT_ENH_EXP_INTERACTIVE_ENV_CLEAN_SESS_0128_W0007,DS1_NATIVE_IPSEC_ENHANCED,1,EXP_INTERACTIVE_ENV_CLEAN,GRP_EXP_INTERACTIVE_ENV_CLEAN_SESS_0128,SESS_0128,7,INTERACTIVE,ENV_CLEAN,2.879491,102.1014,28596.7222,0.009828,0.033309,280.08,410.84,66.0,1478.0,134.0,134.0,214.0,1411.0,0.0017,EXP_INTERACTIVE_ENV_CLEAN_SESS_0128.pcap
NAT_ENH_EXP_INTERACTIVE_ENV_CLEAN_SESS_0129_W0000,DS1_NATIVE_IPSEC_ENHANCED,1,EXP_INTERACTIVE_ENV_CLEAN,GRP_EXP_INTERACTIVE_ENV_CLEAN_SESS_0129,SESS_0129,0,INTERACTIVE,ENV_CLEAN,2.93465,59.2916,15988.619,0.016963,0.082726,269.66,403.16,42.0,1478.0,90.0,134.0,214.0,1075.9000000000192,0.0184,EXP_INTERACTIVE_ENV_CLEAN_SESS_0129.pcap
NAT_ENH_EXP_INTERACTIVE_ENV_CLEAN_SESS_0129_W0001,DS1_NATIVE_IPSEC_ENHANCED,1,EXP_INTERACTIVE_ENV_CLEAN,GRP_EXP_INTERACTIVE_ENV_CLEAN_SESS_0129,SESS_0129,1,INTERACTIVE,ENV_CLEAN,2.465223,87.2132,23477.3886,0.01152,0.037081,269.2,400.87,42.0,1478.0,134.0,134.0,214.0,964.1999999999937,0.0102,EXP_INTERACTIVE_ENV_CLEAN_SESS_0129.pcap
NAT_ENH_EXP_INTERACTIVE_ENV_CLEAN_SESS_0129_W0002,DS1_NATIVE_IPSEC_ENHANCED,1,EXP_INTERACTIVE_ENV_CLEAN,GRP_EXP_INTERACTIVE_ENV_CLEAN_SESS_0129,SESS_0129,2,INTERACTIVE,ENV_CLEAN,2.882837,87.4139,23658.9855,0.011485,0.037094,270.65,402.19,42.0,1478.0,134.0,134.0,214.0,1299.3000000000063,0.0086,EXP_INTERACTIVE_ENV_CLEAN_SESS_0129.pcap
NAT_ENH_EXP_INTERACTIVE_ENV_CLEAN_SESS_0129_W0003,DS1_NATIVE_IPSEC_ENHANCED,1,EXP_INTERACTIVE_ENV_CLEAN,GRP_EXP_INTERACTIVE_ENV_CLEAN_SESS_0129,SESS_0129,3,INTERACTIVE,ENV_CLEAN,2.884802,101.2201,28478.9033,0.009913,0.032879,281.36,411.99,66.0,1478.0,134.0,134.0,214.0,1411.0,0.2224,EXP_INTERACTIVE_ENV_CLEAN_SESS_0129.pcap
NAT_ENH_EXP_INTERACTIVE_ENV_CLEAN_SESS_0129_W0004,DS1_NATIVE_IPSEC_ENHANCED,1,EXP_INTERACTIVE_ENV_CLEAN,GRP_EXP_INTERACTIVE_ENV_CLEAN_SESS_0129,SESS_0129,4,INTERACTIVE,ENV_CLEAN,2.951287,93.8574,26180.1035,0.010693,0.035622,278.94,410.18,66.0,1478.0,134.0,134.0,214.0,1411.0,0.0018,EXP_INTERACTIVE_ENV_CLEAN_SESS_0129.pcap
NAT_ENH_EXP_INTERACTIVE_ENV_CLEAN_SESS_0129_W0005,DS1_NATIVE_IPSEC_ENHANCED,1,EXP_INTERACTIVE_ENV_CLEAN,GRP_EXP_INTERACTIVE_ENV_CLEAN_SESS_0129,SESS_0129,5,INTERACTIVE,ENV_CLEAN,2.952238,98.5693,27732.8582,0.01018,0.033906,281.35,412.78,66.0,1478.0,134.0,134.0,214.0,1411.0,0.0017,EXP_INTERACTIVE_ENV_CLEAN_SESS_0129.pcap
NAT_ENH_EXP_INTERACTIVE_ENV_CLEAN_SESS_0129_W0006,DS1_NATIVE_IPSEC_ENHANCED,1,EXP_INTERACTIVE_ENV_CLEAN,GRP_EXP_INTERACTIVE_ENV_CLEAN_SESS_0129,SESS_0129,6,INTERACTIVE,ENV_CLEAN,2.880697,91.6445,25284.8528,0.010953,0.036014,275.9,406.45,66.0,1478.0,134.0,134.0,214.0,1411.0,0.0019,EXP_INTERACTIVE_ENV_CLEAN_SESS_0129.pcap
NAT_ENH_EXP_INTERACTIVE_ENV_CLEAN_SESS_0129_W0007,DS1_NATIVE_IPSEC_ENHANCED,1,EXP_INTERACTIVE_ENV_CLEAN,GRP_EXP_INTERACTIVE_ENV_CLEAN_SESS_0129,SESS_0129,7,INTERACTIVE,ENV_CLEAN,2.726209,94.6369,26440.38,0.010608,0.035502,279.39,410.43,66.0,1478.0,134.0,134.0,214.0,1411.0,0.0019,EXP_INTERACTIVE_ENV_CLEAN_SESS_0129.pcap
NAT_ENH_EXP_INTERACTIVE_ENV_CLEAN_SESS_0129_W0008,DS1_NATIVE_IPSEC_ENHANCED,1,EXP_INTERACTIVE_ENV_CLEAN,GRP_EXP_INTERACTIVE_ENV_CLEAN_SESS_0129,SESS_0129,8,INTERACTIVE,ENV_CLEAN,2.91634,95.325,26556.2304,0.010528,0.035363,278.59,409.4,66.0,1478.0,134.0,134.0,214.0,1411.0,0.0018,EXP_INTERACTIVE_ENV_CLEAN_SESS_0129.pcap
NAT_ENH_EXP_INTERACTIVE_ENV_CLEAN_SESS_0129_W0009,DS1_NATIVE_IPSEC_ENHANCED,1,EXP_INTERACTIVE_ENV_CLEAN,GRP_EXP_INTERACTIVE_ENV_CLEAN_SESS_0129,SESS_0129,9,INTERACTIVE,ENV_CLEAN,2.825063,92.3873,25657.481,0.010866,0.036052,277.72,408.35,66.0,1478.0,134.0,134.0,214.0,1411.0,0.0019,EXP_INTERACTIVE_ENV_CLEAN_SESS_0129.pcap
NAT_ENH_EXP_INTERACTIVE_ENV_CLEAN_SESS_0129_W0010,DS1_NATIVE_IPSEC_ENHANCED,1,EXP_INTERACTIVE_ENV_CLEAN,GRP_EXP_INTERACTIVE_ENV_CLEAN_SESS_0129,SESS_0129,10,INTERACTIVE,ENV_CLEAN,2.736728,101.2158,28296.9303,0.009916,0.033483,279.57,409.85,66.0,1478.0,134.0,134.0,214.0,1411.0,0.2334,EXP_INTERACTIVE_ENV_CLEAN_SESS_0129.pcap
NAT_ENH_EXP_INTERACTIVE_ENV_CLEAN_SESS_0129_W0011,DS1_NATIVE_IPSEC_ENHANCED,1,EXP_INTERACTIVE_ENV_CLEAN,GRP_EXP_INTERACTIVE_ENV_CLEAN_SESS_0129,SESS_0129,11,INTERACTIVE,ENV_CLEAN,2.746236,98.3164,26844.7423,0.010209,0.034051,273.04,402.38,66.0,1478.0,134.0,134.0,214.0,1411.0,0.2413,EXP_INTERACTIVE_ENV_CLEAN_SESS_0129.pcap
NAT_ENH_EXP_INTERACTIVE_ENV_CLEAN_SESS_0130_W0000,DS1_NATIVE_IPSEC_ENHANCED,1,EXP_INTERACTIVE_ENV_CLEAN,GRP_EXP_INTERACTIVE_ENV_CLEAN_SESS_0130,SESS_0130,0,INTERACTIVE,ENV_CLEAN,2.912265,51.1629,13062.3412,0.019677,0.073477,255.31,387.07,42.0,1478.0,90.0,134.0,134.0,294.0,0.0252,EXP_INTERACTIVE_ENV_CLEAN_SESS_0130.pcap
NAT_ENH_EXP_INTERACTIVE_ENV_CLEAN_SESS_0130_W0001,DS1_NATIVE_IPSEC_ENHANCED,1,EXP_INTERACTIVE_ENV_CLEAN,GRP_EXP_INTERACTIVE_ENV_CLEAN_SESS_0130,SESS_0130,1,INTERACTIVE,ENV_CLEAN,2.296763,79.242,20906.3805,0.012689,0.041087,263.83,395.22,42.0,1478.0,101.0,134.0,194.0,294.0,0.0123,EXP_INTERACTIVE_ENV_CLEAN_SESS_0130.pcap
NAT_ENH_EXP_INTERACTIVE_ENV_CLEAN_SESS_0130_W0002,DS1_NATIVE_IPSEC_ENHANCED,1,EXP_INTERACTIVE_ENV_CLEAN,GRP_EXP_INTERACTIVE_ENV_CLEAN_SESS_0130,SESS_0130,2,INTERACTIVE,ENV_CLEAN,2.844379,82.9707,22281.138,0.012104,0.039237,268.54,399.69,42.0,1478.0,134.0,134.0,214.0,852.5,0.0093,EXP_INTERACTIVE_ENV_CLEAN_SESS_0130.pcap
NAT_ENH_EXP_INTERACTIVE_ENV_CLEAN_SESS_0130_W0003,DS1_NATIVE_IPSEC_ENHANCED,1,EXP_INTERACTIVE_ENV_CLEAN,GRP_EXP_INTERACTIVE_ENV_CLEAN_SESS_0130,SESS_0130,3,INTERACTIVE,ENV_CLEAN,2.886122,95.9765,26832.1992,0.010457,0.034081,279.57,409.89,66.0,1478.0,134.0,134.0,214.0,1411.0,0.0023,EXP_INTERACTIVE_ENV_CLEAN_SESS_0130.pcap
NAT_ENH_EXP_INTERACTIVE_ENV_CLEAN_SESS_0131_W0000,DS1_NATIVE_IPSEC_ENHANCED,1,EXP_INTERACTIVE_ENV_CLEAN,GRP_EXP_INTERACTIVE_ENV_CLEAN_SESS_0131,SESS_0131,0,INTERACTIVE,ENV_CLEAN,2.953815,35.2087,9058.455,0.028678,0.086252,257.28,391.34,42.0,1478.0,90.0,134.0,134.0,294.0,0.0362,EXP_INTERACTIVE_ENV_CLEAN_SESS_0131.pcap
NAT_ENH_EXP_INTERACTIVE_ENV_CLEAN_SESS_0131_W0001,DS1_NATIVE_IPSEC_ENHANCED,1,EXP_INTERACTIVE_ENV_CLEAN,GRP_EXP_INTERACTIVE_ENV_CLEAN_SESS_0131,SESS_0131,1,INTERACTIVE,ENV_CLEAN,2.946931,47.1677,12539.4865,0.021355,0.074326,265.85,398.51,42.0,1478.0,90.0,134.0,174.0,517.4000000000032,0.0185,EXP_INTERACTIVE_ENV_CLEAN_SESS_0131.pcap
NAT_ENH_EXP_INTERACTIVE_ENV_CLEAN_SESS_0131_W0002,DS1_NATIVE_IPSEC_ENHANCED,1,EXP_INTERACTIVE_ENV_CLEAN,GRP_EXP_INTERACTIVE_ENV_CLEAN_SESS_0131,SESS_0131,2,INTERACTIVE,ENV_CLEAN,2.732938,64.0337,17268.9608,0.015707,0.051493,269.69,401.82,42.0,1478.0,134.0,134.0,214.0,964.1999999999937,0.0125,EXP_INTERACTIVE_ENV_CLEAN_SESS_0131.pcap
NAT_ENH_EXP_INTERACTIVE_ENV_CLEAN_SESS_0131_W0003,DS1_NATIVE_IPSEC_ENHANCED,1,EXP_INTERACTIVE_ENV_CLEAN,GRP_EXP_INTERACTIVE_ENV_CLEAN_SESS_0131,SESS_0131,3,INTERACTIVE,ENV_CLEAN,2.874623,75.1403,20233.2615,0.01337,0.044816,269.27,399.77,42.0,1478.0,134.0,134.0,214.0,852.5,0.0058,EXP_INTERACTIVE_ENV_CLEAN_SESS_0131.pcap
NAT_ENH_EXP_INTERACTIVE_ENV_CLEAN_SESS_0131_W0004,DS1_NATIVE_IPSEC_ENHANCED,1,EXP_INTERACTIVE_ENV_CLEAN,GRP_EXP_INTERACTIVE_ENV_CLEAN_SESS_0131,SESS_0131,4,INTERACTIVE,ENV_CLEAN,2.799895,86.0747,24024.8311,0.011666,0.038403,279.12,409.16,66.0,1478.0,134.0,134.0,214.0,1411.0,0.2327,EXP_INTERACTIVE_ENV_CLEAN_SESS_0131.pcap
NAT_ENH_EXP_INTERACTIVE_ENV_CLEAN_SESS_0131_W0005,DS1_NATIVE_IPSEC_ENHANCED,1,EXP_INTERACTIVE_ENV_CLEAN,GRP_EXP_INTERACTIVE_ENV_CLEAN_SESS_0131,SESS_0131,5,INTERACTIVE,ENV_CLEAN,2.851193,98.2045,27262.6235,0.010219,0.034288,277.61,408.15,66.0,1478.0,134.0,134.0,214.0,1411.0,0.0009,EXP_INTERACTIVE_ENV_CLEAN_SESS_0131.pcap
NAT_ENH_EXP_INTERACTIVE_ENV_CLEAN_SESS_0131_W0006,DS1_NATIVE_IPSEC_ENHANCED,1,EXP_INTERACTIVE_ENV_CLEAN,GRP_EXP_INTERACTIVE_ENV_CLEAN_SESS_0131,SESS_0131,6,INTERACTIVE,ENV_CLEAN,2.748251,97.8804,26753.0153,0.010255,0.034062,273.32,403.13,66.0,1478.0,134.0,134.0,214.0,1411.0,0.001,EXP_INTERACTIVE_ENV_CLEAN_SESS_0131.pcap
NAT_ENH_EXP_INTERACTIVE_ENV_CLEAN_SESS_0131_W0007,DS1_NATIVE_IPSEC_ENHANCED,1,EXP_INTERACTIVE_ENV_CLEAN,GRP_EXP_INTERACTIVE_ENV_CLEAN_SESS_0131,SESS_0131,7,INTERACTIVE,ENV_CLEAN,2.875786,93.5396,25544.3202,0.010731,0.035266,273.09,403.24,66.0,1478.0,134.0,134.0,214.0,1411.0,0.0019,EXP_INTERACTIVE_ENV_CLEAN_SESS_0131.pcap
NAT_ENH_EXP_INTERACTIVE_ENV_CLEAN_SESS_0131_W0008,DS1_NATIVE_IPSEC_ENHANCED,1,EXP_INTERACTIVE_ENV_CLEAN,GRP_EXP_INTERACTIVE_ENV_CLEAN_SESS_0131,SESS_0131,8,INTERACTIVE,ENV_CLEAN,2.863401,100.9289,27528.4514,0.009942,0.032762,272.75,402.73,66.0,1478.0,134.0,134.0,214.0,1411.0,0.0018,EXP_INTERACTIVE_ENV_CLEAN_SESS_0131.pcap
NAT_ENH_EXP_INTERACTIVE_ENV_CLEAN_SESS_0132_W0000,DS1_NATIVE_IPSEC_ENHANCED,1,EXP_INTERACTIVE_ENV_CLEAN,GRP_EXP_INTERACTIVE_ENV_CLEAN_SESS_0132,SESS_0132,0,INTERACTIVE,ENV_CLEAN,2.92194,31.4859,7686.6737,0.032109,0.094625,244.13,374.61,42.0,1478.0,89.0,134.0,134.0,294.0,0.0391,EXP_INTERACTIVE_ENV_CLEAN_SESS_0132.pcap
NAT_ENH_EXP_INTERACTIVE_ENV_CLEAN_SESS_0132_W0001,DS1_NATIVE_IPSEC_ENHANCED,1,EXP_INTERACTIVE_ENV_CLEAN,GRP_EXP_INTERACTIVE_ENV_CLEAN_SESS_0132,SESS_0132,1,INTERACTIVE,ENV_CLEAN,2.857589,44.4431,11412.4179,0.022679,0.074502,256.79,387.77,42.0,1478.0,90.0,134.0,134.0,294.0,0.021,EXP_INTERACTIVE_ENV_CLEAN_SESS_0132.pcap
NAT_ENH_EXP_INTERACTIVE_ENV_CLEAN_SESS_0132_W0002,DS1_NATIVE_IPSEC_ENHANCED,1,EXP_INTERACTIVE_ENV_CLEAN,GRP_EXP_INTERACTIVE_ENV_CLEAN_SESS_0132,SESS_0132,2,INTERACTIVE,ENV_CLEAN,2.944803,58.7476,15958.6227,0.017121,0.058282,271.65,403.7,42.0,1478.0,134.0,134.0,214.0,1187.6000000000126,0.0126,EXP_INTERACTIVE_ENV_CLEAN_SESS_0132.pcap
NAT_ENH_EXP_INTERACTIVE_ENV_CLEAN_SESS_0132_W0003,DS1_NATIVE_IPSEC_ENHANCED,1,EXP_INTERACTIVE_ENV_CLEAN,GRP_EXP_INTERACTIVE_ENV_CLEAN_SESS_0132,SESS_0132,3,INTERACTIVE,ENV_CLEAN,2.819548,75.8987,20557.5494,0.013237,0.046108,270.86,401.28,42.0,1478.0,134.0,134.0,214.0,1075.9000000000192,0.0058,EXP_INTERACTIVE_ENV_CLEAN_SESS_0132.pcap
NAT_ENH_EXP_INTERACTIVE_ENV_CLEAN_SESS_0132_W0004,DS1_NATIVE_IPSEC_ENHANCED,1,EXP_INTERACTIVE_ENV_CLEAN,GRP_EXP_INTERACTIVE_ENV_CLEAN_SESS_0132,SESS_0132,4,INTERACTIVE,ENV_CLEAN,2.887787,86.2252,23592.8057,0.011644,0.037736,273.62,403.78,42.0,1478.0,134.0,134.0,214.0,1411.0,0.0026,EXP_INTERACTIVE_ENV_CLEAN_SESS_0132.pcap
NAT_ENH_EXP_INTERACTIVE_ENV_CLEAN_SESS_0132_W0005,DS1_NATIVE_IPSEC_ENHANCED,1,EXP_INTERACTIVE_ENV_CLEAN,GRP_EXP_INTERACTIVE_ENV_CLEAN_SESS_0132,SESS_0132,5,INTERACTIVE,ENV_CLEAN,2.904707,98.8051,27948.4303,0.010156,0.03335,282.86,415.31,66.0,1478.0,134.0,134.0,214.0,1411.0,0.0028,EXP_INTERACTIVE_ENV_CLEAN_SESS_0132.pcap
NAT_ENH_EXP_INTERACTIVE_ENV_CLEAN_SESS_0132_W0006,DS1_NATIVE_IPSEC_ENHANCED,1,EXP_INTERACTIVE_ENV_CLEAN,GRP_EXP_INTERACTIVE_ENV_CLEAN_SESS_0132,SESS_0132,6,INTERACTIVE,ENV_CLEAN,2.898237,95.5753,26706.2356,0.010501,0.034602,279.43,409.96,66.0,1478.0,134.0,134.0,214.0,1411.0,0.0018,EXP_INTERACTIVE_ENV_CLEAN_SESS_0132.pcap
NAT_ENH_EXP_INTERACTIVE_ENV_CLEAN_SESS_0132_W0007,DS1_NATIVE_IPSEC_ENHANCED,1,EXP_INTERACTIVE_ENV_CLEAN,GRP_EXP_INTERACTIVE_ENV_CLEAN_SESS_0132,SESS_0132,7,INTERACTIVE,ENV_CLEAN,2.818341,97.93,27439.9015,0.010249,0.033807,280.2,410.5,66.0,1478.0,134.0,134.0,214.0,1411.0,0.0018,EXP_INTERACTIVE_ENV_CLEAN_SESS_0132.pcap
NAT_ENH_EXP_INTERACTIVE_ENV_CLEAN_SESS_0132_W0008,DS1_NATIVE_IPSEC_ENHANCED,1,EXP_INTERACTIVE_ENV_CLEAN,GRP_EXP_INTERACTIVE_ENV_CLEAN_SESS_0132,SESS_0132,8,INTERACTIVE,ENV_CLEAN,2.845821,100.1469,27557.9535,0.01002,0.03299,275.18,405.0,66.0,1478.0,134.0,134.0,214.0,1411.0,0.0018,EXP_INTERACTIVE_ENV_CLEAN_SESS_0132.pcap
NAT_ENH_EXP_INTERACTIVE_ENV_CLEAN_SESS_0132_W0009,DS1_NATIVE_IPSEC_ENHANCED,1,EXP_INTERACTIVE_ENV_CLEAN,GRP_EXP_INTERACTIVE_ENV_CLEAN_SESS_0132,SESS_0132,9,INTERACTIVE,ENV_CLEAN,2.927479,92.9127,26227.0026,0.010803,0.035646,282.28,413.11,66.0,1478.0,134.0,134.0,214.0,1411.0,0.0018,EXP_INTERACTIVE_ENV_CLEAN_SESS_0132.pcap
NAT_ENH_EXP_INTERACTIVE_ENV_CLEAN_SESS_0132_W0010,DS1_NATIVE_IPSEC_ENHANCED,1,EXP_INTERACTIVE_ENV_CLEAN,GRP_EXP_INTERACTIVE_ENV_CLEAN_SESS_0132,SESS_0132,10,INTERACTIVE,ENV_CLEAN,2.860992,97.5186,27147.5772,0.010291,0.03405,278.38,408.67,66.0,1478.0,134.0,134.0,214.0,1411.0,0.0018,EXP_INTERACTIVE_ENV_CLEAN_SESS_0132.pcap
NAT_ENH_EXP_INTERACTIVE_ENV_CLEAN_SESS_0132_W0011,DS1_NATIVE_IPSEC_ENHANCED,1,EXP_INTERACTIVE_ENV_CLEAN,GRP_EXP_INTERACTIVE_ENV_CLEAN_SESS_0132,SESS_0132,11,INTERACTIVE,ENV_CLEAN,2.896767,89.7552,25050.6846,0.011184,0.036363,279.1,408.73,66.0,1478.0,134.0,134.0,214.0,1411.0,0.2387,EXP_INTERACTIVE_ENV_CLEAN_SESS_0132.pcap
NAT_ENH_EXP_INTERACTIVE_ENV_CLEAN_SESS_0132_W0012,DS1_NATIVE_IPSEC_ENHANCED,1,EXP_INTERACTIVE_ENV_CLEAN,GRP_EXP_INTERACTIVE_ENV_CLEAN_SESS_0132,SESS_0132,12,INTERACTIVE,ENV_CLEAN,2.723507,93.2621,26341.7725,0.010765,0.035504,282.45,412.9,66.0,1478.0,134.0,134.0,214.0,1411.0,0.229,EXP_INTERACTIVE_ENV_CLEAN_SESS_0132.pcap
NAT_ENH_EXP_INTERACTIVE_ENV_CLEAN_SESS_0132_W0013,DS1_NATIVE_IPSEC_ENHANCED,1,EXP_INTERACTIVE_ENV_CLEAN,GRP_EXP_INTERACTIVE_ENV_CLEAN_SESS_0132,SESS_0132,13,INTERACTIVE,ENV_CLEAN,2.880897,91.291,25281.0145,0.010996,0.03633,276.93,406.91,66.0,1478.0,134.0,134.0,214.0,1411.0,0.2348,EXP_INTERACTIVE_ENV_CLEAN_SESS_0132.pcap
NAT_ENH_EXP_INTERACTIVE_ENV_CLEAN_SESS_0133_W0000,DS1_NATIVE_IPSEC_ENHANCED,1,EXP_INTERACTIVE_ENV_CLEAN,GRP_EXP_INTERACTIVE_ENV_CLEAN_SESS_0133,SESS_0133,0,INTERACTIVE,ENV_CLEAN,2.940276,56.4573,14625.8371,0.01782,0.080804,259.06,391.28,42.0,1478.0,90.0,134.0,134.0,294.0,0.0222,EXP_INTERACTIVE_ENV_CLEAN_SESS_0133.pcap
NAT_ENH_EXP_INTERACTIVE_ENV_CLEAN_SESS_0133_W0001,DS1_NATIVE_IPSEC_ENHANCED,1,EXP_INTERACTIVE_ENV_CLEAN,GRP_EXP_INTERACTIVE_ENV_CLEAN_SESS_0133,SESS_0133,1,INTERACTIVE,ENV_CLEAN,2.181971,91.6602,24342.2109,0.010965,0.03619,265.57,397.04,42.0,1478.0,123.0,134.0,214.0,405.6999999999937,0.0111,EXP_INTERACTIVE_ENV_CLEAN_SESS_0133.pcap
NAT_ENH_EXP_INTERACTIVE_ENV_CLEAN_SESS_0133_W0002,DS1_NATIVE_IPSEC_ENHANCED,1,EXP_INTERACTIVE_ENV_CLEAN,GRP_EXP_INTERACTIVE_ENV_CLEAN_SESS_0133,SESS_0133,2,INTERACTIVE,ENV_CLEAN,2.576385,95.8708,26231.7159,0.010473,0.034823,273.62,405.62,42.0,1478.0,134.0,134.0,214.0,1411.0,0.0087,EXP_INTERACTIVE_ENV_CLEAN_SESS_0133.pcap
NAT_ENH_EXP_INTERACTIVE_ENV_CLEAN_SESS_0133_W0003,DS1_NATIVE_IPSEC_ENHANCED,1,EXP_INTERACTIVE_ENV_CLEAN,GRP_EXP_INTERACTIVE_ENV_CLEAN_SESS_0133,SESS_0133,3,INTERACTIVE,ENV_CLEAN,2.929281,104.1211,28531.9162,0.009636,0.032396,274.03,404.72,42.0,1478.0,134.0,134.0,214.0,1411.0,0.0032,EXP_INTERACTIVE_ENV_CLEAN_SESS_0133.pcap
NAT_ENH_EXP_INTERACTIVE_ENV_CLEAN_SESS_0134_W0000,DS1_NATIVE_IPSEC_ENHANCED,1,EXP_INTERACTIVE_ENV_CLEAN,GRP_EXP_INTERACTIVE_ENV_CLEAN_SESS_0134,SESS_0134,0,INTERACTIVE,ENV_CLEAN,2.890737,38.7444,9617.2712,0.026043,0.090983,248.22,378.7,42.0,1478.0,89.0,134.0,134.0,294.0,0.028,EXP_INTERACTIVE_ENV_CLEAN_SESS_0134.pcap
NAT_ENH_EXP_INTERACTIVE_ENV_CLEAN_SESS_0134_W0001,DS1_NATIVE_IPSEC_ENHANCED,1,EXP_INTERACTIVE_ENV_CLEAN,GRP_EXP_INTERACTIVE_ENV_CLEAN_SESS_0134,SESS_0134,1,INTERACTIVE,ENV_CLEAN,2.477268,67.0093,17433.7215,0.015014,0.055145,260.17,390.85,42.0,1478.0,101.0,134.0,134.0,294.0,0.0137,EXP_INTERACTIVE_ENV_CLEAN_SESS_0134.pcap
NAT_ENH_EXP_INTERACTIVE_ENV_CLEAN_SESS_0134_W0002,DS1_NATIVE_IPSEC_ENHANCED,1,EXP_INTERACTIVE_ENV_CLEAN,GRP_EXP_INTERACTIVE_ENV_CLEAN_SESS_0134,SESS_0134,2,INTERACTIVE,ENV_CLEAN,2.971077,68.3254,18012.3237,0.014708,0.052856,263.63,394.42,42.0,1478.0,134.0,134.0,174.0,294.0,0.011,EXP_INTERACTIVE_ENV_CLEAN_SESS_0134.pcap
NAT_ENH_EXP_INTERACTIVE_ENV_CLEAN_SESS_0134_W0003,DS1_NATIVE_IPSEC_ENHANCED,1,EXP_INTERACTIVE_ENV_CLEAN,GRP_EXP_INTERACTIVE_ENV_CLEAN_SESS_0134,SESS_0134,3,INTERACTIVE,ENV_CLEAN,2.603969,95.2392,26062.1396,0.010542,0.033877,273.65,404.66,42.0,1478.0,134.0,134.0,214.0,1411.0,0.0039,EXP_INTERACTIVE_ENV_CLEAN_SESS_0134.pcap
NAT_ENH_EXP_INTERACTIVE_ENV_CLEAN_SESS_0134_W0004,DS1_NATIVE_IPSEC_ENHANCED,1,EXP_INTERACTIVE_ENV_CLEAN,GRP_EXP_INTERACTIVE_ENV_CLEAN_SESS_0134,SESS_0134,4,INTERACTIVE,ENV_CLEAN,2.846753,97.3038,27165.3365,0.010314,0.033916,279.18,410.02,66.0,1478.0,134.0,134.0,214.0,1411.0,0.0021,EXP_INTERACTIVE_ENV_CLEAN_SESS_0134.pcap
NAT_ENH_EXP_INTERACTIVE_ENV_CLEAN_SESS_0134_W0005,DS1_NATIVE_IPSEC_ENHANCED,1,EXP_INTERACTIVE_ENV_CLEAN,GRP_EXP_INTERACTIVE_ENV_CLEAN_SESS_0134,SESS_0134,5,INTERACTIVE,ENV_CLEAN,2.86894,92.0201,25410.78,0.010909,0.035839,276.14,406.34,66.0,1478.0,134.0,134.0,214.0,1411.0,0.001,EXP_INTERACTIVE_ENV_CLEAN_SESS_0134.pcap
NAT_ENH_EXP_INTERACTIVE_ENV_CLEAN_SESS_0134_W0006,DS1_NATIVE_IPSEC_ENHANCED,1,EXP_INTERACTIVE_ENV_CLEAN,GRP_EXP_INTERACTIVE_ENV_CLEAN_SESS_0134,SESS_0134,6,INTERACTIVE,ENV_CLEAN,2.955782,89.3165,24642.5486,0.011239,0.036655,275.9,406.45,66.0,1478.0,134.0,134.0,214.0,1411.0,0.0019,EXP_INTERACTIVE_ENV_CLEAN_SESS_0134.pcap
NAT_ENH_EXP_INTERACTIVE_ENV_CLEAN_SESS_0134_W0007,DS1_NATIVE_IPSEC_ENHANCED,1,EXP_INTERACTIVE_ENV_CLEAN,GRP_EXP_INTERACTIVE_ENV_CLEAN_SESS_0134,SESS_0134,7,INTERACTIVE,ENV_CLEAN,2.809861,86.837,24037.1326,0.011563,0.037831,276.81,407.17,66.0,1478.0,134.0,134.0,214.0,1411.0,0.0021,EXP_INTERACTIVE_ENV_CLEAN_SESS_0134.pcap
NAT_ENH_EXP_INTERACTIVE_ENV_CLEAN_SESS_0134_W0008,DS1_NATIVE_IPSEC_ENHANCED,1,EXP_INTERACTIVE_ENV_CLEAN,GRP_EXP_INTERACTIVE_ENV_CLEAN_SESS_0134,SESS_0134,8,INTERACTIVE,ENV_CLEAN,2.825858,92.7152,25728.8218,0.010827,0.035743,277.5,407.58,66.0,1478.0,134.0,134.0,214.0,1411.0,0.0019,EXP_INTERACTIVE_ENV_CLEAN_SESS_0134.pcap
NAT_ENH_EXP_INTERACTIVE_ENV_CLEAN_SESS_0134_W0009,DS1_NATIVE_IPSEC_ENHANCED,1,EXP_INTERACTIVE_ENV_CLEAN,GRP_EXP_INTERACTIVE_ENV_CLEAN_SESS_0134,SESS_0134,9,INTERACTIVE,ENV_CLEAN,2.844127,87.9004,24037.2534,0.011422,0.037237,273.46,402.87,66.0,1478.0,134.0,134.0,214.0,1411.0,0.0021,EXP_INTERACTIVE_ENV_CLEAN_SESS_0134.pcap
NAT_ENH_EXP_INTERACTIVE_ENV_CLEAN_SESS_0135_W0000,DS1_NATIVE_IPSEC_ENHANCED,1,EXP_INTERACTIVE_ENV_CLEAN,GRP_EXP_INTERACTIVE_ENV_CLEAN_SESS_0135,SESS_0135,0,INTERACTIVE,ENV_CLEAN,2.900966,38.2631,9530.2739,0.026372,0.105368,249.07,380.29,42.0,1478.0,90.0,134.0,134.0,294.0,0.035,EXP_INTERACTIVE_ENV_CLEAN_SESS_0135.pcap
NAT_ENH_EXP_INTERACTIVE_ENV_CLEAN_SESS_0135_W0001,DS1_NATIVE_IPSEC_ENHANCED,1,EXP_INTERACTIVE_ENV_CLEAN,GRP_EXP_INTERACTIVE_ENV_CLEAN_SESS_0135,SESS_0135,1,INTERACTIVE,ENV_CLEAN,2.065911,84.7084,22844.6428,0.011873,0.040915,269.69,401.82,42.0,1478.0,134.0,134.0,214.0,964.1999999999937,0.0125,EXP_INTERACTIVE_ENV_CLEAN_SESS_0135.pcap
NAT_ENH_EXP_INTERACTIVE_ENV_CLEAN_SESS_0135_W0002,DS1_NATIVE_IPSEC_ENHANCED,1,EXP_INTERACTIVE_ENV_CLEAN,GRP_EXP_INTERACTIVE_ENV_CLEAN_SESS_0135,SESS_0135,2,INTERACTIVE,ENV_CLEAN,2.647992,82.3265,22008.7512,0.012203,0.041033,267.33,398.42,42.0,1478.0,134.0,134.0,214.0,629.1000000000126,0.0101,EXP_INTERACTIVE_ENV_CLEAN_SESS_0135.pcap
NAT_ENH_EXP_INTERACTIVE_ENV_CLEAN_SESS_0135_W0003,DS1_NATIVE_IPSEC_ENHANCED,1,EXP_INTERACTIVE_ENV_CLEAN,GRP_EXP_INTERACTIVE_ENV_CLEAN_SESS_0135,SESS_0135,3,INTERACTIVE,ENV_CLEAN,2.769464,90.6313,24657.1176,0.011078,0.036194,272.06,402.54,42.0,1478.0,134.0,134.0,214.0,1411.0,0.0039,EXP_INTERACTIVE_ENV_CLEAN_SESS_0135.pcap
NAT_ENH_EXP_INTERACTIVE_ENV_CLEAN_SESS_0135_W0004,DS1_NATIVE_IPSEC_ENHANCED,1,EXP_INTERACTIVE_ENV_CLEAN,GRP_EXP_INTERACTIVE_ENV_CLEAN_SESS_0135,SESS_0135,4,INTERACTIVE,ENV_CLEAN,2.948298,94.6309,26349.1006,0.010605,0.034922,278.44,408.65,66.0,1478.0,134.0,134.0,214.0,1411.0,0.0012,EXP_INTERACTIVE_ENV_CLEAN_SESS_0135.pcap
NAT_ENH_EXP_INTERACTIVE_ENV_CLEAN_SESS_0135_W0005,DS1_NATIVE_IPSEC_ENHANCED,1,EXP_INTERACTIVE_ENV_CLEAN,GRP_EXP_INTERACTIVE_ENV_CLEAN_SESS_0135,SESS_0135,5,INTERACTIVE,ENV_CLEAN,2.979825,98.3279,26631.4295,0.010205,0.033824,270.84,400.3,66.0,1478.0,134.0,134.0,214.0,1187.6000000000126,0.0009,EXP_INTERACTIVE_ENV_CLEAN_SESS_0135.pcap
NAT_ENH_EXP_INTERACTIVE_ENV_CLEAN_SESS_0135_W0006,DS1_NATIVE_IPSEC_ENHANCED,1,EXP_INTERACTIVE_ENV_CLEAN,GRP_EXP_INTERACTIVE_ENV_CLEAN_SESS_0135,SESS_0135,6,INTERACTIVE,ENV_CLEAN,2.914925,109.7798,30325.6531,0.009138,0.030845,276.24,406.73,66.0,1478.0,134.0,134.0,214.0,1411.0,0.0016,EXP_INTERACTIVE_ENV_CLEAN_SESS_0135.pcap
NAT_ENH_EXP_INTERACTIVE_ENV_CLEAN_SESS_0135_W0007,DS1_NATIVE_IPSEC_ENHANCED,1,EXP_INTERACTIVE_ENV_CLEAN,GRP_EXP_INTERACTIVE_ENV_CLEAN_SESS_0135,SESS_0135,7,INTERACTIVE,ENV_CLEAN,2.866699,107.7895,29368.2736,0.009307,0.031042,272.46,402.29,66.0,1478.0,134.0,134.0,214.0,1411.0,0.0017,EXP_INTERACTIVE_ENV_CLEAN_SESS_0135.pcap
NAT_ENH_EXP_INTERACTIVE_ENV_CLEAN_SESS_0135_W0008,DS1_NATIVE_IPSEC_ENHANCED,1,EXP_INTERACTIVE_ENV_CLEAN,GRP_EXP_INTERACTIVE_ENV_CLEAN_SESS_0135,SESS_0135,8,INTERACTIVE,ENV_CLEAN,2.891896,111.6914,30706.1525,0.008981,0.030204,274.92,405.06,66.0,1478.0,134.0,134.0,214.0,1411.0,0.0016,EXP_INTERACTIVE_ENV_CLEAN_SESS_0135.pcap
NAT_ENH_EXP_INTERACTIVE_ENV_CLEAN_SESS_0135_W0009,DS1_NATIVE_IPSEC_ENHANCED,1,EXP_INTERACTIVE_ENV_CLEAN,GRP_EXP_INTERACTIVE_ENV_CLEAN_SESS_0135,SESS_0135,9,INTERACTIVE,ENV_CLEAN,2.917944,110.6944,30432.0444,0.009062,0.030541,274.92,405.06,66.0,1478.0,134.0,134.0,214.0,1411.0,0.0016,EXP_INTERACTIVE_ENV_CLEAN_SESS_0135.pcap
NAT_ENH_EXP_INTERACTIVE_ENV_CLEAN_SESS_0135_W0010,DS1_NATIVE_IPSEC_ENHANCED,1,EXP_INTERACTIVE_ENV_CLEAN,GRP_EXP_INTERACTIVE_ENV_CLEAN_SESS_0135,SESS_0135,10,INTERACTIVE,ENV_CLEAN,2.850387,110.1605,30747.0545,0.009107,0.030579,279.11,410.0,66.0,1478.0,134.0,134.0,214.0,1411.0,0.0016,EXP_INTERACTIVE_ENV_CLEAN_SESS_0135.pcap
NAT_ENH_EXP_INTERACTIVE_ENV_CLEAN_SESS_0135_W0011,DS1_NATIVE_IPSEC_ENHANCED,1,EXP_INTERACTIVE_ENV_CLEAN,GRP_EXP_INTERACTIVE_ENV_CLEAN_SESS_0135,SESS_0135,11,INTERACTIVE,ENV_CLEAN,2.868641,98.3044,27190.228,0.010209,0.033696,276.59,406.88,66.0,1478.0,134.0,134.0,214.0,1411.0,0.0009,EXP_INTERACTIVE_ENV_CLEAN_SESS_0135.pcap
NAT_ENH_EXP_INTERACTIVE_ENV_HIGH_LATENCY_SESS_W0000,DS1_NATIVE_IPSEC_ENHANCED,1,EXP_INTERACTIVE_ENV_HIGH,GRP_EXP_INTERACTIVE_ENV_HIGH_LATENCY_SESS,LATENCY_SESS,0,INTERACTIVE,ENV_HIGH,2.960569,27.3596,7115.5237,0.037007,0.105336,260.07,396.32,42.0,1478.0,90.0,134.0,134.0,294.0,0.0374,EXP_INTERACTIVE_ENV_HIGH_LATENCY_SESS_0151.pcap
NAT_ENH_EXP_INTERACTIVE_ENV_HIGH_LATENCY_SESS_W0001,DS1_NATIVE_IPSEC_ENHANCED,1,EXP_INTERACTIVE_ENV_HIGH,GRP_EXP_INTERACTIVE_ENV_HIGH_LATENCY_SESS,LATENCY_SESS,1,INTERACTIVE,ENV_HIGH,2.728722,39.9454,10039.498,0.025266,0.069163,251.33,383.41,42.0,1478.0,90.0,134.0,134.0,294.0,0.0218,EXP_INTERACTIVE_ENV_HIGH_LATENCY_SESS_0151.pcap
NAT_ENH_EXP_INTERACTIVE_ENV_HIGH_LATENCY_SESS_W0002,DS1_NATIVE_IPSEC_ENHANCED,1,EXP_INTERACTIVE_ENV_HIGH,GRP_EXP_INTERACTIVE_ENV_HIGH_LATENCY_SESS,LATENCY_SESS,2,INTERACTIVE,ENV_HIGH,2.944889,46.1817,12407.5981,0.021814,0.060702,268.67,402.43,42.0,1478.0,90.0,134.0,214.0,852.5,0.0117,EXP_INTERACTIVE_ENV_HIGH_LATENCY_SESS_0151.pcap
NAT_ENH_EXP_INTERACTIVE_ENV_HIGH_LATENCY_SESS_W0003,DS1_NATIVE_IPSEC_ENHANCED,1,EXP_INTERACTIVE_ENV_HIGH,GRP_EXP_INTERACTIVE_ENV_HIGH_LATENCY_SESS,LATENCY_SESS,3,INTERACTIVE,ENV_HIGH,2.897319,57.6395,15948.193,0.017454,0.037266,276.69,409.98,42.0,1478.0,118.0,134.0,214.0,1411.0,0.0057,EXP_INTERACTIVE_ENV_HIGH_LATENCY_SESS_0151.pcap
NAT_ENH_EXP_INTERACTIVE_ENV_HIGH_LATENCY_SESS_W0004,DS1_NATIVE_IPSEC_ENHANCED,1,EXP_INTERACTIVE_ENV_HIGH,GRP_EXP_INTERACTIVE_ENV_HIGH_LATENCY_SESS,LATENCY_SESS,4,INTERACTIVE,ENV_HIGH,2.969717,59.2649,15966.8411,0.01697,0.03789,269.41,400.57,66.0,1478.0,130.0,134.0,214.0,852.5,0.0015,EXP_INTERACTIVE_ENV_HIGH_LATENCY_SESS_0151.pcap
NAT_ENH_EXP_INTERACTIVE_ENV_HIGH_LATENCY_SESS_W0000,DS1_NATIVE_IPSEC_ENHANCED,1,EXP_INTERACTIVE_ENV_HIGH,GRP_EXP_INTERACTIVE_ENV_HIGH_LATENCY_SESS,LATENCY_SESS,0,INTERACTIVE,ENV_HIGH,2.984214,13.0688,3401.901,0.078532,0.155078,260.31,404.91,42.0,1478.0,80.0,134.0,174.0,517.4000000000032,0.0809,EXP_INTERACTIVE_ENV_HIGH_LATENCY_SESS_0152.pcap
NAT_ENH_EXP_INTERACTIVE_ENV_HIGH_LATENCY_SESS_W0001,DS1_NATIVE_IPSEC_ENHANCED,1,EXP_INTERACTIVE_ENV_HIGH,GRP_EXP_INTERACTIVE_ENV_HIGH_LATENCY_SESS,LATENCY_SESS,1,INTERACTIVE,ENV_HIGH,2.785864,24.7679,6019.3178,0.040969,0.098862,243.03,375.1,42.0,1478.0,86.0,134.0,134.0,294.0,0.0416,EXP_INTERACTIVE_ENV_HIGH_LATENCY_SESS_0152.pcap
NAT_ENH_EXP_INTERACTIVE_ENV_HIGH_LATENCY_SESS_W0002,DS1_NATIVE_IPSEC_ENHANCED,1,EXP_INTERACTIVE_ENV_HIGH,GRP_EXP_INTERACTIVE_ENV_HIGH_LATENCY_SESS,LATENCY_SESS,2,INTERACTIVE,ENV_HIGH,2.641166,35.5903,9747.5889,0.0284,0.071395,273.88,408.03,42.0,1478.0,97.0,134.0,214.0,1075.9000000000033,0.0167,EXP_INTERACTIVE_ENV_HIGH_LATENCY_SESS_0152.pcap
NAT_ENH_EXP_INTERACTIVE_ENV_HIGH_LATENCY_SESS_W0003,DS1_NATIVE_IPSEC_ENHANCED,1,EXP_INTERACTIVE_ENV_HIGH,GRP_EXP_INTERACTIVE_ENV_HIGH_LATENCY_SESS,LATENCY_SESS,3,INTERACTIVE,ENV_HIGH,2.69479,45.6436,11934.139,0.022088,0.059325,261.46,393.11,42.0,1478.0,104.0,134.0,174.0,294.0,0.0105,EXP_INTERACTIVE_ENV_HIGH_LATENCY_SESS_0152.pcap
NAT_ENH_EXP_INTERACTIVE_ENV_HIGH_LATENCY_SESS_W0004,DS1_NATIVE_IPSEC_ENHANCED,1,EXP_INTERACTIVE_ENV_HIGH,GRP_EXP_INTERACTIVE_ENV_HIGH_LATENCY_SESS,LATENCY_SESS,4,INTERACTIVE,ENV_HIGH,2.919392,56.1761,14694.84,0.01791,0.047258,261.59,393.02,42.0,1478.0,118.0,134.0,154.0,294.0,0.0057,EXP_INTERACTIVE_ENV_HIGH_LATENCY_SESS_0152.pcap
NAT_ENH_EXP_INTERACTIVE_ENV_HIGH_LATENCY_SESS_W0005,DS1_NATIVE_IPSEC_ENHANCED,1,EXP_INTERACTIVE_ENV_HIGH,GRP_EXP_INTERACTIVE_ENV_HIGH_LATENCY_SESS,LATENCY_SESS,5,INTERACTIVE,ENV_HIGH,2.976537,60.473,17091.674,0.016629,0.039542,282.63,414.71,66.0,1478.0,134.0,134.0,214.0,1411.0,0.0014,EXP_INTERACTIVE_ENV_HIGH_LATENCY_SESS_0152.pcap
NAT_ENH_EXP_INTERACTIVE_ENV_HIGH_LATENCY_SESS_W0000,DS1_NATIVE_IPSEC_ENHANCED,1,EXP_INTERACTIVE_ENV_HIGH,GRP_EXP_INTERACTIVE_ENV_HIGH_LATENCY_SESS,LATENCY_SESS,0,INTERACTIVE,ENV_HIGH,2.952176,38.2769,9360.8922,0.026359,0.074956,244.56,377.99,42.0,1478.0,86.0,134.0,134.0,294.0,0.0351,EXP_INTERACTIVE_ENV_HIGH_LATENCY_SESS_0153.pcap
NAT_ENH_EXP_INTERACTIVE_ENV_HIGH_LATENCY_SESS_W0001,DS1_NATIVE_IPSEC_ENHANCED,1,EXP_INTERACTIVE_ENV_HIGH,GRP_EXP_INTERACTIVE_ENV_HIGH_LATENCY_SESS,LATENCY_SESS,1,INTERACTIVE,ENV_HIGH,2.454485,63.1497,16975.4539,0.015938,0.043071,268.81,402.99,42.0,1478.0,90.0,134.0,214.0,964.1999999999937,0.0142,EXP_INTERACTIVE_ENV_HIGH_LATENCY_SESS_0153.pcap
NAT_ENH_EXP_INTERACTIVE_ENV_HIGH_LATENCY_SESS_W0002,DS1_NATIVE_IPSEC_ENHANCED,1,EXP_INTERACTIVE_ENV_HIGH,GRP_EXP_INTERACTIVE_ENV_HIGH_LATENCY_SESS,LATENCY_SESS,2,INTERACTIVE,ENV_HIGH,2.934015,63.0535,16446.746,0.015946,0.041971,260.84,392.68,42.0,1478.0,90.0,134.0,134.0,294.0,0.0123,EXP_INTERACTIVE_ENV_HIGH_LATENCY_SESS_0153.pcap
NAT_ENH_EXP_INTERACTIVE_ENV_HIGH_LATENCY_SESS_W0003,DS1_NATIVE_IPSEC_ENHANCED,1,EXP_INTERACTIVE_ENV_HIGH,GRP_EXP_INTERACTIVE_ENV_HIGH_LATENCY_SESS,LATENCY_SESS,3,INTERACTIVE,ENV_HIGH,2.880006,80.5554,21795.7874,0.012468,0.026488,270.57,402.77,42.0,1478.0,118.0,134.0,214.0,1299.3000000000063,0.0042,EXP_INTERACTIVE_ENV_HIGH_LATENCY_SESS_0153.pcap
NAT_ENH_EXP_INTERACTIVE_ENV_HIGH_LATENCY_SESS_W0000,DS1_NATIVE_IPSEC_ENHANCED,1,EXP_INTERACTIVE_ENV_HIGH,GRP_EXP_INTERACTIVE_ENV_HIGH_LATENCY_SESS,LATENCY_SESS,0,INTERACTIVE,ENV_HIGH,2.999087,18.3389,4018.5562,0.055539,0.160802,219.13,347.56,42.0,1478.0,80.0,134.0,134.0,265.2000000000001,0.0759,EXP_INTERACTIVE_ENV_HIGH_LATENCY_SESS_0154.pcap
NAT_ENH_EXP_INTERACTIVE_ENV_HIGH_LATENCY_SESS_W0001,DS1_NATIVE_IPSEC_ENHANCED,1,EXP_INTERACTIVE_ENV_HIGH,GRP_EXP_INTERACTIVE_ENV_HIGH_LATENCY_SESS,LATENCY_SESS,1,INTERACTIVE,ENV_HIGH,2.158245,40.7739,10215.7073,0.024807,0.089071,250.55,381.78,42.0,1478.0,86.0,134.0,134.0,294.0,0.0154,EXP_INTERACTIVE_ENV_HIGH_LATENCY_SESS_0154.pcap
NAT_ENH_EXP_INTERACTIVE_ENV_HIGH_LATENCY_SESS_W0002,DS1_NATIVE_IPSEC_ENHANCED,1,EXP_INTERACTIVE_ENV_HIGH,GRP_EXP_INTERACTIVE_ENV_HIGH_LATENCY_SESS,LATENCY_SESS,2,INTERACTIVE,ENV_HIGH,2.674658,43.7439,11715.8901,0.023057,0.079297,267.83,401.92,42.0,1478.0,90.0,134.0,214.0,740.8000000000063,0.0108,EXP_INTERACTIVE_ENV_HIGH_LATENCY_SESS_0154.pcap
NAT_ENH_EXP_INTERACTIVE_ENV_HIGH_LATENCY_SESS_W0003,DS1_NATIVE_IPSEC_ENHANCED,1,EXP_INTERACTIVE_ENV_HIGH,GRP_EXP_INTERACTIVE_ENV_HIGH_LATENCY_SESS,LATENCY_SESS,3,INTERACTIVE,ENV_HIGH,2.944947,49.5764,13861.0304,0.02031,0.07125,279.59,412.77,42.0,1478.0,118.0,134.0,214.0,1411.0,0.0043,EXP_INTERACTIVE_ENV_HIGH_LATENCY_SESS_0154.pcap
NAT_ENH_EXP_INTERACTIVE_ENV_HIGH_LATENCY_SESS_W0004,DS1_NATIVE_IPSEC_ENHANCED,1,EXP_INTERACTIVE_ENV_HIGH,GRP_EXP_INTERACTIVE_ENV_HIGH_LATENCY_SESS,LATENCY_SESS,4,INTERACTIVE,ENV_HIGH,2.688742,67.3177,17817.6252,0.014937,0.031876,264.68,396.14,42.0,1478.0,118.0,134.0,214.0,294.0,0.0032,EXP_INTERACTIVE_ENV_HIGH_LATENCY_SESS_0154.pcap
NAT_ENH_EXP_INTERACTIVE_ENV_HIGH_LATENCY_SESS_W0005,DS1_NATIVE_IPSEC_ENHANCED,1,EXP_INTERACTIVE_ENV_HIGH,GRP_EXP_INTERACTIVE_ENV_HIGH_LATENCY_SESS,LATENCY_SESS,5,INTERACTIVE,ENV_HIGH,2.948302,68.8532,18139.2557,0.014596,0.031325,263.45,394.38,66.0,1478.0,118.0,134.0,134.0,294.0,0.0026,EXP_INTERACTIVE_ENV_HIGH_LATENCY_SESS_0154.pcap
NAT_ENH_EXP_INTERACTIVE_ENV_HIGH_LATENCY_SESS_W0006,DS1_NATIVE_IPSEC_ENHANCED,1,EXP_INTERACTIVE_ENV_HIGH,GRP_EXP_INTERACTIVE_ENV_HIGH_LATENCY_SESS,LATENCY_SESS,6,INTERACTIVE,ENV_HIGH,2.859319,69.597,19564.4489,0.014441,0.030933,281.11,414.14,66.0,1478.0,118.0,134.0,214.0,1411.0,0.0025,EXP_INTERACTIVE_ENV_HIGH_LATENCY_SESS_0154.pcap
NAT_ENH_EXP_INTERACTIVE_ENV_HIGH_LATENCY_SESS_W0007,DS1_NATIVE_IPSEC_ENHANCED,1,EXP_INTERACTIVE_ENV_HIGH,GRP_EXP_INTERACTIVE_ENV_HIGH_LATENCY_SESS,LATENCY_SESS,7,INTERACTIVE,ENV_HIGH,2.862849,65.6688,18040.0713,0.015309,0.033379,274.71,407.57,66.0,1478.0,118.0,134.0,214.0,1411.0,0.0027,EXP_INTERACTIVE_ENV_HIGH_LATENCY_SESS_0154.pcap
NAT_ENH_EXP_INTERACTIVE_ENV_HIGH_LATENCY_SESS_W0008,DS1_NATIVE_IPSEC_ENHANCED,1,EXP_INTERACTIVE_ENV_HIGH,GRP_EXP_INTERACTIVE_ENV_HIGH_LATENCY_SESS,LATENCY_SESS,8,INTERACTIVE,ENV_HIGH,2.988548,63.9106,17422.5073,0.015729,0.034747,272.61,404.77,66.0,1478.0,118.0,134.0,214.0,1411.0,0.0027,EXP_INTERACTIVE_ENV_HIGH_LATENCY_SESS_0154.pcap
NAT_ENH_EXP_INTERACTIVE_ENV_HIGH_LATENCY_SESS_W0009,DS1_NATIVE_IPSEC_ENHANCED,1,EXP_INTERACTIVE_ENV_HIGH,GRP_EXP_INTERACTIVE_ENV_HIGH_LATENCY_SESS,LATENCY_SESS,9,INTERACTIVE,ENV_HIGH,2.854273,64.4647,16901.3261,0.015597,0.034548,262.18,393.28,66.0,1478.0,118.0,134.0,134.0,294.0,0.0029,EXP_INTERACTIVE_ENV_HIGH_LATENCY_SESS_0154.pcap
NAT_ENH_EXP_INTERACTIVE_ENV_HIGH_LATENCY_SESS_W0010,DS1_NATIVE_IPSEC_ENHANCED,1,EXP_INTERACTIVE_ENV_HIGH,GRP_EXP_INTERACTIVE_ENV_HIGH_LATENCY_SESS,LATENCY_SESS,10,INTERACTIVE,ENV_HIGH,2.91567,63.4502,17628.8802,0.015846,0.036309,277.84,410.11,66.0,1478.0,118.0,134.0,214.0,1411.0,0.0014,EXP_INTERACTIVE_ENV_HIGH_LATENCY_SESS_0154.pcap
NAT_ENH_EXP_INTERACTIVE_ENV_HIGH_LATENCY_SESS_W0011,DS1_NATIVE_IPSEC_ENHANCED,1,EXP_INTERACTIVE_ENV_HIGH,GRP_EXP_INTERACTIVE_ENV_HIGH_LATENCY_SESS,LATENCY_SESS,11,INTERACTIVE,ENV_HIGH,2.826274,60.5037,16633.5611,0.016625,0.038307,274.92,405.12,66.0,1478.0,134.0,134.0,214.0,1411.0,0.2333,EXP_INTERACTIVE_ENV_HIGH_LATENCY_SESS_0154.pcap
NAT_ENH_EXP_INTERACTIVE_ENV_HIGH_LATENCY_SESS_W0012,DS1_NATIVE_IPSEC_ENHANCED,1,EXP_INTERACTIVE_ENV_HIGH,GRP_EXP_INTERACTIVE_ENV_HIGH_LATENCY_SESS,LATENCY_SESS,12,INTERACTIVE,ENV_HIGH,2.962937,59.063,16000.0034,0.017028,0.039066,270.9,401.27,66.0,1478.0,134.0,134.0,214.0,964.1999999999937,0.237,EXP_INTERACTIVE_ENV_HIGH_LATENCY_SESS_0154.pcap
NAT_ENH_EXP_INTERACTIVE_ENV_HIGH_LATENCY_SESS_W0000,DS1_NATIVE_IPSEC_ENHANCED,1,EXP_INTERACTIVE_ENV_HIGH,GRP_EXP_INTERACTIVE_ENV_HIGH_LATENCY_SESS,LATENCY_SESS,0,INTERACTIVE,ENV_HIGH,2.968283,13.8127,2476.5159,0.074207,0.229841,179.29,291.07,42.0,1478.0,74.0,134.0,134.0,214.0,0.1301,EXP_INTERACTIVE_ENV_HIGH_LATENCY_SESS_0155.pcap
NAT_ENH_EXP_INTERACTIVE_ENV_HIGH_LATENCY_SESS_W0001,DS1_NATIVE_IPSEC_ENHANCED,1,EXP_INTERACTIVE_ENV_HIGH,GRP_EXP_INTERACTIVE_ENV_HIGH_LATENCY_SESS,LATENCY_SESS,1,INTERACTIVE,ENV_HIGH,2.459629,28.053,6770.5331,0.036171,0.142913,241.35,375.51,42.0,1478.0,74.0,134.0,134.0,294.0,0.0363,EXP_INTERACTIVE_ENV_HIGH_LATENCY_SESS_0155.pcap
NAT_ENH_EXP_INTERACTIVE_ENV_HIGH_LATENCY_SESS_W0002,DS1_NATIVE_IPSEC_ENHANCED,1,EXP_INTERACTIVE_ENV_HIGH,GRP_EXP_INTERACTIVE_ENV_HIGH_LATENCY_SESS,LATENCY_SESS,2,INTERACTIVE,ENV_HIGH,2.857142,35.35,9248.0529,0.028571,0.119259,261.61,396.27,42.0,1478.0,90.0,134.0,134.0,294.0,0.0226,EXP_INTERACTIVE_ENV_HIGH_LATENCY_SESS_0155.pcap
NAT_ENH_EXP_INTERACTIVE_ENV_HIGH_LATENCY_SESS_W0003,DS1_NATIVE_IPSEC_ENHANCED,1,EXP_INTERACTIVE_ENV_HIGH,GRP_EXP_INTERACTIVE_ENV_HIGH_LATENCY_SESS,LATENCY_SESS,3,INTERACTIVE,ENV_HIGH,1.865728,65.39,17210.441,0.015419,0.033458,263.2,394.29,42.0,1478.0,118.0,134.0,194.0,294.0,0.0026,EXP_INTERACTIVE_ENV_HIGH_LATENCY_SESS_0155.pcap
NAT_ENH_EXP_INTERACTIVE_ENV_HIGH_LATENCY_SESS_W0004,DS1_NATIVE_IPSEC_ENHANCED,1,EXP_INTERACTIVE_ENV_HIGH,GRP_EXP_INTERACTIVE_ENV_HIGH_LATENCY_SESS,LATENCY_SESS,4,INTERACTIVE,ENV_HIGH,2.438086,67.676,18878.333,0.014866,0.032135,278.95,411.94,42.0,1478.0,118.0,134.0,214.0,1411.0,0.0018,EXP_INTERACTIVE_ENV_HIGH_LATENCY_SESS_0155.pcap
NAT_ENH_EXP_INTERACTIVE_ENV_HIGH_LATENCY_SESS_W0005,DS1_NATIVE_IPSEC_ENHANCED,1,EXP_INTERACTIVE_ENV_HIGH,GRP_EXP_INTERACTIVE_ENV_HIGH_LATENCY_SESS,LATENCY_SESS,5,INTERACTIVE,ENV_HIGH,2.961791,66.5138,17774.3802,0.015111,0.032335,267.23,399.78,42.0,1478.0,118.0,134.0,214.0,740.8000000000063,0.0043,EXP_INTERACTIVE_ENV_HIGH_LATENCY_SESS_0155.pcap
NAT_ENH_EXP_INTERACTIVE_ENV_HIGH_LATENCY_SESS_W0006,DS1_NATIVE_IPSEC_ENHANCED,1,EXP_INTERACTIVE_ENV_HIGH,GRP_EXP_INTERACTIVE_ENV_HIGH_LATENCY_SESS,LATENCY_SESS,6,INTERACTIVE,ENV_HIGH,2.887313,69.6149,19481.4356,0.014437,0.031394,279.85,412.25,66.0,1478.0,134.0,134.0,214.0,1411.0,0.0025,EXP_INTERACTIVE_ENV_HIGH_LATENCY_SESS_0155.pcap
NAT_ENH_EXP_INTERACTIVE_ENV_HIGH_LATENCY_SESS_W0007,DS1_NATIVE_IPSEC_ENHANCED,1,EXP_INTERACTIVE_ENV_HIGH,GRP_EXP_INTERACTIVE_ENV_HIGH_LATENCY_SESS,LATENCY_SESS,7,INTERACTIVE,ENV_HIGH,2.934386,66.1126,18925.5946,0.015204,0.033366,286.26,418.24,66.0,1478.0,134.0,134.0,214.0,1411.0,0.0025,EXP_INTERACTIVE_ENV_HIGH_LATENCY_SESS_0155.pcap
NAT_ENH_EXP_INTERACTIVE_ENV_HIGH_LATENCY_SESS_W0008,DS1_NATIVE_IPSEC_ENHANCED,1,EXP_INTERACTIVE_ENV_HIGH,GRP_EXP_INTERACTIVE_ENV_HIGH_LATENCY_SESS,LATENCY_SESS,8,INTERACTIVE,ENV_HIGH,2.822465,70.1514,18774.3696,0.014327,0.030778,267.63,398.49,66.0,1478.0,118.0,134.0,214.0,629.1000000000126,0.0026,EXP_INTERACTIVE_ENV_HIGH_LATENCY_SESS_0155.pcap
NAT_ENH_EXP_INTERACTIVE_ENV_HIGH_LATENCY_SESS_W0009,DS1_NATIVE_IPSEC_ENHANCED,1,EXP_INTERACTIVE_ENV_HIGH,GRP_EXP_INTERACTIVE_ENV_HIGH_LATENCY_SESS,LATENCY_SESS,9,INTERACTIVE,ENV_HIGH,2.803814,71.6881,20053.0425,0.014019,0.030283,279.73,412.3,66.0,1478.0,118.0,134.0,214.0,1411.0,0.0025,EXP_INTERACTIVE_ENV_HIGH_LATENCY_SESS_0155.pcap
NAT_ENH_EXP_INTERACTIVE_ENV_HIGH_LATENCY_SESS_W0010,DS1_NATIVE_IPSEC_ENHANCED,1,EXP_INTERACTIVE_ENV_HIGH,GRP_EXP_INTERACTIVE_ENV_HIGH_LATENCY_SESS,LATENCY_SESS,10,INTERACTIVE,ENV_HIGH,2.949942,69.4929,18247.1377,0.014461,0.032301,262.58,392.57,66.0,1478.0,118.0,134.0,134.0,294.0,0.0026,EXP_INTERACTIVE_ENV_HIGH_LATENCY_SESS_0155.pcap
NAT_ENH_EXP_INTERACTIVE_ENV_HIGH_LATENCY_SESS_W0000,DS1_NATIVE_IPSEC_ENHANCED,1,EXP_INTERACTIVE_ENV_HIGH,GRP_EXP_INTERACTIVE_ENV_HIGH_LATENCY_SESS,LATENCY_SESS,0,INTERACTIVE,ENV_HIGH,2.999926,35.3342,8960.5541,0.028571,0.074147,253.59,388.52,42.0,1478.0,87.0,134.0,134.0,294.0,0.0361,EXP_INTERACTIVE_ENV_HIGH_LATENCY_SESS_0156.pcap
NAT_ENH_EXP_INTERACTIVE_ENV_HIGH_LATENCY_SESS_W0001,DS1_NATIVE_IPSEC_ENHANCED,1,EXP_INTERACTIVE_ENV_HIGH,GRP_EXP_INTERACTIVE_ENV_HIGH_LATENCY_SESS,LATENCY_SESS,1,INTERACTIVE,ENV_HIGH,2.973271,45.7409,12266.288,0.022024,0.063242,268.17,402.63,42.0,1478.0,90.0,134.0,214.0,852.5,0.0188,EXP_INTERACTIVE_ENV_HIGH_LATENCY_SESS_0156.pcap
NAT_ENH_EXP_INTERACTIVE_ENV_HIGH_LATENCY_SESS_W0002,DS1_NATIVE_IPSEC_ENHANCED,1,EXP_INTERACTIVE_ENV_HIGH,GRP_EXP_INTERACTIVE_ENV_HIGH_LATENCY_SESS,LATENCY_SESS,2,INTERACTIVE,ENV_HIGH,2.938266,57.5169,15754.5298,0.01749,0.044814,273.91,408.3,42.0,1478.0,90.0,134.0,214.0,1411.0,0.0128,EXP_INTERACTIVE_ENV_HIGH_LATENCY_SESS_0156.pcap
NAT_ENH_EXP_INTERACTIVE_ENV_HIGH_LATENCY_SESS_W0003,DS1_NATIVE_IPSEC_ENHANCED,1,EXP_INTERACTIVE_ENV_HIGH,GRP_EXP_INTERACTIVE_ENV_HIGH_LATENCY_SESS,LATENCY_SESS,3,INTERACTIVE,ENV_HIGH,2.855186,72.4997,19893.9755,0.01386,0.029578,274.4,407.58,42.0,1478.0,118.0,134.0,214.0,1411.0,0.0047,EXP_INTERACTIVE_ENV_HIGH_LATENCY_SESS_0156.pcap
NAT_ENH_EXP_INTERACTIVE_ENV_HIGH_LATENCY_SESS_W0004,DS1_NATIVE_IPSEC_ENHANCED,1,EXP_INTERACTIVE_ENV_HIGH,GRP_EXP_INTERACTIVE_ENV_HIGH_LATENCY_SESS,LATENCY_SESS,4,INTERACTIVE,ENV_HIGH,2.501016,76.7688,20888.3118,0.013094,0.028437,272.09,403.76,66.0,1478.0,130.0,134.0,214.0,1299.3000000000063,0.2169,EXP_INTERACTIVE_ENV_HIGH_LATENCY_SESS_0156.pcap
NAT_ENH_EXP_INTERACTIVE_ENV_HIGH_LATENCY_SESS_W0005,DS1_NATIVE_IPSEC_ENHANCED,1,EXP_INTERACTIVE_ENV_HIGH,GRP_EXP_INTERACTIVE_ENV_HIGH_LATENCY_SESS,LATENCY_SESS,5,INTERACTIVE,ENV_HIGH,2.900869,50.3297,14057.857,0.020006,0.068504,279.32,412.77,66.0,1478.0,122.0,134.0,214.0,1411.0,0.0034,EXP_INTERACTIVE_ENV_HIGH_LATENCY_SESS_0156.pcap
NAT_ENH_EXP_INTERACTIVE_ENV_HIGH_LATENCY_SESS_W0006,DS1_NATIVE_IPSEC_ENHANCED,1,EXP_INTERACTIVE_ENV_HIGH,GRP_EXP_INTERACTIVE_ENV_HIGH_LATENCY_SESS,LATENCY_SESS,6,INTERACTIVE,ENV_HIGH,2.929891,50.5138,14008.7117,0.019931,0.067824,277.32,410.41,66.0,1478.0,118.0,134.0,214.0,1411.0,0.0034,EXP_INTERACTIVE_ENV_HIGH_LATENCY_SESS_0156.pcap
NAT_ENH_EXP_INTERACTIVE_ENV_HIGH_LATENCY_SESS_W0007,DS1_NATIVE_IPSEC_ENHANCED,1,EXP_INTERACTIVE_ENV_HIGH,GRP_EXP_INTERACTIVE_ENV_HIGH_LATENCY_SESS,LATENCY_SESS,7,INTERACTIVE,ENV_HIGH,2.92788,50.207,12972.1844,0.020054,0.06848,258.37,388.86,66.0,1478.0,118.0,134.0,134.0,294.0,0.0037,EXP_INTERACTIVE_ENV_HIGH_LATENCY_SESS_0156.pcap
NAT_ENH_EXP_INTERACTIVE_ENV_HIGH_LATENCY_SESS_W0008,DS1_NATIVE_IPSEC_ENHANCED,1,EXP_INTERACTIVE_ENV_HIGH,GRP_EXP_INTERACTIVE_ENV_HIGH_LATENCY_SESS,LATENCY_SESS,8,INTERACTIVE,ENV_HIGH,2.80337,52.0802,13487.6952,0.019334,0.067926,258.98,390.05,66.0,1478.0,118.0,134.0,134.0,294.0,0.0037,EXP_INTERACTIVE_ENV_HIGH_LATENCY_SESS_0156.pcap
NAT_ENH_EXP_INTERACTIVE_ENV_HIGH_LATENCY_SESS_W0009,DS1_NATIVE_IPSEC_ENHANCED,1,EXP_INTERACTIVE_ENV_HIGH,GRP_EXP_INTERACTIVE_ENV_HIGH_LATENCY_SESS,LATENCY_SESS,9,INTERACTIVE,ENV_HIGH,2.285239,45.5095,11806.6426,0.022187,0.078572,259.43,390.49,66.0,1478.0,118.0,134.0,134.0,294.0,0.0052,EXP_INTERACTIVE_ENV_HIGH_LATENCY_SESS_0156.pcap
NAT_ENH_EXP_INTERACTIVE_ENV_HIGH_LATENCY_SESS_W0010,DS1_NATIVE_IPSEC_ENHANCED,1,EXP_INTERACTIVE_ENV_HIGH,GRP_EXP_INTERACTIVE_ENV_HIGH_LATENCY_SESS,LATENCY_SESS,10,INTERACTIVE,ENV_HIGH,2.718557,40.4626,11283.1913,0.024941,0.101325,278.85,411.94,66.0,1478.0,118.0,134.0,214.0,1411.0,0.0046,EXP_INTERACTIVE_ENV_HIGH_LATENCY_SESS_0156.pcap
NAT_ENH_EXP_INTERACTIVE_ENV_HIGH_LATENCY_SESS_W0011,DS1_NATIVE_IPSEC_ENHANCED,1,EXP_INTERACTIVE_ENV_HIGH,GRP_EXP_INTERACTIVE_ENV_HIGH_LATENCY_SESS,LATENCY_SESS,11,INTERACTIVE,ENV_HIGH,2.904371,46.4817,12633.7165,0.021674,0.091459,271.8,402.82,66.0,1478.0,126.0,134.0,214.0,964.2000000000096,0.2272,EXP_INTERACTIVE_ENV_HIGH_LATENCY_SESS_0156.pcap
NAT_ENH_EXP_INTERACTIVE_ENV_HIGH_LATENCY_SESS_W0012,DS1_NATIVE_IPSEC_ENHANCED,1,EXP_INTERACTIVE_ENV_HIGH,GRP_EXP_INTERACTIVE_ENV_HIGH_LATENCY_SESS,LATENCY_SESS,12,INTERACTIVE,ENV_HIGH,2.962164,39.8357,10714.4636,0.025318,0.100283,268.97,399.43,66.0,1478.0,134.0,134.0,194.0,629.0999999999968,0.236,EXP_INTERACTIVE_ENV_HIGH_LATENCY_SESS_0156.pcap
NAT_ENH_EXP_INTERACTIVE_ENV_HIGH_LATENCY_SESS_W0000,DS1_NATIVE_IPSEC_ENHANCED,1,EXP_INTERACTIVE_ENV_HIGH,GRP_EXP_INTERACTIVE_ENV_HIGH_LATENCY_SESS,LATENCY_SESS,0,INTERACTIVE,ENV_HIGH,2.937593,25.1907,5877.9416,0.040241,0.112181,233.34,364.04,42.0,1478.0,87.0,134.0,134.0,294.0,0.0518,EXP_INTERACTIVE_ENV_HIGH_LATENCY_SESS_0157.pcap
NAT_ENH_EXP_INTERACTIVE_ENV_HIGH_LATENCY_SESS_W0001,DS1_NATIVE_IPSEC_ENHANCED,1,EXP_INTERACTIVE_ENV_HIGH,GRP_EXP_INTERACTIVE_ENV_HIGH_LATENCY_SESS,LATENCY_SESS,1,INTERACTIVE,ENV_HIGH,2.85753,38.8447,9658.3417,0.025978,0.086034,248.64,380.47,42.0,1478.0,88.0,134.0,134.0,294.0,0.0249,EXP_INTERACTIVE_ENV_HIGH_LATENCY_SESS_0157.pcap
NAT_ENH_EXP_INTERACTIVE_ENV_HIGH_LATENCY_SESS_W0002,DS1_NATIVE_IPSEC_ENHANCED,1,EXP_INTERACTIVE_ENV_HIGH,GRP_EXP_INTERACTIVE_ENV_HIGH_LATENCY_SESS,LATENCY_SESS,2,INTERACTIVE,ENV_HIGH,2.343738,60.587,15876.7741,0.016622,0.039269,262.05,395.13,42.0,1478.0,97.0,134.0,134.0,294.0,0.0091,EXP_INTERACTIVE_ENV_HIGH_LATENCY_SESS_0157.pcap
NAT_ENH_EXP_INTERACTIVE_ENV_HIGH_LATENCY_SESS_W0003,DS1_NATIVE_IPSEC_ENHANCED,1,EXP_INTERACTIVE_ENV_HIGH,GRP_EXP_INTERACTIVE_ENV_HIGH_LATENCY_SESS,LATENCY_SESS,3,INTERACTIVE,ENV_HIGH,2.767955,63.5848,17045.4357,0.015817,0.036726,268.07,401.14,42.0,1478.0,118.0,134.0,214.0,852.5,0.0071,EXP_INTERACTIVE_ENV_HIGH_LATENCY_SESS_0157.pcap
NAT_ENH_EXP_INTERACTIVE_ENV_HIGH_LATENCY_SESS_W0004,DS1_NATIVE_IPSEC_ENHANCED,1,EXP_INTERACTIVE_ENV_HIGH,GRP_EXP_INTERACTIVE_ENV_HIGH_LATENCY_SESS,LATENCY_SESS,4,INTERACTIVE,ENV_HIGH,2.92635,72.1035,19589.2486,0.013935,0.030314,271.68,404.18,42.0,1478.0,118.0,134.0,214.0,1411.0,0.0015,EXP_INTERACTIVE_ENV_HIGH_LATENCY_SESS_0157.pcap
NAT_ENH_EXP_INTERACTIVE_ENV_HIGH_LATENCY_SESS_W0005,DS1_NATIVE_IPSEC_ENHANCED,1,EXP_INTERACTIVE_ENV_HIGH,GRP_EXP_INTERACTIVE_ENV_HIGH_LATENCY_SESS,LATENCY_SESS,5,INTERACTIVE,ENV_HIGH,2.957432,74.727,20801.1543,0.013443,0.028669,278.36,410.99,66.0,1478.0,118.0,134.0,214.0,1411.0,0.0011,EXP_INTERACTIVE_ENV_HIGH_LATENCY_SESS_0157.pcap
NAT_ENH_EXP_INTERACTIVE_ENV_HIGH_LATENCY_SESS_W0006,DS1_NATIVE_IPSEC_ENHANCED,1,EXP_INTERACTIVE_ENV_HIGH,GRP_EXP_INTERACTIVE_ENV_HIGH_LATENCY_SESS,LATENCY_SESS,6,INTERACTIVE,ENV_HIGH,2.90982,70.1074,19477.1493,0.014334,0.031188,277.82,409.61,66.0,1478.0,134.0,134.0,214.0,1411.0,0.0012,EXP_INTERACTIVE_ENV_HIGH_LATENCY_SESS_0157.pcap
NAT_ENH_EXP_INTERACTIVE_ENV_HIGH_LATENCY_SESS_W0007,DS1_NATIVE_IPSEC_ENHANCED,1,EXP_INTERACTIVE_ENV_HIGH,GRP_EXP_INTERACTIVE_ENV_HIGH_LATENCY_SESS,LATENCY_SESS,7,INTERACTIVE,ENV_HIGH,2.824563,72.5776,20089.8332,0.013846,0.029476,276.8,408.87,66.0,1478.0,134.0,134.0,214.0,1411.0,0.0025,EXP_INTERACTIVE_ENV_HIGH_LATENCY_SESS_0157.pcap
NAT_ENH_EXP_INTERACTIVE_ENV_HIGH_LATENCY_SESS_W0008,DS1_NATIVE_IPSEC_ENHANCED,1,EXP_INTERACTIVE_ENV_HIGH,GRP_EXP_INTERACTIVE_ENV_HIGH_LATENCY_SESS,LATENCY_SESS,8,INTERACTIVE,ENV_HIGH,2.976839,67.5213,18933.17,0.014884,0.032047,280.4,412.09,66.0,1478.0,134.0,134.0,214.0,1411.0,0.0025,EXP_INTERACTIVE_ENV_HIGH_LATENCY_SESS_0157.pcap
NAT_ENH_EXP_INTERACTIVE_ENV_HIGH_LATENCY_SESS_W0009,DS1_NATIVE_IPSEC_ENHANCED,1,EXP_INTERACTIVE_ENV_HIGH,GRP_EXP_INTERACTIVE_ENV_HIGH_LATENCY_SESS,LATENCY_SESS,9,INTERACTIVE,ENV_HIGH,2.965891,70.1307,19303.1361,0.014328,0.030889,275.25,406.12,66.0,1478.0,134.0,134.0,214.0,1411.0,0.0025,EXP_INTERACTIVE_ENV_HIGH_LATENCY_SESS_0157.pcap
NAT_ENH_EXP_INTERACTIVE_ENV_HIGH_LATENCY_SESS_W0000,DS1_NATIVE_IPSEC_ENHANCED,1,EXP_INTERACTIVE_ENV_HIGH,GRP_EXP_INTERACTIVE_ENV_HIGH_LATENCY_SESS,LATENCY_SESS,0,INTERACTIVE,ENV_HIGH,2.969874,40.069,9563.7057,0.025168,0.096349,238.68,369.41,42.0,1478.0,80.0,134.0,134.0,294.0,0.0273,EXP_INTERACTIVE_ENV_HIGH_LATENCY_SESS_0158.pcap
NAT_ENH_EXP_INTERACTIVE_ENV_HIGH_LATENCY_SESS_W0001,DS1_NATIVE_IPSEC_ENHANCED,1,EXP_INTERACTIVE_ENV_HIGH,GRP_EXP_INTERACTIVE_ENV_HIGH_LATENCY_SESS,LATENCY_SESS,1,INTERACTIVE,ENV_HIGH,2.473322,62.2644,15583.4936,0.016166,0.037851,250.28,381.77,42.0,1478.0,90.0,134.0,134.0,294.0,0.0154,EXP_INTERACTIVE_ENV_HIGH_LATENCY_SESS_0158.pcap
NAT_ENH_EXP_INTERACTIVE_ENV_HIGH_LATENCY_SESS_W0002,DS1_NATIVE_IPSEC_ENHANCED,1,EXP_INTERACTIVE_ENV_HIGH,GRP_EXP_INTERACTIVE_ENV_HIGH_LATENCY_SESS,LATENCY_SESS,2,INTERACTIVE,ENV_HIGH,2.918766,63.0403,16433.3145,0.01595,0.03711,260.68,393.9,42.0,1478.0,90.0,134.0,134.0,294.0,0.0123,EXP_INTERACTIVE_ENV_HIGH_LATENCY_SESS_0158.pcap
NAT_ENH_EXP_INTERACTIVE_ENV_HIGH_LATENCY_SESS_W0003,DS1_NATIVE_IPSEC_ENHANCED,1,EXP_INTERACTIVE_ENV_HIGH,GRP_EXP_INTERACTIVE_ENV_HIGH_LATENCY_SESS,LATENCY_SESS,3,INTERACTIVE,ENV_HIGH,2.872235,69.284,18444.1729,0.014506,0.03199,266.21,397.82,66.0,1478.0,118.0,134.0,174.0,517.4000000000191,0.0034,EXP_INTERACTIVE_ENV_HIGH_LATENCY_SESS_0158.pcap
NAT_ENH_EXP_INTERACTIVE_ENV_HIGH_LATENCY_SESS_W0004,DS1_NATIVE_IPSEC_ENHANCED,1,EXP_INTERACTIVE_ENV_HIGH,GRP_EXP_INTERACTIVE_ENV_HIGH_LATENCY_SESS,LATENCY_SESS,4,INTERACTIVE,ENV_HIGH,2.951729,68.7733,18142.588,0.014613,0.032223,263.8,394.3,66.0,1478.0,118.0,134.0,174.0,294.0,0.0017,EXP_INTERACTIVE_ENV_HIGH_LATENCY_SESS_0158.pcap
NAT_ENH_EXP_INTERACTIVE_ENV_HIGH_LATENCY_SESS_W0005,DS1_NATIVE_IPSEC_ENHANCED,1,EXP_INTERACTIVE_ENV_HIGH,GRP_EXP_INTERACTIVE_ENV_HIGH_LATENCY_SESS,LATENCY_SESS,5,INTERACTIVE,ENV_HIGH,2.952642,71.1227,18377.4398,0.014127,0.030734,258.39,388.81,66.0,1478.0,118.0,134.0,134.0,294.0,0.0026,EXP_INTERACTIVE_ENV_HIGH_LATENCY_SESS_0158.pcap
NAT_ENH_EXP_INTERACTIVE_ENV_HIGH_LATENCY_SESS_W0006,DS1_NATIVE_IPSEC_ENHANCED,1,EXP_INTERACTIVE_ENV_HIGH,GRP_EXP_INTERACTIVE_ENV_HIGH_LATENCY_SESS,LATENCY_SESS,6,INTERACTIVE,ENV_HIGH,2.825359,77.5123,20623.5748,0.01296,0.028058,266.07,397.77,66.0,1478.0,118.0,134.0,174.0,517.4000000000191,0.0024,EXP_INTERACTIVE_ENV_HIGH_LATENCY_SESS_0158.pcap
NAT_ENH_EXP_INTERACTIVE_ENV_HIGH_LATENCY_SESS_W0007,DS1_NATIVE_IPSEC_ENHANCED,1,EXP_INTERACTIVE_ENV_HIGH,GRP_EXP_INTERACTIVE_ENV_HIGH_LATENCY_SESS,LATENCY_SESS,7,INTERACTIVE,ENV_HIGH,2.873777,74.1185,19989.3718,0.013556,0.029635,269.69,402.68,66.0,1478.0,118.0,134.0,214.0,1187.6000000000126,0.0024,EXP_INTERACTIVE_ENV_HIGH_LATENCY_SESS_0158.pcap
NAT_ENH_EXP_INTERACTIVE_ENV_HIGH_LATENCY_SESS_W0008,DS1_NATIVE_IPSEC_ENHANCED,1,EXP_INTERACTIVE_ENV_HIGH,GRP_EXP_INTERACTIVE_ENV_HIGH_LATENCY_SESS,LATENCY_SESS,8,INTERACTIVE,ENV_HIGH,2.879559,78.4842,20505.5702,0.012798,0.026401,261.27,392.51,66.0,1478.0,118.0,134.0,134.0,294.0,0.0024,EXP_INTERACTIVE_ENV_HIGH_LATENCY_SESS_0158.pcap
NAT_ENH_EXP_INTERACTIVE_ENV_HIGH_LATENCY_SESS_W0000,DS1_NATIVE_IPSEC_ENHANCED,1,EXP_INTERACTIVE_ENV_HIGH,GRP_EXP_INTERACTIVE_ENV_HIGH_LATENCY_SESS,LATENCY_SESS,0,INTERACTIVE,ENV_HIGH,2.987771,34.1392,7830.5867,0.029582,0.087896,229.37,358.69,42.0,1478.0,77.0,134.0,134.0,294.0,0.0375,EXP_INTERACTIVE_ENV_HIGH_LATENCY_SESS_0159.pcap
NAT_ENH_EXP_INTERACTIVE_ENV_HIGH_LATENCY_SESS_W0001,DS1_NATIVE_IPSEC_ENHANCED,1,EXP_INTERACTIVE_ENV_HIGH,GRP_EXP_INTERACTIVE_ENV_HIGH_LATENCY_SESS,LATENCY_SESS,1,INTERACTIVE,ENV_HIGH,2.934987,44.2932,11121.6844,0.022752,0.06963,251.09,384.69,42.0,1478.0,87.0,134.0,134.0,294.0,0.021,EXP_INTERACTIVE_ENV_HIGH_LATENCY_SESS_0159.pcap
NAT_ENH_EXP_INTERACTIVE_ENV_HIGH_LATENCY_SESS_W0002,DS1_NATIVE_IPSEC_ENHANCED,1,EXP_INTERACTIVE_ENV_HIGH,GRP_EXP_INTERACTIVE_ENV_HIGH_LATENCY_SESS,LATENCY_SESS,2,INTERACTIVE,ENV_HIGH,2.938807,60.9091,15106.1297,0.01651,0.050043,248.01,378.95,42.0,1478.0,90.0,134.0,134.0,294.0,0.0133,EXP_INTERACTIVE_ENV_HIGH_LATENCY_SESS_0159.pcap
NAT_ENH_EXP_INTERACTIVE_ENV_HIGH_LATENCY_SESS_W0003,DS1_NATIVE_IPSEC_ENHANCED,1,EXP_INTERACTIVE_ENV_HIGH,GRP_EXP_INTERACTIVE_ENV_HIGH_LATENCY_SESS,LATENCY_SESS,3,INTERACTIVE,ENV_HIGH,2.896403,73.8848,18832.3252,0.013598,0.03002,254.89,386.01,42.0,1478.0,97.0,134.0,134.0,294.0,0.0078,EXP_INTERACTIVE_ENV_HIGH_LATENCY_SESS_0159.pcap
NAT_ENH_EXP_INTERACTIVE_ENV_HIGH_LATENCY_SESS_W0004,DS1_NATIVE_IPSEC_ENHANCED,1,EXP_INTERACTIVE_ENV_HIGH,GRP_EXP_INTERACTIVE_ENV_HIGH_LATENCY_SESS,LATENCY_SESS,4,INTERACTIVE,ENV_HIGH,2.945428,85.2168,23105.2998,0.011782,0.024534,271.14,402.83,66.0,1478.0,118.0,134.0,214.0,1411.0,0.0013,EXP_INTERACTIVE_ENV_HIGH_LATENCY_SESS_0159.pcap
NAT_ENH_EXP_INTERACTIVE_ENV_HIGH_LATENCY_SESS_W0005,DS1_NATIVE_IPSEC_ENHANCED,1,EXP_INTERACTIVE_ENV_HIGH,GRP_EXP_INTERACTIVE_ENV_HIGH_LATENCY_SESS,LATENCY_SESS,5,INTERACTIVE,ENV_HIGH,2.951499,85.7192,23147.2212,0.011712,0.023806,270.04,401.42,66.0,1478.0,118.0,134.0,214.0,1187.6000000000126,0.001,EXP_INTERACTIVE_ENV_HIGH_LATENCY_SESS_0159.pcap
NAT_ENH_EXP_INTERACTIVE_ENV_HIGH_LATENCY_SESS_W0006,DS1_NATIVE_IPSEC_ENHANCED,1,EXP_INTERACTIVE_ENV_HIGH,GRP_EXP_INTERACTIVE_ENV_HIGH_LATENCY_SESS,LATENCY_SESS,6,INTERACTIVE,ENV_HIGH,2.888021,81.7169,22972.4784,0.012289,0.025386,281.12,413.29,66.0,1478.0,130.0,134.0,214.0,1411.0,0.0021,EXP_INTERACTIVE_ENV_HIGH_LATENCY_SESS_0159.pcap
NAT_ENH_EXP_INTERACTIVE_ENV_HIGH_LATENCY_SESS_W0007,DS1_NATIVE_IPSEC_ENHANCED,1,EXP_INTERACTIVE_ENV_HIGH,GRP_EXP_INTERACTIVE_ENV_HIGH_LATENCY_SESS,LATENCY_SESS,7,INTERACTIVE,ENV_HIGH,2.958482,84.5028,23018.8993,0.011881,0.024446,272.4,403.29,66.0,1478.0,118.0,134.0,214.0,1411.0,0.0021,EXP_INTERACTIVE_ENV_HIGH_LATENCY_SESS_0159.pcap
NAT_ENH_EXP_INTERACTIVE_ENV_HIGH_LATENCY_SESS_W0008,DS1_NATIVE_IPSEC_ENHANCED,1,EXP_INTERACTIVE_ENV_HIGH,GRP_EXP_INTERACTIVE_ENV_HIGH_LATENCY_SESS,LATENCY_SESS,8,INTERACTIVE,ENV_HIGH,2.990554,80.2527,22368.0956,0.012513,0.025564,278.72,410.31,66.0,1478.0,130.0,134.0,214.0,1411.0,0.0021,EXP_INTERACTIVE_ENV_HIGH_LATENCY_SESS_0159.pcap
NAT_ENH_EXP_INTERACTIVE_ENV_HIGH_LATENCY_SESS_W0009,DS1_NATIVE_IPSEC_ENHANCED,1,EXP_INTERACTIVE_ENV_HIGH,GRP_EXP_INTERACTIVE_ENV_HIGH_LATENCY_SESS,LATENCY_SESS,9,INTERACTIVE,ENV_HIGH,2.85196,82.3995,23273.4685,0.012188,0.023847,282.45,413.82,66.0,1478.0,134.0,134.0,214.0,1411.0,0.0021,EXP_INTERACTIVE_ENV_HIGH_LATENCY_SESS_0159.pcap
NAT_ENH_EXP_INTERACTIVE_ENV_HIGH_LATENCY_SESS_W0010,DS1_NATIVE_IPSEC_ENHANCED,1,EXP_INTERACTIVE_ENV_HIGH,GRP_EXP_INTERACTIVE_ENV_HIGH_LATENCY_SESS,LATENCY_SESS,10,INTERACTIVE,ENV_HIGH,2.870066,78.047,21666.4013,0.01287,0.026602,277.61,408.19,66.0,1478.0,134.0,134.0,214.0,1411.0,0.0023,EXP_INTERACTIVE_ENV_HIGH_LATENCY_SESS_0159.pcap
NAT_ENH_EXP_INTERACTIVE_ENV_HIGH_LATENCY_SESS_W0011,DS1_NATIVE_IPSEC_ENHANCED,1,EXP_INTERACTIVE_ENV_HIGH,GRP_EXP_INTERACTIVE_ENV_HIGH_LATENCY_SESS,LATENCY_SESS,11,INTERACTIVE,ENV_HIGH,2.988571,79.6367,22337.432,0.01261,0.026447,280.49,411.57,66.0,1478.0,134.0,134.0,214.0,1411.0,0.001,EXP_INTERACTIVE_ENV_HIGH_LATENCY_SESS_0159.pcap
NAT_ENH_EXP_INTERACTIVE_ENV_HIGH_LATENCY_SESS_W0012,DS1_NATIVE_IPSEC_ENHANCED,1,EXP_INTERACTIVE_ENV_HIGH,GRP_EXP_INTERACTIVE_ENV_HIGH_LATENCY_SESS,LATENCY_SESS,12,INTERACTIVE,ENV_HIGH,2.974781,80.342,22476.6123,0.012499,0.025973,279.76,410.87,66.0,1478.0,134.0,134.0,214.0,1411.0,0.2255,EXP_INTERACTIVE_ENV_HIGH_LATENCY_SESS_0159.pcap
NAT_ENH_EXP_INTERACTIVE_ENV_HIGH_LATENCY_SESS_W0013,DS1_NATIVE_IPSEC_ENHANCED,1,EXP_INTERACTIVE_ENV_HIGH,GRP_EXP_INTERACTIVE_ENV_HIGH_LATENCY_SESS,LATENCY_SESS,13,INTERACTIVE,ENV_HIGH,2.939928,81.6347,22773.6866,0.012301,0.025521,278.97,410.2,66.0,1478.0,134.0,134.0,214.0,1411.0,0.2225,EXP_INTERACTIVE_ENV_HIGH_LATENCY_SESS_0159.pcap
NAT_ENH_EXP_INTERACTIVE_ENV_HIGH_LATENCY_SESS_W0000,DS1_NATIVE_IPSEC_ENHANCED,1,EXP_INTERACTIVE_ENV_HIGH,GRP_EXP_INTERACTIVE_ENV_HIGH_LATENCY_SESS,LATENCY_SESS,0,INTERACTIVE,ENV_HIGH,2.986836,29.1278,7257.8475,0.034731,0.085305,249.17,384.55,42.0,1478.0,88.0,134.0,134.0,294.0,0.0451,EXP_INTERACTIVE_ENV_HIGH_LATENCY_SESS_0160.pcap
NAT_ENH_EXP_INTERACTIVE_ENV_HIGH_LATENCY_SESS_W0001,DS1_NATIVE_IPSEC_ENHANCED,1,EXP_INTERACTIVE_ENV_HIGH,GRP_EXP_INTERACTIVE_ENV_HIGH_LATENCY_SESS,LATENCY_SESS,1,INTERACTIVE,ENV_HIGH,2.868281,38.3505,9593.5514,0.026315,0.070341,250.15,381.84,42.0,1478.0,90.0,134.0,134.0,294.0,0.025,EXP_INTERACTIVE_ENV_HIGH_LATENCY_SESS_0160.pcap
NAT_ENH_EXP_INTERACTIVE_ENV_HIGH_LATENCY_SESS_W0002,DS1_NATIVE_IPSEC_ENHANCED,1,EXP_INTERACTIVE_ENV_HIGH,GRP_EXP_INTERACTIVE_ENV_HIGH_LATENCY_SESS,LATENCY_SESS,2,INTERACTIVE,ENV_HIGH,2.79224,50.8552,13312.2516,0.019803,0.043631,261.77,395.23,42.0,1478.0,90.0,134.0,134.0,294.0,0.016,EXP_INTERACTIVE_ENV_HIGH_LATENCY_SESS_0160.pcap
NAT_ENH_EXP_INTERACTIVE_ENV_HIGH_LATENCY_SESS_W0003,DS1_NATIVE_IPSEC_ENHANCED,1,EXP_INTERACTIVE_ENV_HIGH,GRP_EXP_INTERACTIVE_ENV_HIGH_LATENCY_SESS,LATENCY_SESS,3,INTERACTIVE,ENV_HIGH,2.34867,59.1824,15719.9606,0.017019,0.036663,265.62,398.59,42.0,1478.0,118.0,134.0,174.0,517.4000000000032,0.0091,EXP_INTERACTIVE_ENV_HIGH_LATENCY_SESS_0160.pcap
NAT_ENH_EXP_INTERACTIVE_ENV_HIGH_LATENCY_SESS_W0004,DS1_NATIVE_IPSEC_ENHANCED,1,EXP_INTERACTIVE_ENV_HIGH,GRP_EXP_INTERACTIVE_ENV_HIGH_LATENCY_SESS,LATENCY_SESS,4,INTERACTIVE,ENV_HIGH,2.970032,47.4742,12618.3816,0.021215,0.089738,265.79,395.29,66.0,1478.0,118.0,134.0,214.0,294.0,0.2451,EXP_INTERACTIVE_ENV_HIGH_LATENCY_SESS_0160.pcap
NAT_ENH_EXP_INTERACTIVE_ENV_HIGH_LATENCY_SESS_W0005,DS1_NATIVE_IPSEC_ENHANCED,1,EXP_INTERACTIVE_ENV_HIGH,GRP_EXP_INTERACTIVE_ENV_HIGH_LATENCY_SESS,LATENCY_SESS,5,INTERACTIVE,ENV_HIGH,2.88407,49.9294,14099.5183,0.020168,0.088226,282.39,414.78,66.0,1478.0,118.0,134.0,214.0,1411.0,0.0017,EXP_INTERACTIVE_ENV_HIGH_LATENCY_SESS_0160.pcap
NAT_ENH_EXP_INTERACTIVE_ENV_HIGH_LATENCY_SESS_W0000,DS1_NATIVE_IPSEC_ENHANCED,1,EXP_INTERACTIVE_ENV_HIGH,GRP_EXP_INTERACTIVE_ENV_HIGH_LATENCY_SESS,LATENCY_SESS,0,INTERACTIVE,ENV_HIGH,2.966628,33.0341,8748.3161,0.030584,0.082334,264.83,401.9,42.0,1478.0,90.0,134.0,194.0,629.0999999999968,0.0339,EXP_INTERACTIVE_ENV_HIGH_LATENCY_SESS_0161.pcap
NAT_ENH_EXP_INTERACTIVE_ENV_HIGH_LATENCY_SESS_W0001,DS1_NATIVE_IPSEC_ENHANCED,1,EXP_INTERACTIVE_ENV_HIGH,GRP_EXP_INTERACTIVE_ENV_HIGH_LATENCY_SESS,LATENCY_SESS,1,INTERACTIVE,ENV_HIGH,2.460415,52.0237,13263.6167,0.019373,0.052681,254.95,386.74,42.0,1478.0,90.0,134.0,134.0,294.0,0.0132,EXP_INTERACTIVE_ENV_HIGH_LATENCY_SESS_0161.pcap
NAT_ENH_EXP_INTERACTIVE_ENV_HIGH_LATENCY_SESS_W0002,DS1_NATIVE_IPSEC_ENHANCED,1,EXP_INTERACTIVE_ENV_HIGH,GRP_EXP_INTERACTIVE_ENV_HIGH_LATENCY_SESS,LATENCY_SESS,2,INTERACTIVE,ENV_HIGH,2.928011,57.0353,14735.6007,0.017639,0.04782,258.36,390.21,42.0,1478.0,90.0,134.0,134.0,294.0,0.0099,EXP_INTERACTIVE_ENV_HIGH_LATENCY_SESS_0161.pcap
NAT_ENH_EXP_INTERACTIVE_ENV_HIGH_LATENCY_SESS_W0003,DS1_NATIVE_IPSEC_ENHANCED,1,EXP_INTERACTIVE_ENV_HIGH,GRP_EXP_INTERACTIVE_ENV_HIGH_LATENCY_SESS,LATENCY_SESS,3,INTERACTIVE,ENV_HIGH,2.728084,71.1122,19177.563,0.014135,0.029537,269.68,402.35,42.0,1478.0,118.0,134.0,214.0,1075.9000000000192,0.0033,EXP_INTERACTIVE_ENV_HIGH_LATENCY_SESS_0161.pcap
NAT_ENH_EXP_INTERACTIVE_ENV_HIGH_LATENCY_SESS_W0004,DS1_NATIVE_IPSEC_ENHANCED,1,EXP_INTERACTIVE_ENV_HIGH,GRP_EXP_INTERACTIVE_ENV_HIGH_LATENCY_SESS,LATENCY_SESS,4,INTERACTIVE,ENV_HIGH,2.929461,69.296,19285.8003,0.014502,0.029814,278.31,410.57,66.0,1478.0,118.0,134.0,214.0,1411.0,0.0025,EXP_INTERACTIVE_ENV_HIGH_LATENCY_SESS_0161.pcap
NAT_ENH_EXP_INTERACTIVE_ENV_HIGH_LATENCY_SESS_W0005,DS1_NATIVE_IPSEC_ENHANCED,1,EXP_INTERACTIVE_ENV_HIGH,GRP_EXP_INTERACTIVE_ENV_HIGH_LATENCY_SESS,LATENCY_SESS,5,INTERACTIVE,ENV_HIGH,2.975239,69.5742,18159.2146,0.014443,0.031448,261.0,391.0,66.0,1478.0,118.0,134.0,134.0,294.0,0.0026,EXP_INTERACTIVE_ENV_HIGH_LATENCY_SESS_0161.pcap
NAT_ENH_EXP_INTERACTIVE_ENV_HIGH_LATENCY_SESS_W0006,DS1_NATIVE_IPSEC_ENHANCED,1,EXP_INTERACTIVE_ENV_HIGH,GRP_EXP_INTERACTIVE_ENV_HIGH_LATENCY_SESS,LATENCY_SESS,6,INTERACTIVE,ENV_HIGH,2.973601,74.9933,19766.2708,0.013395,0.029486,263.57,394.64,66.0,1478.0,118.0,134.0,134.0,294.0,0.0024,EXP_INTERACTIVE_ENV_HIGH_LATENCY_SESS_0161.pcap
NAT_ENH_EXP_INTERACTIVE_ENV_HIGH_LATENCY_SESS_W0007,DS1_NATIVE_IPSEC_ENHANCED,1,EXP_INTERACTIVE_ENV_HIGH,GRP_EXP_INTERACTIVE_ENV_HIGH_LATENCY_SESS,LATENCY_SESS,7,INTERACTIVE,ENV_HIGH,2.891505,75.7391,21178.5904,0.013264,0.029755,279.63,412.65,66.0,1478.0,118.0,134.0,214.0,1411.0,0.0023,EXP_INTERACTIVE_ENV_HIGH_LATENCY_SESS_0161.pcap
NAT_ENH_EXP_INTERACTIVE_ENV_HIGH_LATENCY_SESS_W0008,DS1_NATIVE_IPSEC_ENHANCED,1,EXP_INTERACTIVE_ENV_HIGH,GRP_EXP_INTERACTIVE_ENV_HIGH_LATENCY_SESS,LATENCY_SESS,8,INTERACTIVE,ENV_HIGH,2.922724,73.5615,20815.5148,0.013658,0.030372,282.97,415.71,66.0,1478.0,118.0,134.0,214.0,1411.0,0.0023,EXP_INTERACTIVE_ENV_HIGH_LATENCY_SESS_0161.pcap
NAT_ENH_EXP_INTERACTIVE_ENV_HIGH_LATENCY_SESS_W0009,DS1_NATIVE_IPSEC_ENHANCED,1,EXP_INTERACTIVE_ENV_HIGH,GRP_EXP_INTERACTIVE_ENV_HIGH_LATENCY_SESS,LATENCY_SESS,9,INTERACTIVE,ENV_HIGH,2.939063,73.4928,19725.6756,0.01367,0.031386,268.4,400.02,66.0,1478.0,118.0,134.0,214.0,852.5,0.0024,EXP_INTERACTIVE_ENV_HIGH_LATENCY_SESS_0161.pcap
NAT_ENH_EXP_INTERACTIVE_ENV_HIGH_LATENCY_SESS_W0000,DS1_NATIVE_IPSEC_ENHANCED,1,EXP_INTERACTIVE_ENV_HIGH,GRP_EXP_INTERACTIVE_ENV_HIGH_LATENCY_SESS,LATENCY_SESS,0,INTERACTIVE,ENV_HIGH,2.998478,22.0112,5417.0817,0.04613,0.117117,246.11,383.23,42.0,1478.0,87.0,134.0,134.0,294.0,0.0552,EXP_INTERACTIVE_ENV_HIGH_LATENCY_SESS_0162.pcap
NAT_ENH_EXP_INTERACTIVE_ENV_HIGH_LATENCY_SESS_W0001,DS1_NATIVE_IPSEC_ENHANCED,1,EXP_INTERACTIVE_ENV_HIGH,GRP_EXP_INTERACTIVE_ENV_HIGH_LATENCY_SESS,LATENCY_SESS,1,INTERACTIVE,ENV_HIGH,2.937725,35.7419,9133.2577,0.028247,0.086022,255.53,389.88,42.0,1478.0,90.0,134.0,134.0,294.0,0.0258,EXP_INTERACTIVE_ENV_HIGH_LATENCY_SESS_0162.pcap
NAT_ENH_EXP_INTERACTIVE_ENV_HIGH_LATENCY_SESS_W0002,DS1_NATIVE_IPSEC_ENHANCED,1,EXP_INTERACTIVE_ENV_HIGH,GRP_EXP_INTERACTIVE_ENV_HIGH_LATENCY_SESS,LATENCY_SESS,2,INTERACTIVE,ENV_HIGH,2.916655,44.5716,11275.2458,0.02261,0.073295,252.97,384.08,42.0,1478.0,90.0,134.0,134.0,294.0,0.0131,EXP_INTERACTIVE_ENV_HIGH_LATENCY_SESS_0162.pcap
NAT_ENH_EXP_INTERACTIVE_ENV_HIGH_LATENCY_SESS_W0003,DS1_NATIVE_IPSEC_ENHANCED,1,EXP_INTERACTIVE_ENV_HIGH,GRP_EXP_INTERACTIVE_ENV_HIGH_LATENCY_SESS,LATENCY_SESS,3,INTERACTIVE,ENV_HIGH,2.320723,68.5131,18283.0968,0.014688,0.030409,266.86,397.97,42.0,1478.0,118.0,134.0,214.0,517.4000000000191,0.0041,EXP_INTERACTIVE_ENV_HIGH_LATENCY_SESS_0162.pcap
NAT_ENH_EXP_INTERACTIVE_ENV_HIGH_LATENCY_SESS_W0004,DS1_NATIVE_IPSEC_ENHANCED,1,EXP_INTERACTIVE_ENV_HIGH,GRP_EXP_INTERACTIVE_ENV_HIGH_LATENCY_SESS,LATENCY_SESS,4,INTERACTIVE,ENV_HIGH,2.876357,62.9268,17707.1215,0.01598,0.034367,281.39,413.99,42.0,1478.0,118.0,134.0,214.0,1411.0,0.0034,EXP_INTERACTIVE_ENV_HIGH_LATENCY_SESS_0162.pcap
NAT_ENH_EXP_INTERACTIVE_ENV_HIGH_LATENCY_SESS_W0005,DS1_NATIVE_IPSEC_ENHANCED,1,EXP_INTERACTIVE_ENV_HIGH,GRP_EXP_INTERACTIVE_ENV_HIGH_LATENCY_SESS,LATENCY_SESS,5,INTERACTIVE,ENV_HIGH,2.927114,69.6932,19379.8396,0.014419,0.032192,278.07,409.5,66.0,1478.0,134.0,134.0,214.0,1411.0,0.0012,EXP_INTERACTIVE_ENV_HIGH_LATENCY_SESS_0162.pcap
NAT_ENH_EXP_INTERACTIVE_ENV_HIGH_LATENCY_SESS_W0006,DS1_NATIVE_IPSEC_ENHANCED,1,EXP_INTERACTIVE_ENV_HIGH,GRP_EXP_INTERACTIVE_ENV_HIGH_LATENCY_SESS,LATENCY_SESS,6,INTERACTIVE,ENV_HIGH,2.96139,68.2112,19060.9814,0.014733,0.032263,279.44,411.28,66.0,1478.0,122.0,134.0,214.0,1411.0,0.0025,EXP_INTERACTIVE_ENV_HIGH_LATENCY_SESS_0162.pcap
NAT_ENH_EXP_INTERACTIVE_ENV_HIGH_LATENCY_SESS_W0007,DS1_NATIVE_IPSEC_ENHANCED,1,EXP_INTERACTIVE_ENV_HIGH,GRP_EXP_INTERACTIVE_ENV_HIGH_LATENCY_SESS,LATENCY_SESS,7,INTERACTIVE,ENV_HIGH,2.841754,74.2499,20270.9316,0.013532,0.029199,273.01,403.65,66.0,1478.0,126.0,134.0,214.0,1411.0,0.0024,EXP_INTERACTIVE_ENV_HIGH_LATENCY_SESS_0162.pcap
NAT_ENH_EXP_INTERACTIVE_ENV_HIGH_LATENCY_SESS_W0008,DS1_NATIVE_IPSEC_ENHANCED,1,EXP_INTERACTIVE_ENV_HIGH,GRP_EXP_INTERACTIVE_ENV_HIGH_LATENCY_SESS,LATENCY_SESS,8,INTERACTIVE,ENV_HIGH,2.947902,73.2725,20714.3931,0.013711,0.029063,282.7,414.69,66.0,1478.0,134.0,134.0,214.0,1411.0,0.0023,EXP_INTERACTIVE_ENV_HIGH_LATENCY_SESS_0162.pcap
NAT_ENH_EXP_INTERACTIVE_ENV_HIGH_LATENCY_SESS_W0000,DS1_NATIVE_IPSEC_ENHANCED,1,EXP_INTERACTIVE_ENV_HIGH,GRP_EXP_INTERACTIVE_ENV_HIGH_LATENCY_SESS,LATENCY_SESS,0,INTERACTIVE,ENV_HIGH,2.994163,28.7226,7208.6923,0.035225,0.110399,250.98,386.41,42.0,1478.0,87.0,134.0,134.0,294.0,0.0453,EXP_INTERACTIVE_ENV_HIGH_LATENCY_SESS_0163.pcap
NAT_ENH_EXP_INTERACTIVE_ENV_HIGH_LATENCY_SESS_W0001,DS1_NATIVE_IPSEC_ENHANCED,1,EXP_INTERACTIVE_ENV_HIGH,GRP_EXP_INTERACTIVE_ENV_HIGH_LATENCY_SESS,LATENCY_SESS,1,INTERACTIVE,ENV_HIGH,2.954663,36.5524,10240.7617,0.027614,0.092749,280.17,415.86,42.0,1478.0,90.0,134.0,214.0,1411.0,0.0258,EXP_INTERACTIVE_ENV_HIGH_LATENCY_SESS_0163.pcap
NAT_ENH_EXP_INTERACTIVE_ENV_HIGH_LATENCY_SESS_W0002,DS1_NATIVE_IPSEC_ENHANCED,1,EXP_INTERACTIVE_ENV_HIGH,GRP_EXP_INTERACTIVE_ENV_HIGH_LATENCY_SESS,LATENCY_SESS,2,INTERACTIVE,ENV_HIGH,2.485222,64.3806,17062.4589,0.01563,0.037714,265.02,397.26,42.0,1478.0,90.0,134.0,214.0,405.6999999999937,0.014,EXP_INTERACTIVE_ENV_HIGH_LATENCY_SESS_0163.pcap
NAT_ENH_EXP_INTERACTIVE_ENV_HIGH_LATENCY_SESS_W0003,DS1_NATIVE_IPSEC_ENHANCED,1,EXP_INTERACTIVE_ENV_HIGH,GRP_EXP_INTERACTIVE_ENV_HIGH_LATENCY_SESS,LATENCY_SESS,3,INTERACTIVE,ENV_HIGH,2.904151,67.4896,18137.4869,0.014893,0.035668,268.74,400.4,42.0,1478.0,118.0,134.0,214.0,852.5,0.0081,EXP_INTERACTIVE_ENV_HIGH_LATENCY_SESS_0163.pcap
NAT_ENH_EXP_INTERACTIVE_ENV_HIGH_LATENCY_SESS_W0004,DS1_NATIVE_IPSEC_ENHANCED,1,EXP_INTERACTIVE_ENV_HIGH,GRP_EXP_INTERACTIVE_ENV_HIGH_LATENCY_SESS,LATENCY_SESS,4,INTERACTIVE,ENV_HIGH,2.823468,78.6267,21906.3934,0.012776,0.027282,278.61,409.84,66.0,1478.0,134.0,134.0,214.0,1411.0,0.0029,EXP_INTERACTIVE_ENV_HIGH_LATENCY_SESS_0163.pcap
NAT_ENH_EXP_INTERACTIVE_ENV_HIGH_LATENCY_SESS_W0000,DS1_NATIVE_IPSEC_ENHANCED,1,EXP_INTERACTIVE_ENV_HIGH,GRP_EXP_INTERACTIVE_ENV_HIGH_LATENCY_SESS,LATENCY_SESS,0,INTERACTIVE,ENV_HIGH,2.987956,34.8064,8930.8543,0.029009,0.093484,256.59,391.6,42.0,1478.0,89.0,134.0,134.0,294.0,0.0327,EXP_INTERACTIVE_ENV_HIGH_LATENCY_SESS_0164.pcap
NAT_ENH_EXP_INTERACTIVE_ENV_HIGH_LATENCY_SESS_W0001,DS1_NATIVE_IPSEC_ENHANCED,1,EXP_INTERACTIVE_ENV_HIGH,GRP_EXP_INTERACTIVE_ENV_HIGH_LATENCY_SESS,LATENCY_SESS,1,INTERACTIVE,ENV_HIGH,2.471958,56.6353,14941.5974,0.017784,0.044995,263.82,397.66,42.0,1478.0,90.0,134.0,154.0,405.70000000000954,0.0161,EXP_INTERACTIVE_ENV_HIGH_LATENCY_SESS_0164.pcap
NAT_ENH_EXP_INTERACTIVE_ENV_HIGH_LATENCY_SESS_W0002,DS1_NATIVE_IPSEC_ENHANCED,1,EXP_INTERACTIVE_ENV_HIGH,GRP_EXP_INTERACTIVE_ENV_HIGH_LATENCY_SESS,LATENCY_SESS,2,INTERACTIVE,ENV_HIGH,2.967774,59.6407,15920.0132,0.016862,0.042082,266.93,400.28,42.0,1478.0,90.0,134.0,214.0,740.8000000000063,0.0125,EXP_INTERACTIVE_ENV_HIGH_LATENCY_SESS_0164.pcap
NAT_ENH_EXP_INTERACTIVE_ENV_HIGH_LATENCY_SESS_W0003,DS1_NATIVE_IPSEC_ENHANCED,1,EXP_INTERACTIVE_ENV_HIGH,GRP_EXP_INTERACTIVE_ENV_HIGH_LATENCY_SESS,LATENCY_SESS,3,INTERACTIVE,ENV_HIGH,2.990468,66.8792,17755.7491,0.015027,0.033748,265.49,397.06,42.0,1478.0,118.0,134.0,214.0,405.6999999999937,0.005,EXP_INTERACTIVE_ENV_HIGH_LATENCY_SESS_0164.pcap
NAT_ENH_EXP_INTERACTIVE_ENV_HIGH_LATENCY_SESS_W0000,DS1_NATIVE_IPSEC_ENHANCED,1,EXP_INTERACTIVE_ENV_HIGH,GRP_EXP_INTERACTIVE_ENV_HIGH_LATENCY_SESS,LATENCY_SESS,0,INTERACTIVE,ENV_HIGH,2.94558,34.9676,9032.856,0.028878,0.084493,258.32,393.08,42.0,1478.0,90.0,134.0,134.0,294.0,0.033,EXP_INTERACTIVE_ENV_HIGH_LATENCY_SESS_0165.pcap
NAT_ENH_EXP_INTERACTIVE_ENV_HIGH_LATENCY_SESS_W0001,DS1_NATIVE_IPSEC_ENHANCED,1,EXP_INTERACTIVE_ENV_HIGH,GRP_EXP_INTERACTIVE_ENV_HIGH_LATENCY_SESS,LATENCY_SESS,1,INTERACTIVE,ENV_HIGH,2.72401,44.0527,11686.4476,0.022891,0.073732,265.28,397.18,42.0,1478.0,111.0,134.0,214.0,405.70000000000954,0.0135,EXP_INTERACTIVE_ENV_HIGH_LATENCY_SESS_0165.pcap
NAT_ENH_EXP_INTERACTIVE_ENV_HIGH_LATENCY_SESS_W0002,DS1_NATIVE_IPSEC_ENHANCED,1,EXP_INTERACTIVE_ENV_HIGH,GRP_EXP_INTERACTIVE_ENV_HIGH_LATENCY_SESS,LATENCY_SESS,2,INTERACTIVE,ENV_HIGH,2.713789,62.643,17164.5623,0.016058,0.043628,274.01,406.84,42.0,1478.0,118.0,134.0,214.0,1411.0,0.0072,EXP_INTERACTIVE_ENV_HIGH_LATENCY_SESS_0165.pcap
NAT_ENH_EXP_INTERACTIVE_ENV_HIGH_LATENCY_SESS_W0003,DS1_NATIVE_IPSEC_ENHANCED,1,EXP_INTERACTIVE_ENV_HIGH,GRP_EXP_INTERACTIVE_ENV_HIGH_LATENCY_SESS,LATENCY_SESS,3,INTERACTIVE,ENV_HIGH,2.733777,73.5246,19477.8137,0.013669,0.027667,264.92,396.14,42.0,1478.0,118.0,134.0,214.0,294.0,0.0046,EXP_INTERACTIVE_ENV_HIGH_LATENCY_SESS_0165.pcap
NAT_ENH_EXP_INTERACTIVE_ENV_LOSSY_SESS_0166_W0000,DS1_NATIVE_IPSEC_ENHANCED,1,EXP_INTERACTIVE_ENV_LOSSY,GRP_EXP_INTERACTIVE_ENV_LOSSY_SESS_0166,SESS_0166,0,INTERACTIVE,ENV_LOSSY,2.545316,20.4297,4544.0331,0.049908,0.118446,222.42,357.03,42.0,1478.0,83.0,134.0,134.0,286.7999999999999,0.0881,EXP_INTERACTIVE_ENV_LOSSY_SESS_0166.pcap
NAT_ENH_EXP_INTERACTIVE_ENV_LOSSY_SESS_0166_W0001,DS1_NATIVE_IPSEC_ENHANCED,1,EXP_INTERACTIVE_ENV_LOSSY,GRP_EXP_INTERACTIVE_ENV_LOSSY_SESS_0166,SESS_0166,1,INTERACTIVE,ENV_LOSSY,2.01801,24.7769,5646.1566,0.041184,0.11166,227.88,363.04,42.0,1478.0,78.0,134.0,134.0,294.0,0.0719,EXP_INTERACTIVE_ENV_LOSSY_SESS_0166.pcap
NAT_ENH_EXP_INTERACTIVE_ENV_LOSSY_SESS_0166_W0002,DS1_NATIVE_IPSEC_ENHANCED,1,EXP_INTERACTIVE_ENV_LOSSY,GRP_EXP_INTERACTIVE_ENV_LOSSY_SESS_0166,SESS_0166,2,INTERACTIVE,ENV_LOSSY,2.952124,24.728,5826.6525,0.041002,0.148385,235.63,366.05,42.0,1478.0,74.0,134.0,134.0,294.0,0.0351,EXP_INTERACTIVE_ENV_LOSSY_SESS_0166.pcap
NAT_ENH_EXP_INTERACTIVE_ENV_LOSSY_SESS_0166_W0003,DS1_NATIVE_IPSEC_ENHANCED,1,EXP_INTERACTIVE_ENV_LOSSY,GRP_EXP_INTERACTIVE_ENV_LOSSY_SESS_0166,SESS_0166,3,INTERACTIVE,ENV_LOSSY,2.365558,44.387,11457.3395,0.022746,0.106308,258.12,389.05,42.0,1478.0,118.0,134.0,134.0,294.0,0.0065,EXP_INTERACTIVE_ENV_LOSSY_SESS_0166.pcap
NAT_ENH_EXP_INTERACTIVE_ENV_LOSSY_SESS_0166_W0004,DS1_NATIVE_IPSEC_ENHANCED,1,EXP_INTERACTIVE_ENV_LOSSY,GRP_EXP_INTERACTIVE_ENV_LOSSY_SESS_0166,SESS_0166,4,INTERACTIVE,ENV_LOSSY,2.950019,51.1861,14041.2661,0.019667,0.090261,274.32,406.9,42.0,1478.0,118.0,134.0,214.0,1411.0,0.0042,EXP_INTERACTIVE_ENV_LOSSY_SESS_0166.pcap
NAT_ENH_EXP_INTERACTIVE_ENV_LOSSY_SESS_0166_W0005,DS1_NATIVE_IPSEC_ENHANCED,1,EXP_INTERACTIVE_ENV_LOSSY,GRP_EXP_INTERACTIVE_ENV_LOSSY_SESS_0166,SESS_0166,5,INTERACTIVE,ENV_LOSSY,2.988052,52.8773,15168.7447,0.019032,0.088426,286.87,419.03,66.0,1478.0,134.0,134.0,214.0,1411.0,0.0015,EXP_INTERACTIVE_ENV_LOSSY_SESS_0166.pcap
NAT_ENH_EXP_INTERACTIVE_ENV_LOSSY_SESS_0166_W0006,DS1_NATIVE_IPSEC_ENHANCED,1,EXP_INTERACTIVE_ENV_LOSSY,GRP_EXP_INTERACTIVE_ENV_LOSSY_SESS_0166,SESS_0166,6,INTERACTIVE,ENV_LOSSY,2.400271,79.1577,21681.719,0.0127,0.033449,273.91,405.47,66.0,1478.0,122.0,134.0,214.0,1411.0,0.0027,EXP_INTERACTIVE_ENV_LOSSY_SESS_0166.pcap
NAT_ENH_EXP_INTERACTIVE_ENV_LOSSY_SESS_0166_W0007,DS1_NATIVE_IPSEC_ENHANCED,1,EXP_INTERACTIVE_ENV_LOSSY,GRP_EXP_INTERACTIVE_ENV_LOSSY_SESS_0166,SESS_0166,7,INTERACTIVE,ENV_LOSSY,2.891719,79.5375,21706.1211,0.012628,0.03326,272.9,403.88,66.0,1478.0,122.0,134.0,214.0,1411.0,0.0022,EXP_INTERACTIVE_ENV_LOSSY_SESS_0166.pcap
NAT_ENH_EXP_INTERACTIVE_ENV_LOSSY_SESS_0166_W0008,DS1_NATIVE_IPSEC_ENHANCED,1,EXP_INTERACTIVE_ENV_LOSSY,GRP_EXP_INTERACTIVE_ENV_LOSSY_SESS_0166,SESS_0166,8,INTERACTIVE,ENV_LOSSY,2.802595,88.8462,25297.9837,0.011301,0.028926,284.74,416.76,66.0,1478.0,134.0,134.0,214.0,1411.0,0.002,EXP_INTERACTIVE_ENV_LOSSY_SESS_0166.pcap
NAT_ENH_EXP_INTERACTIVE_ENV_LOSSY_SESS_0167_W0000,DS1_NATIVE_IPSEC_ENHANCED,1,EXP_INTERACTIVE_ENV_LOSSY,GRP_EXP_INTERACTIVE_ENV_LOSSY_SESS_0167,SESS_0167,0,INTERACTIVE,ENV_LOSSY,2.298825,3.915,331.4737,0.287353,0.225706,84.67,8.0,70.0,90.0,86.0,90.0,90.0,90.0,1.0,EXP_INTERACTIVE_ENV_LOSSY_SESS_0167.pcap
NAT_ENH_EXP_INTERACTIVE_ENV_LOSSY_SESS_0167_W0001,DS1_NATIVE_IPSEC_ENHANCED,1,EXP_INTERACTIVE_ENV_LOSSY,GRP_EXP_INTERACTIVE_ENV_LOSSY_SESS_0167,SESS_0167,1,INTERACTIVE,ENV_LOSSY,2.824927,9.9118,2083.2396,0.104627,0.221696,210.18,346.78,42.0,1478.0,73.0,126.0,134.0,243.60000000000005,0.1285,EXP_INTERACTIVE_ENV_LOSSY_SESS_0167.pcap
NAT_ENH_EXP_INTERACTIVE_ENV_LOSSY_SESS_0167_W0002,DS1_NATIVE_IPSEC_ENHANCED,1,EXP_INTERACTIVE_ENV_LOSSY,GRP_EXP_INTERACTIVE_ENV_LOSSY_SESS_0167,SESS_0167,2,INTERACTIVE,ENV_LOSSY,2.948462,22.7237,5627.6798,0.044674,0.14472,247.66,379.68,42.0,1478.0,82.0,134.0,134.0,294.0,0.0307,EXP_INTERACTIVE_ENV_LOSSY_SESS_0167.pcap
NAT_ENH_EXP_INTERACTIVE_ENV_LOSSY_SESS_0167_W0003,DS1_NATIVE_IPSEC_ENHANCED,1,EXP_INTERACTIVE_ENV_LOSSY,GRP_EXP_INTERACTIVE_ENV_LOSSY_SESS_0167,SESS_0167,3,INTERACTIVE,ENV_LOSSY,2.85634,34.6597,9203.0363,0.029146,0.106234,265.53,399.31,42.0,1478.0,90.0,134.0,174.0,517.4000000000032,0.0164,EXP_INTERACTIVE_ENV_LOSSY_SESS_0167.pcap
NAT_ENH_EXP_INTERACTIVE_ENV_LOSSY_SESS_0167_W0004,DS1_NATIVE_IPSEC_ENHANCED,1,EXP_INTERACTIVE_ENV_LOSSY,GRP_EXP_INTERACTIVE_ENV_LOSSY_SESS_0167,SESS_0167,4,INTERACTIVE,ENV_LOSSY,2.686324,59.5609,16932.0611,0.016895,0.07473,284.28,417.17,42.0,1478.0,134.0,134.0,214.0,1411.0,0.0054,EXP_INTERACTIVE_ENV_LOSSY_SESS_0167.pcap
NAT_ENH_EXP_INTERACTIVE_ENV_LOSSY_SESS_0167_W0005,DS1_NATIVE_IPSEC_ENHANCED,1,EXP_INTERACTIVE_ENV_LOSSY,GRP_EXP_INTERACTIVE_ENV_LOSSY_SESS_0167,SESS_0167,5,INTERACTIVE,ENV_LOSSY,2.272387,88.0132,24766.4677,0.011419,0.028604,281.39,412.98,42.0,1478.0,134.0,134.0,214.0,1411.0,0.0027,EXP_INTERACTIVE_ENV_LOSSY_SESS_0167.pcap
NAT_ENH_EXP_INTERACTIVE_ENV_LOSSY_SESS_0168_W0000,DS1_NATIVE_IPSEC_ENHANCED,1,EXP_INTERACTIVE_ENV_LOSSY,GRP_EXP_INTERACTIVE_ENV_LOSSY_SESS_0168,SESS_0168,0,INTERACTIVE,ENV_LOSSY,2.973715,34.3005,8905.0234,0.029443,0.097221,259.62,394.81,42.0,1478.0,90.0,134.0,134.0,294.0,0.0295,EXP_INTERACTIVE_ENV_LOSSY_SESS_0168.pcap
NAT_ENH_EXP_INTERACTIVE_ENV_LOSSY_SESS_0168_W0001,DS1_NATIVE_IPSEC_ENHANCED,1,EXP_INTERACTIVE_ENV_LOSSY,GRP_EXP_INTERACTIVE_ENV_LOSSY_SESS_0168,SESS_0168,1,INTERACTIVE,ENV_LOSSY,2.856785,45.8557,12572.5244,0.021975,0.069129,274.18,408.99,42.0,1478.0,90.0,134.0,214.0,1411.0,0.019,EXP_INTERACTIVE_ENV_LOSSY_SESS_0168.pcap
NAT_ENH_EXP_INTERACTIVE_ENV_LOSSY_SESS_0168_W0002,DS1_NATIVE_IPSEC_ENHANCED,1,EXP_INTERACTIVE_ENV_LOSSY,GRP_EXP_INTERACTIVE_ENV_LOSSY_SESS_0168,SESS_0168,2,INTERACTIVE,ENV_LOSSY,2.602009,66.4871,18019.5376,0.015128,0.041232,271.02,403.94,42.0,1478.0,118.0,134.0,214.0,1187.6000000000126,0.0091,EXP_INTERACTIVE_ENV_LOSSY_SESS_0168.pcap
NAT_ENH_EXP_INTERACTIVE_ENV_LOSSY_SESS_0168_W0003,DS1_NATIVE_IPSEC_ENHANCED,1,EXP_INTERACTIVE_ENV_LOSSY,GRP_EXP_INTERACTIVE_ENV_LOSSY_SESS_0168,SESS_0168,3,INTERACTIVE,ENV_LOSSY,2.818041,74.165,20265.4976,0.013548,0.032891,273.25,405.77,42.0,1478.0,118.0,134.0,214.0,1411.0,0.0059,EXP_INTERACTIVE_ENV_LOSSY_SESS_0168.pcap
NAT_ENH_EXP_INTERACTIVE_ENV_LOSSY_SESS_0168_W0004,DS1_NATIVE_IPSEC_ENHANCED,1,EXP_INTERACTIVE_ENV_LOSSY,GRP_EXP_INTERACTIVE_ENV_LOSSY_SESS_0168,SESS_0168,4,INTERACTIVE,ENV_LOSSY,2.820821,78.346,21887.9554,0.012822,0.031486,279.38,410.62,66.0,1478.0,134.0,134.0,214.0,1411.0,0.0011,EXP_INTERACTIVE_ENV_LOSSY_SESS_0168.pcap
NAT_ENH_EXP_INTERACTIVE_ENV_LOSSY_SESS_0168_W0005,DS1_NATIVE_IPSEC_ENHANCED,1,EXP_INTERACTIVE_ENV_LOSSY,GRP_EXP_INTERACTIVE_ENV_LOSSY_SESS_0168,SESS_0168,5,INTERACTIVE,ENV_LOSSY,2.964454,82.9832,22762.0336,0.0121,0.030756,274.3,406.27,66.0,1478.0,118.0,134.0,214.0,1411.0,0.0021,EXP_INTERACTIVE_ENV_LOSSY_SESS_0168.pcap
NAT_ENH_EXP_INTERACTIVE_ENV_LOSSY_SESS_0168_W0006,DS1_NATIVE_IPSEC_ENHANCED,1,EXP_INTERACTIVE_ENV_LOSSY,GRP_EXP_INTERACTIVE_ENV_LOSSY_SESS_0168,SESS_0168,6,INTERACTIVE,ENV_LOSSY,2.869804,87.4624,23776.8839,0.011479,0.029154,271.85,402.58,66.0,1478.0,118.0,134.0,214.0,1411.0,0.0021,EXP_INTERACTIVE_ENV_LOSSY_SESS_0168.pcap
NAT_ENH_EXP_INTERACTIVE_ENV_LOSSY_SESS_0168_W0007,DS1_NATIVE_IPSEC_ENHANCED,1,EXP_INTERACTIVE_ENV_LOSSY,GRP_EXP_INTERACTIVE_ENV_LOSSY_SESS_0168,SESS_0168,7,INTERACTIVE,ENV_LOSSY,2.5885,90.0135,24351.5547,0.011157,0.028545,270.53,401.75,66.0,1478.0,118.0,134.0,214.0,1187.6000000000126,0.0022,EXP_INTERACTIVE_ENV_LOSSY_SESS_0168.pcap
NAT_ENH_EXP_INTERACTIVE_ENV_LOSSY_SESS_0168_W0008,DS1_NATIVE_IPSEC_ENHANCED,1,EXP_INTERACTIVE_ENV_LOSSY,GRP_EXP_INTERACTIVE_ENV_LOSSY_SESS_0168,SESS_0168,8,INTERACTIVE,ENV_LOSSY,2.030757,92.5763,25516.5937,0.01086,0.027871,275.63,407.26,66.0,1478.0,118.0,134.0,214.0,1411.0,0.0027,EXP_INTERACTIVE_ENV_LOSSY_SESS_0168.pcap
NAT_ENH_EXP_INTERACTIVE_ENV_LOSSY_SESS_0169_W0000,DS1_NATIVE_IPSEC_ENHANCED,1,EXP_INTERACTIVE_ENV_LOSSY,GRP_EXP_INTERACTIVE_ENV_LOSSY_SESS_0169,SESS_0169,0,INTERACTIVE,ENV_LOSSY,2.856241,38.8623,9594.0784,0.025966,0.083971,246.87,380.98,42.0,1478.0,86.0,134.0,134.0,294.0,0.0319,EXP_INTERACTIVE_ENV_LOSSY_SESS_0169.pcap
NAT_ENH_EXP_INTERACTIVE_ENV_LOSSY_SESS_0169_W0001,DS1_NATIVE_IPSEC_ENHANCED,1,EXP_INTERACTIVE_ENV_LOSSY,GRP_EXP_INTERACTIVE_ENV_LOSSY_SESS_0169,SESS_0169,1,INTERACTIVE,ENV_LOSSY,2.435188,63.6501,15875.9813,0.015813,0.045921,249.43,380.68,42.0,1478.0,90.0,134.0,134.0,294.0,0.0153,EXP_INTERACTIVE_ENV_LOSSY_SESS_0169.pcap
NAT_ENH_EXP_INTERACTIVE_ENV_LOSSY_SESS_0169_W0002,DS1_NATIVE_IPSEC_ENHANCED,1,EXP_INTERACTIVE_ENV_LOSSY,GRP_EXP_INTERACTIVE_ENV_LOSSY_SESS_0169,SESS_0169,2,INTERACTIVE,ENV_LOSSY,2.931615,65.4929,16705.126,0.015349,0.043896,255.07,386.64,42.0,1478.0,90.0,134.0,134.0,294.0,0.0121,EXP_INTERACTIVE_ENV_LOSSY_SESS_0169.pcap
NAT_ENH_EXP_INTERACTIVE_ENV_LOSSY_SESS_0169_W0003,DS1_NATIVE_IPSEC_ENHANCED,1,EXP_INTERACTIVE_ENV_LOSSY,GRP_EXP_INTERACTIVE_ENV_LOSSY_SESS_0169,SESS_0169,3,INTERACTIVE,ENV_LOSSY,2.829967,74.9125,20306.5971,0.013412,0.034249,271.07,403.31,42.0,1478.0,118.0,134.0,214.0,1299.3000000000063,0.003,EXP_INTERACTIVE_ENV_LOSSY_SESS_0169.pcap
NAT_ENH_EXP_INTERACTIVE_ENV_LOSSY_SESS_0170_W0000,DS1_NATIVE_IPSEC_ENHANCED,1,EXP_INTERACTIVE_ENV_LOSSY,GRP_EXP_INTERACTIVE_ENV_LOSSY_SESS_0170,SESS_0170,0,INTERACTIVE,ENV_LOSSY,2.987288,33.8099,8817.0274,0.029873,0.114376,260.78,396.58,42.0,1478.0,90.0,134.0,134.0,294.0,0.0368,EXP_INTERACTIVE_ENV_LOSSY_SESS_0170.pcap
NAT_ENH_EXP_INTERACTIVE_ENV_LOSSY_SESS_0170_W0001,DS1_NATIVE_IPSEC_ENHANCED,1,EXP_INTERACTIVE_ENV_LOSSY,GRP_EXP_INTERACTIVE_ENV_LOSSY_SESS_0170,SESS_0170,1,INTERACTIVE,ENV_LOSSY,2.449017,58.3908,15266.9415,0.017247,0.06462,261.46,393.88,42.0,1478.0,90.0,134.0,174.0,294.0,0.0159,EXP_INTERACTIVE_ENV_LOSSY_SESS_0170.pcap
NAT_ENH_EXP_INTERACTIVE_ENV_LOSSY_SESS_0170_W0002,DS1_NATIVE_IPSEC_ENHANCED,1,EXP_INTERACTIVE_ENV_LOSSY,GRP_EXP_INTERACTIVE_ENV_LOSSY_SESS_0170,SESS_0170,2,INTERACTIVE,ENV_LOSSY,2.903406,63.0294,16538.8505,0.015953,0.058762,262.4,394.53,42.0,1478.0,90.0,134.0,174.0,294.0,0.0123,EXP_INTERACTIVE_ENV_LOSSY_SESS_0170.pcap
NAT_ENH_EXP_INTERACTIVE_ENV_LOSSY_SESS_0170_W0003,DS1_NATIVE_IPSEC_ENHANCED,1,EXP_INTERACTIVE_ENV_LOSSY,GRP_EXP_INTERACTIVE_ENV_LOSSY_SESS_0170,SESS_0170,3,INTERACTIVE,ENV_LOSSY,2.983466,79.4378,22258.3387,0.012642,0.046815,280.2,412.75,42.0,1478.0,118.0,134.0,214.0,1411.0,0.0026,EXP_INTERACTIVE_ENV_LOSSY_SESS_0170.pcap
NAT_ENH_EXP_INTERACTIVE_ENV_LOSSY_SESS_0170_W0004,DS1_NATIVE_IPSEC_ENHANCED,1,EXP_INTERACTIVE_ENV_LOSSY,GRP_EXP_INTERACTIVE_ENV_LOSSY_SESS_0170,SESS_0170,4,INTERACTIVE,ENV_LOSSY,2.870322,96.1565,26820.3359,0.010438,0.027069,278.92,411.06,42.0,1478.0,134.0,134.0,214.0,1411.0,0.002,EXP_INTERACTIVE_ENV_LOSSY_SESS_0170.pcap
NAT_ENH_EXP_INTERACTIVE_ENV_LOSSY_SESS_0170_W0005,DS1_NATIVE_IPSEC_ENHANCED,1,EXP_INTERACTIVE_ENV_LOSSY,GRP_EXP_INTERACTIVE_ENV_LOSSY_SESS_0170,SESS_0170,5,INTERACTIVE,ENV_LOSSY,2.973376,97.8685,27533.0126,0.010253,0.025488,281.33,412.82,66.0,1478.0,134.0,134.0,214.0,1411.0,0.0017,EXP_INTERACTIVE_ENV_LOSSY_SESS_0170.pcap
NAT_ENH_EXP_INTERACTIVE_ENV_LOSSY_SESS_0170_W0006,DS1_NATIVE_IPSEC_ENHANCED,1,EXP_INTERACTIVE_ENV_LOSSY,GRP_EXP_INTERACTIVE_ENV_LOSSY_SESS_0170,SESS_0170,6,INTERACTIVE,ENV_LOSSY,2.857968,97.2719,27102.8218,0.010318,0.02512,278.63,409.46,66.0,1478.0,134.0,134.0,214.0,1411.0,0.0018,EXP_INTERACTIVE_ENV_LOSSY_SESS_0170.pcap
NAT_ENH_EXP_INTERACTIVE_ENV_LOSSY_SESS_0170_W0007,DS1_NATIVE_IPSEC_ENHANCED,1,EXP_INTERACTIVE_ENV_LOSSY,GRP_EXP_INTERACTIVE_ENV_LOSSY_SESS_0170,SESS_0170,7,INTERACTIVE,ENV_LOSSY,2.944298,95.0991,27374.9462,0.010553,0.026227,287.86,419.42,66.0,1478.0,134.0,134.0,214.0,1411.0,0.0017,EXP_INTERACTIVE_ENV_LOSSY_SESS_0170.pcap
NAT_ENH_EXP_INTERACTIVE_ENV_LOSSY_SESS_0170_W0008,DS1_NATIVE_IPSEC_ENHANCED,1,EXP_INTERACTIVE_ENV_LOSSY,GRP_EXP_INTERACTIVE_ENV_LOSSY_SESS_0170,SESS_0170,8,INTERACTIVE,ENV_LOSSY,2.599057,99.2668,28873.1648,0.010113,0.024939,290.86,422.42,66.0,1478.0,134.0,134.0,214.0,1411.0,0.0019,EXP_INTERACTIVE_ENV_LOSSY_SESS_0170.pcap
NAT_ENH_EXP_INTERACTIVE_ENV_LOSSY_SESS_0170_W0009,DS1_NATIVE_IPSEC_ENHANCED,1,EXP_INTERACTIVE_ENV_LOSSY,GRP_EXP_INTERACTIVE_ENV_LOSSY_SESS_0170,SESS_0170,9,INTERACTIVE,ENV_LOSSY,2.107305,94.4334,26690.491,0.010643,0.026535,282.64,413.56,66.0,1478.0,134.0,134.0,214.0,1411.0,0.0025,EXP_INTERACTIVE_ENV_LOSSY_SESS_0170.pcap
NAT_ENH_EXP_INTERACTIVE_ENV_LOSSY_SESS_0171_W0000,DS1_NATIVE_IPSEC_ENHANCED,1,EXP_INTERACTIVE_ENV_LOSSY,GRP_EXP_INTERACTIVE_ENV_LOSSY_SESS_0171,SESS_0171,0,INTERACTIVE,ENV_LOSSY,2.924929,32.4794,7743.7773,0.031116,0.100752,238.42,369.96,42.0,1478.0,86.0,134.0,134.0,294.0,0.0431,EXP_INTERACTIVE_ENV_LOSSY_SESS_0171.pcap
NAT_ENH_EXP_INTERACTIVE_ENV_LOSSY_SESS_0171_W0001,DS1_NATIVE_IPSEC_ENHANCED,1,EXP_INTERACTIVE_ENV_LOSSY,GRP_EXP_INTERACTIVE_ENV_LOSSY_SESS_0171,SESS_0171,1,INTERACTIVE,ENV_LOSSY,2.374444,50.117,13274.6866,0.020122,0.057305,264.87,399.17,42.0,1478.0,90.0,134.0,174.0,517.4000000000032,0.0189,EXP_INTERACTIVE_ENV_LOSSY_SESS_0171.pcap
NAT_ENH_EXP_INTERACTIVE_ENV_LOSSY_SESS_0171_W0002,DS1_NATIVE_IPSEC_ENHANCED,1,EXP_INTERACTIVE_ENV_LOSSY,GRP_EXP_INTERACTIVE_ENV_LOSSY_SESS_0171,SESS_0171,2,INTERACTIVE,ENV_LOSSY,2.76323,59.7127,15533.2717,0.016849,0.049833,260.13,392.21,42.0,1478.0,90.0,134.0,134.0,294.0,0.0138,EXP_INTERACTIVE_ENV_LOSSY_SESS_0171.pcap
NAT_ENH_EXP_INTERACTIVE_ENV_LOSSY_SESS_0171_W0003,DS1_NATIVE_IPSEC_ENHANCED,1,EXP_INTERACTIVE_ENV_LOSSY,GRP_EXP_INTERACTIVE_ENV_LOSSY_SESS_0171,SESS_0171,3,INTERACTIVE,ENV_LOSSY,2.959415,66.9051,17879.8853,0.015022,0.04521,267.24,398.67,42.0,1478.0,118.0,134.0,214.0,629.1000000000126,0.005,EXP_INTERACTIVE_ENV_LOSSY_SESS_0171.pcap
NAT_ENH_EXP_INTERACTIVE_ENV_LOSSY_SESS_0171_W0004,DS1_NATIVE_IPSEC_ENHANCED,1,EXP_INTERACTIVE_ENV_LOSSY,GRP_EXP_INTERACTIVE_ENV_LOSSY_SESS_0171,SESS_0171,4,INTERACTIVE,ENV_LOSSY,2.908067,82.529,23020.4463,0.012168,0.032916,278.94,410.22,66.0,1478.0,134.0,134.0,214.0,1411.0,0.2225,EXP_INTERACTIVE_ENV_LOSSY_SESS_0171.pcap
NAT_ENH_EXP_INTERACTIVE_ENV_LOSSY_SESS_0171_W0005,DS1_NATIVE_IPSEC_ENHANCED,1,EXP_INTERACTIVE_ENV_LOSSY,GRP_EXP_INTERACTIVE_ENV_LOSSY_SESS_0171,SESS_0171,5,INTERACTIVE,ENV_LOSSY,2.943897,95.4517,26383.0561,0.010514,0.027946,276.4,407.78,66.0,1478.0,134.0,134.0,214.0,1411.0,0.0009,EXP_INTERACTIVE_ENV_LOSSY_SESS_0171.pcap
NAT_ENH_EXP_INTERACTIVE_ENV_LOSSY_SESS_0172_W0000,DS1_NATIVE_IPSEC_ENHANCED,1,EXP_INTERACTIVE_ENV_LOSSY,GRP_EXP_INTERACTIVE_ENV_LOSSY_SESS_0172,SESS_0172,0,INTERACTIVE,ENV_LOSSY,2.989868,37.4598,9250.2414,0.026936,0.077727,246.94,379.17,42.0,1478.0,86.0,134.0,134.0,294.0,0.0316,EXP_INTERACTIVE_ENV_LOSSY_SESS_0172.pcap
NAT_ENH_EXP_INTERACTIVE_ENV_LOSSY_SESS_0172_W0001,DS1_NATIVE_IPSEC_ENHANCED,1,EXP_INTERACTIVE_ENV_LOSSY,GRP_EXP_INTERACTIVE_ENV_LOSSY_SESS_0172,SESS_0172,1,INTERACTIVE,ENV_LOSSY,2.506377,48.2769,12642.9505,0.020886,0.063693,261.88,396.55,42.0,1478.0,90.0,134.0,134.0,294.0,0.0216,EXP_INTERACTIVE_ENV_LOSSY_SESS_0172.pcap
NAT_ENH_EXP_INTERACTIVE_ENV_LOSSY_SESS_0172_W0002,DS1_NATIVE_IPSEC_ENHANCED,1,EXP_INTERACTIVE_ENV_LOSSY,GRP_EXP_INTERACTIVE_ENV_LOSSY_SESS_0172,SESS_0172,2,INTERACTIVE,ENV_LOSSY,2.136305,56.1718,14792.8309,0.017952,0.055296,263.35,397.87,42.0,1478.0,90.0,134.0,154.0,405.70000000000954,0.0188,EXP_INTERACTIVE_ENV_LOSSY_SESS_0172.pcap
NAT_ENH_EXP_INTERACTIVE_ENV_LOSSY_SESS_0172_W0003,DS1_NATIVE_IPSEC_ENHANCED,1,EXP_INTERACTIVE_ENV_LOSSY,GRP_EXP_INTERACTIVE_ENV_LOSSY_SESS_0172,SESS_0172,3,INTERACTIVE,ENV_LOSSY,2.77372,51.9158,13528.0428,0.019397,0.094753,260.58,392.66,42.0,1478.0,90.0,134.0,154.0,294.0,0.009,EXP_INTERACTIVE_ENV_LOSSY_SESS_0172.pcap
NAT_ENH_EXP_INTERACTIVE_ENV_LOSSY_SESS_0172_W0004,DS1_NATIVE_IPSEC_ENHANCED,1,EXP_INTERACTIVE_ENV_LOSSY,GRP_EXP_INTERACTIVE_ENV_LOSSY_SESS_0172,SESS_0172,4,INTERACTIVE,ENV_LOSSY,2.984343,58.9745,15892.6099,0.017053,0.084444,269.48,400.62,66.0,1478.0,118.0,134.0,214.0,852.5,0.0015,EXP_INTERACTIVE_ENV_LOSSY_SESS_0172.pcap
NAT_ENH_EXP_INTERACTIVE_ENV_LOSSY_SESS_0172_W0005,DS1_NATIVE_IPSEC_ENHANCED,1,EXP_INTERACTIVE_ENV_LOSSY,GRP_EXP_INTERACTIVE_ENV_LOSSY_SESS_0172,SESS_0172,5,INTERACTIVE,ENV_LOSSY,2.886283,56.8205,14918.8424,0.017707,0.086931,262.56,392.6,66.0,1478.0,118.0,134.0,154.0,294.0,0.0016,EXP_INTERACTIVE_ENV_LOSSY_SESS_0172.pcap
NAT_ENH_EXP_INTERACTIVE_ENV_LOSSY_SESS_0172_W0006,DS1_NATIVE_IPSEC_ENHANCED,1,EXP_INTERACTIVE_ENV_LOSSY,GRP_EXP_INTERACTIVE_ENV_LOSSY_SESS_0172,SESS_0172,6,INTERACTIVE,ENV_LOSSY,2.805382,51.6864,14544.1868,0.019482,0.09295,281.39,413.63,66.0,1478.0,134.0,134.0,214.0,1411.0,0.0034,EXP_INTERACTIVE_ENV_LOSSY_SESS_0172.pcap
NAT_ENH_EXP_INTERACTIVE_ENV_LOSSY_SESS_0172_W0007,DS1_NATIVE_IPSEC_ENHANCED,1,EXP_INTERACTIVE_ENV_LOSSY,GRP_EXP_INTERACTIVE_ENV_LOSSY_SESS_0172,SESS_0172,7,INTERACTIVE,ENV_LOSSY,2.272726,80.08,22490.172,0.012556,0.031455,280.85,412.86,66.0,1478.0,134.0,134.0,214.0,1411.0,0.0027,EXP_INTERACTIVE_ENV_LOSSY_SESS_0172.pcap
NAT_ENH_EXP_INTERACTIVE_ENV_LOSSY_SESS_0172_W0008,DS1_NATIVE_IPSEC_ENHANCED,1,EXP_INTERACTIVE_ENV_LOSSY,GRP_EXP_INTERACTIVE_ENV_LOSSY_SESS_0172,SESS_0172,8,INTERACTIVE,ENV_LOSSY,2.76638,77.3574,21986.8559,0.012988,0.032556,284.22,416.38,66.0,1478.0,134.0,134.0,214.0,1411.0,0.0023,EXP_INTERACTIVE_ENV_LOSSY_SESS_0172.pcap
NAT_ENH_EXP_INTERACTIVE_ENV_LOSSY_SESS_0172_W0009,DS1_NATIVE_IPSEC_ENHANCED,1,EXP_INTERACTIVE_ENV_LOSSY,GRP_EXP_INTERACTIVE_ENV_LOSSY_SESS_0172,SESS_0172,9,INTERACTIVE,ENV_LOSSY,2.896923,85.6081,24433.5105,0.011728,0.029603,285.41,417.46,66.0,1478.0,134.0,134.0,214.0,1411.0,0.002,EXP_INTERACTIVE_ENV_LOSSY_SESS_0172.pcap
NAT_ENH_EXP_INTERACTIVE_ENV_LOSSY_SESS_0172_W0010,DS1_NATIVE_IPSEC_ENHANCED,1,EXP_INTERACTIVE_ENV_LOSSY,GRP_EXP_INTERACTIVE_ENV_LOSSY_SESS_0172,SESS_0172,10,INTERACTIVE,ENV_LOSSY,2.810682,86.8117,25045.1665,0.011567,0.028884,288.5,420.15,66.0,1478.0,134.0,134.0,214.0,1411.0,0.001,EXP_INTERACTIVE_ENV_LOSSY_SESS_0172.pcap
NAT_ENH_EXP_INTERACTIVE_ENV_LOSSY_SESS_0172_W0011,DS1_NATIVE_IPSEC_ENHANCED,1,EXP_INTERACTIVE_ENV_LOSSY,GRP_EXP_INTERACTIVE_ENV_LOSSY_SESS_0172,SESS_0172,11,INTERACTIVE,ENV_LOSSY,2.410082,87.134,25068.0257,0.011531,0.029191,287.7,419.48,66.0,1478.0,134.0,134.0,214.0,1411.0,0.0012,EXP_INTERACTIVE_ENV_LOSSY_SESS_0172.pcap
NAT_ENH_EXP_INTERACTIVE_ENV_LOSSY_SESS_0172_W0012,DS1_NATIVE_IPSEC_ENHANCED,1,EXP_INTERACTIVE_ENV_LOSSY,GRP_EXP_INTERACTIVE_ENV_LOSSY_SESS_0172,SESS_0172,12,INTERACTIVE,ENV_LOSSY,2.88763,63.7201,17814.6093,0.015779,0.077537,279.58,410.76,66.0,1478.0,134.0,134.0,214.0,1411.0,0.221,EXP_INTERACTIVE_ENV_LOSSY_SESS_0172.pcap
NAT_ENH_EXP_INTERACTIVE_ENV_LOSSY_SESS_0173_W0000,DS1_NATIVE_IPSEC_ENHANCED,1,EXP_INTERACTIVE_ENV_LOSSY,GRP_EXP_INTERACTIVE_ENV_LOSSY_SESS_0173,SESS_0173,0,INTERACTIVE,ENV_LOSSY,2.987411,56.5707,14417.1658,0.017782,0.057412,254.85,388.8,42.0,1478.0,90.0,134.0,134.0,294.0,0.0222,EXP_INTERACTIVE_ENV_LOSSY_SESS_0173.pcap
NAT_ENH_EXP_INTERACTIVE_ENV_LOSSY_SESS_0173_W0001,DS1_NATIVE_IPSEC_ENHANCED,1,EXP_INTERACTIVE_ENV_LOSSY,GRP_EXP_INTERACTIVE_ENV_LOSSY_SESS_0173,SESS_0173,1,INTERACTIVE,ENV_LOSSY,2.982691,66.0477,17590.8262,0.015218,0.051835,266.34,400.12,42.0,1478.0,90.0,134.0,214.0,740.8000000000063,0.013,EXP_INTERACTIVE_ENV_LOSSY_SESS_0173.pcap
NAT_ENH_EXP_INTERACTIVE_ENV_LOSSY_SESS_0173_W0002,DS1_NATIVE_IPSEC_ENHANCED,1,EXP_INTERACTIVE_ENV_LOSSY,GRP_EXP_INTERACTIVE_ENV_LOSSY_SESS_0173,SESS_0173,2,INTERACTIVE,ENV_LOSSY,2.95819,80.4546,21392.8114,0.012482,0.036774,265.9,398.73,42.0,1478.0,118.0,134.0,194.0,629.1000000000126,0.0093,EXP_INTERACTIVE_ENV_LOSSY_SESS_0173.pcap
NAT_ENH_EXP_INTERACTIVE_ENV_LOSSY_SESS_0173_W0003,DS1_NATIVE_IPSEC_ENHANCED,1,EXP_INTERACTIVE_ENV_LOSSY,GRP_EXP_INTERACTIVE_ENV_LOSSY_SESS_0173,SESS_0173,3,INTERACTIVE,ENV_LOSSY,2.975828,95.7717,26202.1198,0.010478,0.026477,273.59,405.61,42.0,1478.0,118.0,134.0,214.0,1411.0,0.0034,EXP_INTERACTIVE_ENV_LOSSY_SESS_0173.pcap
NAT_ENH_EXP_INTERACTIVE_ENV_LOSSY_SESS_0173_W0004,DS1_NATIVE_IPSEC_ENHANCED,1,EXP_INTERACTIVE_ENV_LOSSY,GRP_EXP_INTERACTIVE_ENV_LOSSY_SESS_0173,SESS_0173,4,INTERACTIVE,ENV_LOSSY,2.90225,96.8214,26818.1578,0.010365,0.026991,276.99,407.57,66.0,1478.0,118.0,134.0,214.0,1411.0,0.2316,EXP_INTERACTIVE_ENV_LOSSY_SESS_0173.pcap
NAT_ENH_EXP_INTERACTIVE_ENV_LOSSY_SESS_0173_W0005,DS1_NATIVE_IPSEC_ENHANCED,1,EXP_INTERACTIVE_ENV_LOSSY,GRP_EXP_INTERACTIVE_ENV_LOSSY_SESS_0173,SESS_0173,5,INTERACTIVE,ENV_LOSSY,2.958171,92.9629,26065.0932,0.010796,0.027866,280.38,411.27,66.0,1478.0,134.0,134.0,214.0,1411.0,0.0009,EXP_INTERACTIVE_ENV_LOSSY_SESS_0173.pcap
NAT_ENH_EXP_INTERACTIVE_ENV_LOSSY_SESS_0173_W0006,DS1_NATIVE_IPSEC_ENHANCED,1,EXP_INTERACTIVE_ENV_LOSSY,GRP_EXP_INTERACTIVE_ENV_LOSSY_SESS_0173,SESS_0173,6,INTERACTIVE,ENV_LOSSY,2.966268,87.6522,24412.4936,0.011453,0.030141,278.52,409.01,66.0,1478.0,134.0,134.0,214.0,1411.0,0.0019,EXP_INTERACTIVE_ENV_LOSSY_SESS_0173.pcap
NAT_ENH_EXP_INTERACTIVE_ENV_LOSSY_SESS_0173_W0007,DS1_NATIVE_IPSEC_ENHANCED,1,EXP_INTERACTIVE_ENV_LOSSY,GRP_EXP_INTERACTIVE_ENV_LOSSY_SESS_0173,SESS_0173,7,INTERACTIVE,ENV_LOSSY,2.879074,95.5168,26770.067,0.010508,0.026672,280.27,411.33,66.0,1478.0,134.0,134.0,214.0,1411.0,0.0018,EXP_INTERACTIVE_ENV_LOSSY_SESS_0173.pcap
NAT_ENH_EXP_INTERACTIVE_ENV_LOSSY_SESS_0174_W0000,DS1_NATIVE_IPSEC_ENHANCED,1,EXP_INTERACTIVE_ENV_LOSSY,GRP_EXP_INTERACTIVE_ENV_LOSSY_SESS_0174,SESS_0174,0,INTERACTIVE,ENV_LOSSY,2.985308,51.586,12893.4773,0.019512,0.070825,249.94,381.88,42.0,1478.0,90.0,134.0,134.0,294.0,0.0226,EXP_INTERACTIVE_ENV_LOSSY_SESS_0174.pcap
NAT_ENH_EXP_INTERACTIVE_ENV_LOSSY_SESS_0174_W0001,DS1_NATIVE_IPSEC_ENHANCED,1,EXP_INTERACTIVE_ENV_LOSSY,GRP_EXP_INTERACTIVE_ENV_LOSSY_SESS_0174,SESS_0174,1,INTERACTIVE,ENV_LOSSY,2.88365,63.4612,16666.0305,0.015844,0.061588,262.62,394.45,42.0,1478.0,104.0,134.0,174.0,294.0,0.0089,EXP_INTERACTIVE_ENV_LOSSY_SESS_0174.pcap
NAT_ENH_EXP_INTERACTIVE_ENV_LOSSY_SESS_0174_W0002,DS1_NATIVE_IPSEC_ENHANCED,1,EXP_INTERACTIVE_ENV_LOSSY,GRP_EXP_INTERACTIVE_ENV_LOSSY_SESS_0174,SESS_0174,2,INTERACTIVE,ENV_LOSSY,2.952219,83.3272,22825.2036,0.01205,0.04416,273.92,406.45,42.0,1478.0,118.0,134.0,214.0,1411.0,0.005,EXP_INTERACTIVE_ENV_LOSSY_SESS_0174.pcap
NAT_ENH_EXP_INTERACTIVE_ENV_LOSSY_SESS_0175_W0000,DS1_NATIVE_IPSEC_ENHANCED,1,EXP_INTERACTIVE_ENV_LOSSY,GRP_EXP_INTERACTIVE_ENV_LOSSY_SESS_0175,SESS_0175,0,INTERACTIVE,ENV_LOSSY,2.976007,29.9058,7407.9127,0.033818,0.100428,247.71,380.36,42.0,1478.0,90.0,134.0,134.0,294.0,0.0401,EXP_INTERACTIVE_ENV_LOSSY_SESS_0175.pcap
NAT_ENH_EXP_INTERACTIVE_ENV_LOSSY_SESS_0175_W0001,DS1_NATIVE_IPSEC_ENHANCED,1,EXP_INTERACTIVE_ENV_LOSSY,GRP_EXP_INTERACTIVE_ENV_LOSSY_SESS_0175,SESS_0175,1,INTERACTIVE,ENV_LOSSY,2.700576,47.3973,12075.2014,0.021264,0.072396,254.77,386.81,42.0,1478.0,90.0,134.0,134.0,294.0,0.0182,EXP_INTERACTIVE_ENV_LOSSY_SESS_0175.pcap
NAT_ENH_EXP_INTERACTIVE_ENV_LOSSY_SESS_0175_W0002,DS1_NATIVE_IPSEC_ENHANCED,1,EXP_INTERACTIVE_ENV_LOSSY,GRP_EXP_INTERACTIVE_ENV_LOSSY_SESS_0175,SESS_0175,2,INTERACTIVE,ENV_LOSSY,2.849085,59.6683,16345.2472,0.016858,0.060991,273.94,406.87,42.0,1478.0,118.0,134.0,214.0,1411.0,0.0092,EXP_INTERACTIVE_ENV_LOSSY_SESS_0175.pcap
NAT_ENH_EXP_INTERACTIVE_ENV_LOSSY_SESS_0175_W0003,DS1_NATIVE_IPSEC_ENHANCED,1,EXP_INTERACTIVE_ENV_LOSSY,GRP_EXP_INTERACTIVE_ENV_LOSSY_SESS_0175,SESS_0175,3,INTERACTIVE,ENV_LOSSY,2.696597,85.6635,23253.754,0.011724,0.035313,271.45,403.43,42.0,1478.0,118.0,134.0,214.0,1411.0,0.0028,EXP_INTERACTIVE_ENV_LOSSY_SESS_0175.pcap
NAT_ENH_EXP_INTERACTIVE_ENV_LOSSY_SESS_0175_W0004,DS1_NATIVE_IPSEC_ENHANCED,1,EXP_INTERACTIVE_ENV_LOSSY,GRP_EXP_INTERACTIVE_ENV_LOSSY_SESS_0175,SESS_0175,4,INTERACTIVE,ENV_LOSSY,2.832003,94.9858,25800.8212,0.010567,0.027045,271.63,403.79,42.0,1478.0,118.0,134.0,214.0,1411.0,0.0031,EXP_INTERACTIVE_ENV_LOSSY_SESS_0175.pcap
NAT_ENH_EXP_INTERACTIVE_ENV_LOSSY_SESS_0175_W0005,DS1_NATIVE_IPSEC_ENHANCED,1,EXP_INTERACTIVE_ENV_LOSSY,GRP_EXP_INTERACTIVE_ENV_LOSSY_SESS_0175,SESS_0175,5,INTERACTIVE,ENV_LOSSY,2.91332,100.5725,28140.4051,0.009977,0.025229,279.8,411.76,66.0,1478.0,118.0,134.0,214.0,1411.0,0.0017,EXP_INTERACTIVE_ENV_LOSSY_SESS_0175.pcap
NAT_ENH_EXP_INTERACTIVE_ENV_LOSSY_SESS_0175_W0006,DS1_NATIVE_IPSEC_ENHANCED,1,EXP_INTERACTIVE_ENV_LOSSY,GRP_EXP_INTERACTIVE_ENV_LOSSY_SESS_0175,SESS_0175,6,INTERACTIVE,ENV_LOSSY,2.945085,93.7155,26128.6172,0.010709,0.027761,278.81,411.02,66.0,1478.0,118.0,134.0,214.0,1411.0,0.0018,EXP_INTERACTIVE_ENV_LOSSY_SESS_0175.pcap
NAT_ENH_EXP_INTERACTIVE_ENV_LOSSY_SESS_0175_W0007,DS1_NATIVE_IPSEC_ENHANCED,1,EXP_INTERACTIVE_ENV_LOSSY,GRP_EXP_INTERACTIVE_ENV_LOSSY_SESS_0175,SESS_0175,7,INTERACTIVE,ENV_LOSSY,2.812966,99.5391,27577.6542,0.010082,0.02634,277.05,408.35,66.0,1478.0,118.0,134.0,214.0,1411.0,0.0018,EXP_INTERACTIVE_ENV_LOSSY_SESS_0175.pcap
NAT_ENH_EXP_INTERACTIVE_ENV_LOSSY_SESS_0175_W0008,DS1_NATIVE_IPSEC_ENHANCED,1,EXP_INTERACTIVE_ENV_LOSSY,GRP_EXP_INTERACTIVE_ENV_LOSSY_SESS_0175,SESS_0175,8,INTERACTIVE,ENV_LOSSY,2.916137,99.4466,26965.4685,0.01009,0.025989,271.16,402.5,66.0,1478.0,118.0,134.0,214.0,1411.0,0.0018,EXP_INTERACTIVE_ENV_LOSSY_SESS_0175.pcap
NAT_ENH_EXP_INTERACTIVE_ENV_LOSSY_SESS_0176_W0000,DS1_NATIVE_IPSEC_ENHANCED,1,EXP_INTERACTIVE_ENV_LOSSY,GRP_EXP_INTERACTIVE_ENV_LOSSY_SESS_0176,SESS_0176,0,INTERACTIVE,ENV_LOSSY,2.935477,38.8353,9500.6705,0.025978,0.089408,244.64,376.24,42.0,1478.0,87.0,134.0,134.0,294.0,0.028,EXP_INTERACTIVE_ENV_LOSSY_SESS_0176.pcap
NAT_ENH_EXP_INTERACTIVE_ENV_LOSSY_SESS_0176_W0001,DS1_NATIVE_IPSEC_ENHANCED,1,EXP_INTERACTIVE_ENV_LOSSY,GRP_EXP_INTERACTIVE_ENV_LOSSY_SESS_0176,SESS_0176,1,INTERACTIVE,ENV_LOSSY,2.455826,62.3008,16914.0645,0.016157,0.055895,271.49,404.95,42.0,1478.0,118.0,134.0,214.0,1187.6000000000126,0.0103,EXP_INTERACTIVE_ENV_LOSSY_SESS_0176.pcap
NAT_ENH_EXP_INTERACTIVE_ENV_LOSSY_SESS_0176_W0002,DS1_NATIVE_IPSEC_ENHANCED,1,EXP_INTERACTIVE_ENV_LOSSY,GRP_EXP_INTERACTIVE_ENV_LOSSY_SESS_0176,SESS_0176,2,INTERACTIVE,ENV_LOSSY,2.958422,64.5614,17553.9531,0.015571,0.052372,271.9,405.09,42.0,1478.0,118.0,134.0,214.0,1411.0,0.0082,EXP_INTERACTIVE_ENV_LOSSY_SESS_0176.pcap
NAT_ENH_EXP_INTERACTIVE_ENV_LOSSY_SESS_0176_W0003,DS1_NATIVE_IPSEC_ENHANCED,1,EXP_INTERACTIVE_ENV_LOSSY,GRP_EXP_INTERACTIVE_ENV_LOSSY_SESS_0176,SESS_0176,3,INTERACTIVE,ENV_LOSSY,2.631054,89.6979,24048.1556,0.011196,0.027901,268.1,399.87,42.0,1478.0,118.0,134.0,214.0,852.5,0.0039,EXP_INTERACTIVE_ENV_LOSSY_SESS_0176.pcap
NAT_ENH_EXP_INTERACTIVE_ENV_LOSSY_SESS_0176_W0004,DS1_NATIVE_IPSEC_ENHANCED,1,EXP_INTERACTIVE_ENV_LOSSY,GRP_EXP_INTERACTIVE_ENV_LOSSY_SESS_0176,SESS_0176,4,INTERACTIVE,ENV_LOSSY,2.971914,82.7749,22761.4272,0.01213,0.029932,274.98,406.04,66.0,1478.0,122.0,134.0,214.0,1411.0,0.001,EXP_INTERACTIVE_ENV_LOSSY_SESS_0176.pcap
NAT_ENH_EXP_INTERACTIVE_ENV_LOSSY_SESS_0176_W0005,DS1_NATIVE_IPSEC_ENHANCED,1,EXP_INTERACTIVE_ENV_LOSSY,GRP_EXP_INTERACTIVE_ENV_LOSSY_SESS_0176,SESS_0176,5,INTERACTIVE,ENV_LOSSY,2.866779,84.4153,23385.4782,0.011895,0.029641,277.03,409.04,66.0,1478.0,122.0,134.0,214.0,1411.0,0.0021,EXP_INTERACTIVE_ENV_LOSSY_SESS_0176.pcap
NAT_ENH_EXP_INTERACTIVE_ENV_LOSSY_SESS_0176_W0006,DS1_NATIVE_IPSEC_ENHANCED,1,EXP_INTERACTIVE_ENV_LOSSY,GRP_EXP_INTERACTIVE_ENV_LOSSY_SESS_0176,SESS_0176,6,INTERACTIVE,ENV_LOSSY,2.924207,82.0735,22857.8212,0.012235,0.030626,278.5,410.41,66.0,1478.0,130.0,134.0,214.0,1411.0,0.0021,EXP_INTERACTIVE_ENV_LOSSY_SESS_0176.pcap
NAT_ENH_EXP_INTERACTIVE_ENV_LOSSY_SESS_0176_W0007,DS1_NATIVE_IPSEC_ENHANCED,1,EXP_INTERACTIVE_ENV_LOSSY,GRP_EXP_INTERACTIVE_ENV_LOSSY_SESS_0176,SESS_0176,7,INTERACTIVE,ENV_LOSSY,2.909137,85.2486,23269.1,0.011778,0.029918,272.96,404.91,66.0,1478.0,118.0,134.0,214.0,1411.0,0.0021,EXP_INTERACTIVE_ENV_LOSSY_SESS_0176.pcap
NAT_ENH_EXP_INTERACTIVE_ENV_LOSSY_SESS_0176_W0008,DS1_NATIVE_IPSEC_ENHANCED,1,EXP_INTERACTIVE_ENV_LOSSY,GRP_EXP_INTERACTIVE_ENV_LOSSY_SESS_0176,SESS_0176,8,INTERACTIVE,ENV_LOSSY,2.947429,87.5339,23376.645,0.011469,0.029041,267.06,398.16,66.0,1478.0,118.0,134.0,214.0,629.1000000000126,0.002,EXP_INTERACTIVE_ENV_LOSSY_SESS_0176.pcap
NAT_ENH_EXP_INTERACTIVE_ENV_LOSSY_SESS_0176_W0009,DS1_NATIVE_IPSEC_ENHANCED,1,EXP_INTERACTIVE_ENV_LOSSY,GRP_EXP_INTERACTIVE_ENV_LOSSY_SESS_0176,SESS_0176,9,INTERACTIVE,ENV_LOSSY,2.792723,84.8634,23781.4497,0.011834,0.030768,280.23,412.66,66.0,1478.0,134.0,134.0,214.0,1411.0,0.0011,EXP_INTERACTIVE_ENV_LOSSY_SESS_0176.pcap
NAT_ENH_EXP_INTERACTIVE_ENV_LOSSY_SESS_0176_W0010,DS1_NATIVE_IPSEC_ENHANCED,1,EXP_INTERACTIVE_ENV_LOSSY,GRP_EXP_INTERACTIVE_ENV_LOSSY_SESS_0176,SESS_0176,10,INTERACTIVE,ENV_LOSSY,2.891721,86.4537,23506.0712,0.011613,0.030922,271.89,403.47,66.0,1478.0,122.0,134.0,214.0,1411.0,0.001,EXP_INTERACTIVE_ENV_LOSSY_SESS_0176.pcap
NAT_ENH_EXP_INTERACTIVE_ENV_LOSSY_SESS_0177_W0000,DS1_NATIVE_IPSEC_ENHANCED,1,EXP_INTERACTIVE_ENV_LOSSY,GRP_EXP_INTERACTIVE_ENV_LOSSY_SESS_0177,SESS_0177,0,INTERACTIVE,ENV_LOSSY,2.904196,5.8536,568.1435,0.181512,0.258743,97.06,40.97,42.0,214.0,70.0,90.0,134.0,134.0,0.8539,EXP_INTERACTIVE_ENV_LOSSY_SESS_0177.pcap
NAT_ENH_EXP_INTERACTIVE_ENV_LOSSY_SESS_0177_W0001,DS1_NATIVE_IPSEC_ENHANCED,1,EXP_INTERACTIVE_ENV_LOSSY,GRP_EXP_INTERACTIVE_ENV_LOSSY_SESS_0177,SESS_0177,1,INTERACTIVE,ENV_LOSSY,2.901928,16.5407,3878.1111,0.061743,0.168741,234.46,369.14,42.0,1478.0,74.0,134.0,134.0,294.0,0.0547,EXP_INTERACTIVE_ENV_LOSSY_SESS_0177.pcap
NAT_ENH_EXP_INTERACTIVE_ENV_LOSSY_SESS_0177_W0002,DS1_NATIVE_IPSEC_ENHANCED,1,EXP_INTERACTIVE_ENV_LOSSY,GRP_EXP_INTERACTIVE_ENV_LOSSY_SESS_0177,SESS_0177,2,INTERACTIVE,ENV_LOSSY,2.928477,26.635,7106.7656,0.038032,0.12776,266.82,402.36,42.0,1478.0,90.0,134.0,194.0,629.0999999999968,0.0208,EXP_INTERACTIVE_ENV_LOSSY_SESS_0177.pcap
NAT_ENH_EXP_INTERACTIVE_ENV_LOSSY_SESS_0177_W0003,DS1_NATIVE_IPSEC_ENHANCED,1,EXP_INTERACTIVE_ENV_LOSSY,GRP_EXP_INTERACTIVE_ENV_LOSSY_SESS_0177,SESS_0177,3,INTERACTIVE,ENV_LOSSY,2.88979,26.2995,7139.619,0.038531,0.132954,271.47,406.59,42.0,1478.0,86.0,134.0,214.0,852.5,0.012,EXP_INTERACTIVE_ENV_LOSSY_SESS_0177.pcap
NAT_ENH_EXP_INTERACTIVE_ENV_LOSSY_SESS_0177_W0004,DS1_NATIVE_IPSEC_ENHANCED,1,EXP_INTERACTIVE_ENV_LOSSY,GRP_EXP_INTERACTIVE_ENV_LOSSY_SESS_0177,SESS_0177,4,INTERACTIVE,ENV_LOSSY,2.334807,32.5509,8908.6596,0.031131,0.094818,273.68,405.58,66.0,1478.0,134.0,134.0,214.0,852.5,0.0034,EXP_INTERACTIVE_ENV_LOSSY_SESS_0177.pcap
NAT_ENH_EXP_INTERACTIVE_ENV_LOSSY_SESS_0177_W0005,DS1_NATIVE_IPSEC_ENHANCED,1,EXP_INTERACTIVE_ENV_LOSSY,GRP_EXP_INTERACTIVE_ENV_LOSSY_SESS_0177,SESS_0177,5,INTERACTIVE,ENV_LOSSY,2.843576,40.0904,10965.77,0.025164,0.080104,273.53,405.64,66.0,1478.0,134.0,134.0,214.0,1075.9000000000033,0.0045,EXP_INTERACTIVE_ENV_LOSSY_SESS_0177.pcap
NAT_ENH_EXP_INTERACTIVE_ENV_LOSSY_SESS_0177_W0006,DS1_NATIVE_IPSEC_ENHANCED,1,EXP_INTERACTIVE_ENV_LOSSY,GRP_EXP_INTERACTIVE_ENV_LOSSY_SESS_0177,SESS_0177,6,INTERACTIVE,ENV_LOSSY,2.901716,53.072,15453.2698,0.018965,0.067648,291.18,423.56,66.0,1478.0,134.0,134.0,214.0,1411.0,0.0031,EXP_INTERACTIVE_ENV_LOSSY_SESS_0177.pcap
NAT_ENH_EXP_INTERACTIVE_ENV_LOSSY_SESS_0177_W0007,DS1_NATIVE_IPSEC_ENHANCED,1,EXP_INTERACTIVE_ENV_LOSSY,GRP_EXP_INTERACTIVE_ENV_LOSSY_SESS_0177,SESS_0177,7,INTERACTIVE,ENV_LOSSY,2.768474,53.0978,14869.5643,0.018962,0.067827,280.04,410.98,66.0,1478.0,134.0,134.0,214.0,1411.0,0.0034,EXP_INTERACTIVE_ENV_LOSSY_SESS_0177.pcap
NAT_ENH_EXP_INTERACTIVE_ENV_LOSSY_SESS_0177_W0008,DS1_NATIVE_IPSEC_ENHANCED,1,EXP_INTERACTIVE_ENV_LOSSY,GRP_EXP_INTERACTIVE_ENV_LOSSY_SESS_0177,SESS_0177,8,INTERACTIVE,ENV_LOSSY,2.595743,63.9509,17834.2005,0.015732,0.055557,278.87,410.47,66.0,1478.0,134.0,134.0,214.0,1411.0,0.003,EXP_INTERACTIVE_ENV_LOSSY_SESS_0177.pcap
NAT_ENH_EXP_INTERACTIVE_ENV_LOSSY_SESS_0178_W0000,DS1_NATIVE_IPSEC_ENHANCED,1,EXP_INTERACTIVE_ENV_LOSSY,GRP_EXP_INTERACTIVE_ENV_LOSSY_SESS_0178,SESS_0178,0,INTERACTIVE,ENV_LOSSY,2.901475,30.6741,7607.8547,0.032971,0.12429,248.02,380.24,42.0,1478.0,90.0,134.0,134.0,294.0,0.0357,EXP_INTERACTIVE_ENV_LOSSY_SESS_0178.pcap
NAT_ENH_EXP_INTERACTIVE_ENV_LOSSY_SESS_0178_W0001,DS1_NATIVE_IPSEC_ENHANCED,1,EXP_INTERACTIVE_ENV_LOSSY,GRP_EXP_INTERACTIVE_ENV_LOSSY_SESS_0178,SESS_0178,1,INTERACTIVE,ENV_LOSSY,2.761437,44.9042,11664.2171,0.022451,0.097197,259.76,391.94,42.0,1478.0,90.0,134.0,154.0,294.0,0.0185,EXP_INTERACTIVE_ENV_LOSSY_SESS_0178.pcap
NAT_ENH_EXP_INTERACTIVE_ENV_LOSSY_SESS_0178_W0002,DS1_NATIVE_IPSEC_ENHANCED,1,EXP_INTERACTIVE_ENV_LOSSY,GRP_EXP_INTERACTIVE_ENV_LOSSY_SESS_0178,SESS_0178,2,INTERACTIVE,ENV_LOSSY,2.945047,56.7054,15714.181,0.017741,0.081707,277.12,409.79,42.0,1478.0,118.0,134.0,214.0,1411.0,0.0073,EXP_INTERACTIVE_ENV_LOSSY_SESS_0178.pcap
NAT_ENH_EXP_INTERACTIVE_ENV_LOSSY_SESS_0178_W0003,DS1_NATIVE_IPSEC_ENHANCED,1,EXP_INTERACTIVE_ENV_LOSSY,GRP_EXP_INTERACTIVE_ENV_LOSSY_SESS_0178,SESS_0178,3,INTERACTIVE,ENV_LOSSY,2.412734,96.5709,26125.5485,0.0104,0.027138,270.53,401.85,42.0,1478.0,118.0,134.0,214.0,1187.6000000000126,0.0024,EXP_INTERACTIVE_ENV_LOSSY_SESS_0178.pcap
NAT_ENH_EXP_INTERACTIVE_ENV_LOSSY_SESS_0178_W0004,DS1_NATIVE_IPSEC_ENHANCED,1,EXP_INTERACTIVE_ENV_LOSSY,GRP_EXP_INTERACTIVE_ENV_LOSSY_SESS_0178,SESS_0178,4,INTERACTIVE,ENV_LOSSY,2.878179,90.3349,25063.7657,0.011113,0.029517,277.45,409.44,42.0,1478.0,130.0,134.0,214.0,1411.0,0.0021,EXP_INTERACTIVE_ENV_LOSSY_SESS_0178.pcap
NAT_ENH_EXP_INTERACTIVE_ENV_LOSSY_SESS_0178_W0005,DS1_NATIVE_IPSEC_ENHANCED,1,EXP_INTERACTIVE_ENV_LOSSY,GRP_EXP_INTERACTIVE_ENV_LOSSY_SESS_0178,SESS_0178,5,INTERACTIVE,ENV_LOSSY,2.934411,96.1011,26492.1985,0.010443,0.027373,275.67,407.24,66.0,1478.0,122.0,134.0,214.0,1411.0,0.0018,EXP_INTERACTIVE_ENV_LOSSY_SESS_0178.pcap
NAT_ENH_EXP_INTERACTIVE_ENV_LOSSY_SESS_0178_W0006,DS1_NATIVE_IPSEC_ENHANCED,1,EXP_INTERACTIVE_ENV_LOSSY,GRP_EXP_INTERACTIVE_ENV_LOSSY_SESS_0178,SESS_0178,6,INTERACTIVE,ENV_LOSSY,2.925587,94.6819,26336.2538,0.0106,0.028337,278.16,410.44,66.0,1478.0,118.0,134.0,214.0,1411.0,0.0018,EXP_INTERACTIVE_ENV_LOSSY_SESS_0178.pcap
NAT_ENH_EXP_INTERACTIVE_ENV_LOSSY_SESS_0178_W0007,DS1_NATIVE_IPSEC_ENHANCED,1,EXP_INTERACTIVE_ENV_LOSSY,GRP_EXP_INTERACTIVE_ENV_LOSSY_SESS_0178,SESS_0178,7,INTERACTIVE,ENV_LOSSY,2.904008,96.7628,26728.9217,0.010371,0.026515,276.23,407.86,66.0,1478.0,134.0,134.0,214.0,1411.0,0.0018,EXP_INTERACTIVE_ENV_LOSSY_SESS_0178.pcap
NAT_ENH_EXP_INTERACTIVE_ENV_LOSSY_SESS_0178_W0008,DS1_NATIVE_IPSEC_ENHANCED,1,EXP_INTERACTIVE_ENV_LOSSY,GRP_EXP_INTERACTIVE_ENV_LOSSY_SESS_0178,SESS_0178,8,INTERACTIVE,ENV_LOSSY,2.779984,98.202,26522.4548,0.010221,0.025992,270.08,401.0,66.0,1478.0,118.0,134.0,214.0,1187.6000000000126,0.0019,EXP_INTERACTIVE_ENV_LOSSY_SESS_0178.pcap
NAT_ENH_EXP_INTERACTIVE_ENV_LOSSY_SESS_0178_W0009,DS1_NATIVE_IPSEC_ENHANCED,1,EXP_INTERACTIVE_ENV_LOSSY,GRP_EXP_INTERACTIVE_ENV_LOSSY_SESS_0178,SESS_0178,9,INTERACTIVE,ENV_LOSSY,2.955535,86.6171,24261.5978,0.01159,0.029163,280.1,411.98,66.0,1478.0,134.0,134.0,214.0,1411.0,0.001,EXP_INTERACTIVE_ENV_LOSSY_SESS_0178.pcap
NAT_ENH_EXP_INTERACTIVE_ENV_LOSSY_SESS_0178_W0010,DS1_NATIVE_IPSEC_ENHANCED,1,EXP_INTERACTIVE_ENV_LOSSY,GRP_EXP_INTERACTIVE_ENV_LOSSY_SESS_0178,SESS_0178,10,INTERACTIVE,ENV_LOSSY,2.613474,93.7449,25818.1243,0.010711,0.026082,275.41,406.77,66.0,1478.0,118.0,134.0,214.0,1411.0,0.001,EXP_INTERACTIVE_ENV_LOSSY_SESS_0178.pcap
NAT_ENH_EXP_INTERACTIVE_ENV_LOSSY_SESS_0178_W0011,DS1_NATIVE_IPSEC_ENHANCED,1,EXP_INTERACTIVE_ENV_LOSSY,GRP_EXP_INTERACTIVE_ENV_LOSSY_SESS_0178,SESS_0178,11,INTERACTIVE,ENV_LOSSY,2.012764,91.4166,25575.7727,0.010999,0.026129,279.77,410.66,66.0,1478.0,134.0,134.0,214.0,1411.0,0.2277,EXP_INTERACTIVE_ENV_LOSSY_SESS_0178.pcap
NAT_ENH_EXP_INTERACTIVE_ENV_LOSSY_SESS_0179_W0000,DS1_NATIVE_IPSEC_ENHANCED,1,EXP_INTERACTIVE_ENV_LOSSY,GRP_EXP_INTERACTIVE_ENV_LOSSY_SESS_0179,SESS_0179,0,INTERACTIVE,ENV_LOSSY,2.968158,27.9635,7167.4082,0.036197,0.097509,256.31,392.25,42.0,1478.0,90.0,134.0,134.0,294.0,0.0416,EXP_INTERACTIVE_ENV_LOSSY_SESS_0179.pcap
NAT_ENH_EXP_INTERACTIVE_ENV_LOSSY_SESS_0179_W0001,DS1_NATIVE_IPSEC_ENHANCED,1,EXP_INTERACTIVE_ENV_LOSSY,GRP_EXP_INTERACTIVE_ENV_LOSSY_SESS_0179,SESS_0179,1,INTERACTIVE,ENV_LOSSY,2.700206,44.4411,11725.7729,0.022691,0.07037,263.85,397.65,42.0,1478.0,90.0,134.0,154.0,405.70000000000954,0.0188,EXP_INTERACTIVE_ENV_LOSSY_SESS_0179.pcap
NAT_ENH_EXP_INTERACTIVE_ENV_LOSSY_SESS_0179_W0002,DS1_NATIVE_IPSEC_ENHANCED,1,EXP_INTERACTIVE_ENV_LOSSY,GRP_EXP_INTERACTIVE_ENV_LOSSY_SESS_0179,SESS_0179,2,INTERACTIVE,ENV_LOSSY,2.775857,56.5591,15170.09,0.017794,0.05646,268.22,400.35,42.0,1478.0,118.0,134.0,214.0,740.8000000000063,0.0102,EXP_INTERACTIVE_ENV_LOSSY_SESS_0179.pcap
NAT_ENH_EXP_INTERACTIVE_ENV_LOSSY_SESS_0179_W0003,DS1_NATIVE_IPSEC_ENHANCED,1,EXP_INTERACTIVE_ENV_LOSSY,GRP_EXP_INTERACTIVE_ENV_LOSSY_SESS_0179,SESS_0179,3,INTERACTIVE,ENV_LOSSY,2.701927,71.0604,19342.4919,0.014146,0.038031,272.2,403.81,42.0,1478.0,118.0,134.0,214.0,1299.3000000000063,0.0051,EXP_INTERACTIVE_ENV_LOSSY_SESS_0179.pcap
NAT_ENH_EXP_INTERACTIVE_ENV_LOSSY_SESS_0179_W0004,DS1_NATIVE_IPSEC_ENHANCED,1,EXP_INTERACTIVE_ENV_LOSSY,GRP_EXP_INTERACTIVE_ENV_LOSSY_SESS_0179,SESS_0179,4,INTERACTIVE,ENV_LOSSY,2.970831,80.1123,22438.5035,0.012535,0.032161,280.09,411.75,66.0,1478.0,134.0,134.0,214.0,1411.0,0.0024,EXP_INTERACTIVE_ENV_LOSSY_SESS_0179.pcap
NAT_ENH_EXP_INTERACTIVE_ENV_LOSSY_SESS_0179_W0005,DS1_NATIVE_IPSEC_ENHANCED,1,EXP_INTERACTIVE_ENV_LOSSY,GRP_EXP_INTERACTIVE_ENV_LOSSY_SESS_0179,SESS_0179,5,INTERACTIVE,ENV_LOSSY,2.995021,82.8041,22617.8725,0.012126,0.031277,273.15,404.83,66.0,1478.0,118.0,134.0,214.0,1411.0,0.001,EXP_INTERACTIVE_ENV_LOSSY_SESS_0179.pcap
NAT_ENH_EXP_INTERACTIVE_ENV_LOSSY_SESS_0179_W0006,DS1_NATIVE_IPSEC_ENHANCED,1,EXP_INTERACTIVE_ENV_LOSSY,GRP_EXP_INTERACTIVE_ENV_LOSSY_SESS_0179,SESS_0179,6,INTERACTIVE,ENV_LOSSY,2.973213,88.4565,24377.6685,0.011348,0.03018,275.59,407.47,66.0,1478.0,126.0,134.0,214.0,1411.0,0.0019,EXP_INTERACTIVE_ENV_LOSSY_SESS_0179.pcap
NAT_ENH_EXP_INTERACTIVE_ENV_LOSSY_SESS_0179_W0007,DS1_NATIVE_IPSEC_ENHANCED,1,EXP_INTERACTIVE_ENV_LOSSY,GRP_EXP_INTERACTIVE_ENV_LOSSY_SESS_0179,SESS_0179,7,INTERACTIVE,ENV_LOSSY,2.983375,91.5071,25684.0003,0.010968,0.02858,280.68,412.94,66.0,1478.0,134.0,134.0,214.0,1411.0,0.0018,EXP_INTERACTIVE_ENV_LOSSY_SESS_0179.pcap
NAT_ENH_EXP_INTERACTIVE_ENV_LOSSY_SESS_0179_W0008,DS1_NATIVE_IPSEC_ENHANCED,1,EXP_INTERACTIVE_ENV_LOSSY,GRP_EXP_INTERACTIVE_ENV_LOSSY_SESS_0179,SESS_0179,8,INTERACTIVE,ENV_LOSSY,2.861341,90.1675,25135.7668,0.011134,0.029373,278.77,410.72,66.0,1478.0,122.0,134.0,214.0,1411.0,0.002,EXP_INTERACTIVE_ENV_LOSSY_SESS_0179.pcap
NAT_ENH_EXP_INTERACTIVE_ENV_LOSSY_SESS_0179_W0009,DS1_NATIVE_IPSEC_ENHANCED,1,EXP_INTERACTIVE_ENV_LOSSY,GRP_EXP_INTERACTIVE_ENV_LOSSY_SESS_0179,SESS_0179,9,INTERACTIVE,ENV_LOSSY,2.891698,93.3707,26367.5518,0.01075,0.028229,282.4,414.84,66.0,1478.0,122.0,134.0,214.0,1411.0,0.0018,EXP_INTERACTIVE_ENV_LOSSY_SESS_0179.pcap
NAT_ENH_EXP_INTERACTIVE_ENV_LOSSY_SESS_0180_W0000,DS1_NATIVE_IPSEC_ENHANCED,1,EXP_INTERACTIVE_ENV_LOSSY,GRP_EXP_INTERACTIVE_ENV_LOSSY_SESS_0180,SESS_0180,0,INTERACTIVE,ENV_LOSSY,2.992648,42.4373,10803.8094,0.023751,0.074814,254.58,388.47,42.0,1478.0,90.0,134.0,134.0,294.0,0.0298,EXP_INTERACTIVE_ENV_LOSSY_SESS_0180.pcap
NAT_ENH_EXP_INTERACTIVE_ENV_LOSSY_SESS_0180_W0001,DS1_NATIVE_IPSEC_ENHANCED,1,EXP_INTERACTIVE_ENV_LOSSY,GRP_EXP_INTERACTIVE_ENV_LOSSY_SESS_0180,SESS_0180,1,INTERACTIVE,ENV_LOSSY,2.431891,75.2501,19689.6163,0.013362,0.035968,261.66,394.74,42.0,1478.0,90.0,134.0,134.0,294.0,0.0123,EXP_INTERACTIVE_ENV_LOSSY_SESS_0180.pcap
NAT_ENH_EXP_INTERACTIVE_ENV_LOSSY_SESS_0180_W0002,DS1_NATIVE_IPSEC_ENHANCED,1,EXP_INTERACTIVE_ENV_LOSSY,GRP_EXP_INTERACTIVE_ENV_LOSSY_SESS_0180,SESS_0180,2,INTERACTIVE,ENV_LOSSY,2.954309,72.0981,19426.8779,0.013935,0.036903,269.45,402.86,42.0,1478.0,118.0,134.0,214.0,1187.6000000000126,0.0103,EXP_INTERACTIVE_ENV_LOSSY_SESS_0180.pcap
NAT_ENH_EXP_INTERACTIVE_ENV_LOSSY_SESS_0180_W0003,DS1_NATIVE_IPSEC_ENHANCED,1,EXP_INTERACTIVE_ENV_LOSSY,GRP_EXP_INTERACTIVE_ENV_LOSSY_SESS_0180,SESS_0180,3,INTERACTIVE,ENV_LOSSY,2.910863,86.5723,23394.0918,0.011597,0.029711,270.23,402.3,42.0,1478.0,118.0,134.0,214.0,1299.3000000000063,0.0026,EXP_INTERACTIVE_ENV_LOSSY_SESS_0180.pcap
NAT_ENH_EXP_INTERACTIVE_ENV_LOW_LATENCY_SESS_W0000,DS1_NATIVE_IPSEC_ENHANCED,1,EXP_INTERACTIVE_ENV_LOW,GRP_EXP_INTERACTIVE_ENV_LOW_LATENCY_SESS,LATENCY_SESS,0,INTERACTIVE,ENV_LOW,2.915002,36.3636,9233.9563,0.027762,0.078117,253.93,388.39,42.0,1478.0,90.0,134.0,134.0,294.0,0.0291,EXP_INTERACTIVE_ENV_LOW_LATENCY_SESS_0136.pcap
NAT_ENH_EXP_INTERACTIVE_ENV_LOW_LATENCY_SESS_W0001,DS1_NATIVE_IPSEC_ENHANCED,1,EXP_INTERACTIVE_ENV_LOW,GRP_EXP_INTERACTIVE_ENV_LOW_LATENCY_SESS,LATENCY_SESS,1,INTERACTIVE,ENV_LOW,2.83648,49.7095,13063.0222,0.020261,0.062019,262.79,396.44,42.0,1478.0,90.0,134.0,134.0,294.0,0.016,EXP_INTERACTIVE_ENV_LOW_LATENCY_SESS_0136.pcap
NAT_ENH_EXP_INTERACTIVE_ENV_LOW_LATENCY_SESS_W0002,DS1_NATIVE_IPSEC_ENHANCED,1,EXP_INTERACTIVE_ENV_LOW,GRP_EXP_INTERACTIVE_ENV_LOW_LATENCY_SESS,LATENCY_SESS,2,INTERACTIVE,ENV_LOW,2.83826,62.0098,16631.6691,0.016219,0.049772,268.21,401.07,42.0,1478.0,118.0,134.0,214.0,852.5,0.0091,EXP_INTERACTIVE_ENV_LOW_LATENCY_SESS_0136.pcap
NAT_ENH_EXP_INTERACTIVE_ENV_LOW_LATENCY_SESS_W0003,DS1_NATIVE_IPSEC_ENHANCED,1,EXP_INTERACTIVE_ENV_LOW,GRP_EXP_INTERACTIVE_ENV_LOW_LATENCY_SESS,LATENCY_SESS,3,INTERACTIVE,ENV_LOW,2.700977,80.7115,21572.5636,0.012447,0.036571,267.28,398.43,42.0,1478.0,118.0,134.0,214.0,629.1000000000126,0.0014,EXP_INTERACTIVE_ENV_LOW_LATENCY_SESS_0136.pcap
NAT_ENH_EXP_INTERACTIVE_ENV_LOW_LATENCY_SESS_W0004,DS1_NATIVE_IPSEC_ENHANCED,1,EXP_INTERACTIVE_ENV_LOW,GRP_EXP_INTERACTIVE_ENV_LOW_LATENCY_SESS,LATENCY_SESS,4,INTERACTIVE,ENV_LOW,2.841806,82.6939,22292.1607,0.012144,0.034877,269.57,400.22,66.0,1478.0,118.0,134.0,214.0,964.1999999999937,0.0011,EXP_INTERACTIVE_ENV_LOW_LATENCY_SESS_0136.pcap
NAT_ENH_EXP_INTERACTIVE_ENV_LOW_LATENCY_SESS_W0005,DS1_NATIVE_IPSEC_ENHANCED,1,EXP_INTERACTIVE_ENV_LOW,GRP_EXP_INTERACTIVE_ENV_LOW_LATENCY_SESS,LATENCY_SESS,5,INTERACTIVE,ENV_LOW,2.870915,80.8105,21955.3701,0.012428,0.03571,271.69,402.35,66.0,1478.0,130.0,134.0,214.0,1299.3000000000063,0.0011,EXP_INTERACTIVE_ENV_LOW_LATENCY_SESS_0136.pcap
NAT_ENH_EXP_INTERACTIVE_ENV_LOW_LATENCY_SESS_W0006,DS1_NATIVE_IPSEC_ENHANCED,1,EXP_INTERACTIVE_ENV_LOW,GRP_EXP_INTERACTIVE_ENV_LOW_LATENCY_SESS,LATENCY_SESS,6,INTERACTIVE,ENV_LOW,2.82625,81.7338,22256.348,0.012288,0.035455,272.3,403.11,66.0,1478.0,126.0,134.0,214.0,1411.0,0.0022,EXP_INTERACTIVE_ENV_LOW_LATENCY_SESS_0136.pcap
NAT_ENH_EXP_INTERACTIVE_ENV_LOW_LATENCY_SESS_W0007,DS1_NATIVE_IPSEC_ENHANCED,1,EXP_INTERACTIVE_ENV_LOW,GRP_EXP_INTERACTIVE_ENV_LOW_LATENCY_SESS,LATENCY_SESS,7,INTERACTIVE,ENV_LOW,2.984148,79.7548,22326.3053,0.012591,0.036111,279.94,411.81,66.0,1478.0,122.0,134.0,214.0,1411.0,0.0021,EXP_INTERACTIVE_ENV_LOW_LATENCY_SESS_0136.pcap
NAT_ENH_EXP_INTERACTIVE_ENV_LOW_LATENCY_SESS_W0000,DS1_NATIVE_IPSEC_ENHANCED,1,EXP_INTERACTIVE_ENV_LOW,GRP_EXP_INTERACTIVE_ENV_LOW_LATENCY_SESS,LATENCY_SESS,0,INTERACTIVE,ENV_LOW,2.921132,36.972,9272.0909,0.0273,0.081232,250.79,385.47,42.0,1478.0,86.0,134.0,134.0,294.0,0.0322,EXP_INTERACTIVE_ENV_LOW_LATENCY_SESS_0137.pcap
NAT_ENH_EXP_INTERACTIVE_ENV_LOW_LATENCY_SESS_W0001,DS1_NATIVE_IPSEC_ENHANCED,1,EXP_INTERACTIVE_ENV_LOW,GRP_EXP_INTERACTIVE_ENV_LOW_LATENCY_SESS,LATENCY_SESS,1,INTERACTIVE,ENV_LOW,2.875161,56.3447,14767.8678,0.017858,0.057827,262.1,395.5,42.0,1478.0,90.0,134.0,134.0,294.0,0.016,EXP_INTERACTIVE_ENV_LOW_LATENCY_SESS_0137.pcap
NAT_ENH_EXP_INTERACTIVE_ENV_LOW_LATENCY_SESS_W0002,DS1_NATIVE_IPSEC_ENHANCED,1,EXP_INTERACTIVE_ENV_LOW,GRP_EXP_INTERACTIVE_ENV_LOW_LATENCY_SESS,LATENCY_SESS,2,INTERACTIVE,ENV_LOW,2.835857,64.8834,16974.4093,0.015496,0.048689,261.61,393.6,42.0,1478.0,90.0,134.0,154.0,294.0,0.0123,EXP_INTERACTIVE_ENV_LOW_LATENCY_SESS_0137.pcap
NAT_ENH_EXP_INTERACTIVE_ENV_LOW_LATENCY_SESS_W0003,DS1_NATIVE_IPSEC_ENHANCED,1,EXP_INTERACTIVE_ENV_LOW,GRP_EXP_INTERACTIVE_ENV_LOW_LATENCY_SESS,LATENCY_SESS,3,INTERACTIVE,ENV_LOW,2.76765,86.3549,22984.8437,0.011629,0.035908,266.17,397.73,42.0,1478.0,118.0,134.0,214.0,517.4000000000191,0.0053,EXP_INTERACTIVE_ENV_LOW_LATENCY_SESS_0137.pcap
NAT_ENH_EXP_INTERACTIVE_ENV_LOW_LATENCY_SESS_W0004,DS1_NATIVE_IPSEC_ENHANCED,1,EXP_INTERACTIVE_ENV_LOW,GRP_EXP_INTERACTIVE_ENV_LOW_LATENCY_SESS,LATENCY_SESS,4,INTERACTIVE,ENV_LOW,2.989799,86.6279,24096.603,0.011588,0.034376,278.16,409.99,66.0,1478.0,126.0,134.0,214.0,1411.0,0.0013,EXP_INTERACTIVE_ENV_LOW_LATENCY_SESS_0137.pcap
NAT_ENH_EXP_INTERACTIVE_ENV_LOW_LATENCY_SESS_W0005,DS1_NATIVE_IPSEC_ENHANCED,1,EXP_INTERACTIVE_ENV_LOW,GRP_EXP_INTERACTIVE_ENV_LOW_LATENCY_SESS,LATENCY_SESS,5,INTERACTIVE,ENV_LOW,2.920517,89.0253,24756.5759,0.011276,0.033846,278.08,409.15,66.0,1478.0,134.0,134.0,214.0,1411.0,0.2258,EXP_INTERACTIVE_ENV_LOW_LATENCY_SESS_0137.pcap
NAT_ENH_EXP_INTERACTIVE_ENV_LOW_LATENCY_SESS_W0006,DS1_NATIVE_IPSEC_ENHANCED,1,EXP_INTERACTIVE_ENV_LOW,GRP_EXP_INTERACTIVE_ENV_LOW_LATENCY_SESS,LATENCY_SESS,6,INTERACTIVE,ENV_LOW,2.889641,85.1317,23374.8756,0.011794,0.035359,274.57,406.15,66.0,1478.0,118.0,134.0,214.0,1411.0,0.0021,EXP_INTERACTIVE_ENV_LOW_LATENCY_SESS_0137.pcap
NAT_ENH_EXP_INTERACTIVE_ENV_LOW_LATENCY_SESS_W0007,DS1_NATIVE_IPSEC_ENHANCED,1,EXP_INTERACTIVE_ENV_LOW,GRP_EXP_INTERACTIVE_ENV_LOW_LATENCY_SESS,LATENCY_SESS,7,INTERACTIVE,ENV_LOW,2.949027,79.3482,21429.4405,0.012657,0.036802,270.07,401.01,66.0,1478.0,118.0,134.0,214.0,1075.9000000000192,0.0022,EXP_INTERACTIVE_ENV_LOW_LATENCY_SESS_0137.pcap
NAT_ENH_EXP_INTERACTIVE_ENV_LOW_LATENCY_SESS_W0000,DS1_NATIVE_IPSEC_ENHANCED,1,EXP_INTERACTIVE_ENV_LOW,GRP_EXP_INTERACTIVE_ENV_LOW_LATENCY_SESS,LATENCY_SESS,0,INTERACTIVE,ENV_LOW,2.949277,43.4005,11059.66,0.023223,0.076654,254.83,386.77,42.0,1478.0,90.0,134.0,134.0,294.0,0.0211,EXP_INTERACTIVE_ENV_LOW_LATENCY_SESS_0138.pcap
NAT_ENH_EXP_INTERACTIVE_ENV_LOW_LATENCY_SESS_W0001,DS1_NATIVE_IPSEC_ENHANCED,1,EXP_INTERACTIVE_ENV_LOW,GRP_EXP_INTERACTIVE_ENV_LOW_LATENCY_SESS,LATENCY_SESS,1,INTERACTIVE,ENV_LOW,2.794704,59.7559,15457.0933,0.016836,0.061669,258.67,390.08,42.0,1478.0,104.0,134.0,134.0,294.0,0.0099,EXP_INTERACTIVE_ENV_LOW_LATENCY_SESS_0138.pcap
NAT_ENH_EXP_INTERACTIVE_ENV_LOW_LATENCY_SESS_W0002,DS1_NATIVE_IPSEC_ENHANCED,1,EXP_INTERACTIVE_ENV_LOW,GRP_EXP_INTERACTIVE_ENV_LOW_LATENCY_SESS,LATENCY_SESS,2,INTERACTIVE,ENV_LOW,2.386809,92.5922,24545.3252,0.010849,0.032526,265.09,396.17,42.0,1478.0,118.0,134.0,214.0,294.0,0.0014,EXP_INTERACTIVE_ENV_LOW_LATENCY_SESS_0138.pcap
NAT_ENH_EXP_INTERACTIVE_ENV_LOW_LATENCY_SESS_W0003,DS1_NATIVE_IPSEC_ENHANCED,1,EXP_INTERACTIVE_ENV_LOW,GRP_EXP_INTERACTIVE_ENV_LOW_LATENCY_SESS,LATENCY_SESS,3,INTERACTIVE,ENV_LOW,2.767267,91.0646,24618.1522,0.011025,0.032797,270.34,402.25,42.0,1478.0,118.0,134.0,214.0,1299.3000000000063,0.0012,EXP_INTERACTIVE_ENV_LOW_LATENCY_SESS_0138.pcap
NAT_ENH_EXP_INTERACTIVE_ENV_LOW_LATENCY_SESS_W0004,DS1_NATIVE_IPSEC_ENHANCED,1,EXP_INTERACTIVE_ENV_LOW,GRP_EXP_INTERACTIVE_ENV_LOW_LATENCY_SESS,LATENCY_SESS,4,INTERACTIVE,ENV_LOW,2.949858,90.5128,24695.4264,0.01109,0.03248,272.84,404.96,66.0,1478.0,118.0,134.0,214.0,1411.0,0.0019,EXP_INTERACTIVE_ENV_LOW_LATENCY_SESS_0138.pcap
NAT_ENH_EXP_INTERACTIVE_ENV_LOW_LATENCY_SESS_W0000,DS1_NATIVE_IPSEC_ENHANCED,1,EXP_INTERACTIVE_ENV_LOW,GRP_EXP_INTERACTIVE_ENV_LOW_LATENCY_SESS,LATENCY_SESS,0,INTERACTIVE,ENV_LOW,2.882343,38.1634,9478.7468,0.026444,0.08128,248.37,382.39,42.0,1478.0,90.0,134.0,134.0,294.0,0.0288,EXP_INTERACTIVE_ENV_LOW_LATENCY_SESS_0139.pcap
NAT_ENH_EXP_INTERACTIVE_ENV_LOW_LATENCY_SESS_W0001,DS1_NATIVE_IPSEC_ENHANCED,1,EXP_INTERACTIVE_ENV_LOW,GRP_EXP_INTERACTIVE_ENV_LOW_LATENCY_SESS,LATENCY_SESS,1,INTERACTIVE,ENV_LOW,2.690169,56.8738,14326.61,0.017698,0.063495,251.9,382.57,42.0,1478.0,90.0,134.0,134.0,294.0,0.0069,EXP_INTERACTIVE_ENV_LOW_LATENCY_SESS_0139.pcap
NAT_ENH_EXP_INTERACTIVE_ENV_LOW_LATENCY_SESS_W0002,DS1_NATIVE_IPSEC_ENHANCED,1,EXP_INTERACTIVE_ENV_LOW,GRP_EXP_INTERACTIVE_ENV_LOW_LATENCY_SESS,LATENCY_SESS,2,INTERACTIVE,ENV_LOW,2.7712,66.7581,17389.9397,0.015061,0.055678,260.49,392.75,42.0,1478.0,118.0,134.0,134.0,294.0,0.0036,EXP_INTERACTIVE_ENV_LOW_LATENCY_SESS_0139.pcap
NAT_ENH_EXP_INTERACTIVE_ENV_LOW_LATENCY_SESS_W0003,DS1_NATIVE_IPSEC_ENHANCED,1,EXP_INTERACTIVE_ENV_LOW,GRP_EXP_INTERACTIVE_ENV_LOW_LATENCY_SESS,LATENCY_SESS,3,INTERACTIVE,ENV_LOW,2.797916,80.417,21081.7628,0.012491,0.036602,262.16,393.27,42.0,1478.0,118.0,134.0,134.0,294.0,0.0014,EXP_INTERACTIVE_ENV_LOW_LATENCY_SESS_0139.pcap
NAT_ENH_EXP_INTERACTIVE_ENV_LOW_LATENCY_SESS_W0000,DS1_NATIVE_IPSEC_ENHANCED,1,EXP_INTERACTIVE_ENV_LOW,GRP_EXP_INTERACTIVE_ENV_LOW_LATENCY_SESS,LATENCY_SESS,0,INTERACTIVE,ENV_LOW,2.972624,35.3223,9005.8478,0.028583,0.085244,254.96,390.11,42.0,1478.0,90.0,134.0,134.0,294.0,0.0328,EXP_INTERACTIVE_ENV_LOW_LATENCY_SESS_0140.pcap
NAT_ENH_EXP_INTERACTIVE_ENV_LOW_LATENCY_SESS_W0001,DS1_NATIVE_IPSEC_ENHANCED,1,EXP_INTERACTIVE_ENV_LOW,GRP_EXP_INTERACTIVE_ENV_LOW_LATENCY_SESS,LATENCY_SESS,1,INTERACTIVE,ENV_LOW,2.873102,46.9875,12636.1684,0.021441,0.06203,268.93,404.03,42.0,1478.0,90.0,134.0,214.0,964.2000000000096,0.0189,EXP_INTERACTIVE_ENV_LOW_LATENCY_SESS_0140.pcap
NAT_ENH_EXP_INTERACTIVE_ENV_LOW_LATENCY_SESS_W0002,DS1_NATIVE_IPSEC_ENHANCED,1,EXP_INTERACTIVE_ENV_LOW,GRP_EXP_INTERACTIVE_ENV_LOW_LATENCY_SESS,LATENCY_SESS,2,INTERACTIVE,ENV_LOW,2.95602,62.2459,16297.9283,0.016153,0.051853,261.83,393.52,42.0,1478.0,111.0,134.0,154.0,294.0,0.0089,EXP_INTERACTIVE_ENV_LOW_LATENCY_SESS_0140.pcap
NAT_ENH_EXP_INTERACTIVE_ENV_LOW_LATENCY_SESS_W0003,DS1_NATIVE_IPSEC_ENHANCED,1,EXP_INTERACTIVE_ENV_LOW,GRP_EXP_INTERACTIVE_ENV_LOW_LATENCY_SESS,LATENCY_SESS,3,INTERACTIVE,ENV_LOW,2.785136,79.3498,21024.8262,0.01266,0.036957,264.96,396.23,42.0,1478.0,118.0,134.0,214.0,294.0,0.003,EXP_INTERACTIVE_ENV_LOW_LATENCY_SESS_0140.pcap
NAT_ENH_EXP_INTERACTIVE_ENV_LOW_LATENCY_SESS_W0000,DS1_NATIVE_IPSEC_ENHANCED,1,EXP_INTERACTIVE_ENV_LOW,GRP_EXP_INTERACTIVE_ENV_LOW_LATENCY_SESS,LATENCY_SESS,0,INTERACTIVE,ENV_LOW,2.901543,35.4984,9157.5409,0.028447,0.085861,257.97,393.24,42.0,1478.0,90.0,134.0,134.0,294.0,0.033,EXP_INTERACTIVE_ENV_LOW_LATENCY_SESS_0141.pcap
NAT_ENH_EXP_INTERACTIVE_ENV_LOW_LATENCY_SESS_W0001,DS1_NATIVE_IPSEC_ENHANCED,1,EXP_INTERACTIVE_ENV_LOW,GRP_EXP_INTERACTIVE_ENV_LOW_LATENCY_SESS,LATENCY_SESS,1,INTERACTIVE,ENV_LOW,2.817712,50.3955,13230.2375,0.019984,0.065984,262.53,395.04,42.0,1478.0,90.0,134.0,194.0,294.0,0.0184,EXP_INTERACTIVE_ENV_LOW_LATENCY_SESS_0141.pcap
NAT_ENH_EXP_INTERACTIVE_ENV_LOW_LATENCY_SESS_W0002,DS1_NATIVE_IPSEC_ENHANCED,1,EXP_INTERACTIVE_ENV_LOW,GRP_EXP_INTERACTIVE_ENV_LOW_LATENCY_SESS,LATENCY_SESS,2,INTERACTIVE,ENV_LOW,2.974589,56.4784,15593.7516,0.017812,0.060689,276.1,408.8,42.0,1478.0,130.0,134.0,214.0,1411.0,0.0073,EXP_INTERACTIVE_ENV_LOW_LATENCY_SESS_0141.pcap
NAT_ENH_EXP_INTERACTIVE_ENV_LOW_LATENCY_SESS_W0003,DS1_NATIVE_IPSEC_ENHANCED,1,EXP_INTERACTIVE_ENV_LOW,GRP_EXP_INTERACTIVE_ENV_LOW_LATENCY_SESS,LATENCY_SESS,3,INTERACTIVE,ENV_LOW,2.8617,83.1673,23269.0354,0.012075,0.035128,279.79,411.91,42.0,1478.0,134.0,134.0,214.0,1411.0,0.0026,EXP_INTERACTIVE_ENV_LOW_LATENCY_SESS_0141.pcap
NAT_ENH_EXP_INTERACTIVE_ENV_LOW_LATENCY_SESS_W0000,DS1_NATIVE_IPSEC_ENHANCED,1,EXP_INTERACTIVE_ENV_LOW,GRP_EXP_INTERACTIVE_ENV_LOW_LATENCY_SESS,LATENCY_SESS,0,INTERACTIVE,ENV_LOW,2.961943,35.7873,9079.5133,0.028209,0.079409,253.71,388.45,42.0,1478.0,90.0,134.0,134.0,294.0,0.0361,EXP_INTERACTIVE_ENV_LOW_LATENCY_SESS_0142.pcap
NAT_ENH_EXP_INTERACTIVE_ENV_LOW_LATENCY_SESS_W0001,DS1_NATIVE_IPSEC_ENHANCED,1,EXP_INTERACTIVE_ENV_LOW,GRP_EXP_INTERACTIVE_ENV_LOW_LATENCY_SESS,LATENCY_SESS,1,INTERACTIVE,ENV_LOW,2.331964,54.8894,13999.3584,0.018362,0.049846,255.05,386.68,42.0,1478.0,90.0,134.0,134.0,294.0,0.0182,EXP_INTERACTIVE_ENV_LOW_LATENCY_SESS_0142.pcap
NAT_ENH_EXP_INTERACTIVE_ENV_LOW_LATENCY_SESS_W0002,DS1_NATIVE_IPSEC_ENHANCED,1,EXP_INTERACTIVE_ENV_LOW,GRP_EXP_INTERACTIVE_ENV_LOW_LATENCY_SESS,LATENCY_SESS,2,INTERACTIVE,ENV_LOW,2.925211,61.534,16272.6712,0.016342,0.045862,264.45,397.39,42.0,1478.0,111.0,134.0,154.0,405.6999999999937,0.0124,EXP_INTERACTIVE_ENV_LOW_LATENCY_SESS_0142.pcap
NAT_ENH_EXP_INTERACTIVE_ENV_LOW_LATENCY_SESS_W0003,DS1_NATIVE_IPSEC_ENHANCED,1,EXP_INTERACTIVE_ENV_LOW,GRP_EXP_INTERACTIVE_ENV_LOW_LATENCY_SESS,LATENCY_SESS,3,INTERACTIVE,ENV_LOW,2.814517,76.3897,20543.8445,0.013152,0.037639,268.93,400.89,42.0,1478.0,118.0,134.0,214.0,964.1999999999937,0.003,EXP_INTERACTIVE_ENV_LOW_LATENCY_SESS_0142.pcap
NAT_ENH_EXP_INTERACTIVE_ENV_LOW_LATENCY_SESS_W0000,DS1_NATIVE_IPSEC_ENHANCED,1,EXP_INTERACTIVE_ENV_LOW,GRP_EXP_INTERACTIVE_ENV_LOW_LATENCY_SESS,LATENCY_SESS,0,INTERACTIVE,ENV_LOW,2.842969,37.285,9458.0695,0.027076,0.08533,253.67,388.49,42.0,1478.0,90.0,134.0,134.0,294.0,0.0326,EXP_INTERACTIVE_ENV_LOW_LATENCY_SESS_0143.pcap
NAT_ENH_EXP_INTERACTIVE_ENV_LOW_LATENCY_SESS_W0001,DS1_NATIVE_IPSEC_ENHANCED,1,EXP_INTERACTIVE_ENV_LOW,GRP_EXP_INTERACTIVE_ENV_LOW_LATENCY_SESS,LATENCY_SESS,1,INTERACTIVE,ENV_LOW,2.956919,50.7285,12890.1064,0.019845,0.069954,254.1,386.06,42.0,1478.0,90.0,134.0,134.0,294.0,0.018,EXP_INTERACTIVE_ENV_LOW_LATENCY_SESS_0143.pcap
NAT_ENH_EXP_INTERACTIVE_ENV_LOW_LATENCY_SESS_W0002,DS1_NATIVE_IPSEC_ENHANCED,1,EXP_INTERACTIVE_ENV_LOW,GRP_EXP_INTERACTIVE_ENV_LOW_LATENCY_SESS,LATENCY_SESS,2,INTERACTIVE,ENV_LOW,2.686398,69.9822,18093.0002,0.014366,0.044836,258.54,389.98,42.0,1478.0,111.0,134.0,134.0,294.0,0.0069,EXP_INTERACTIVE_ENV_LOW_LATENCY_SESS_0143.pcap
NAT_ENH_EXP_INTERACTIVE_ENV_LOW_LATENCY_SESS_W0003,DS1_NATIVE_IPSEC_ENHANCED,1,EXP_INTERACTIVE_ENV_LOW,GRP_EXP_INTERACTIVE_ENV_LOW_LATENCY_SESS,LATENCY_SESS,3,INTERACTIVE,ENV_LOW,2.731319,82.7439,21611.1707,0.012139,0.035923,261.18,392.65,42.0,1478.0,118.0,134.0,134.0,294.0,0.0042,EXP_INTERACTIVE_ENV_LOW_LATENCY_SESS_0143.pcap
NAT_ENH_EXP_INTERACTIVE_ENV_LOW_LATENCY_SESS_W0004,DS1_NATIVE_IPSEC_ENHANCED,1,EXP_INTERACTIVE_ENV_LOW,GRP_EXP_INTERACTIVE_ENV_LOW_LATENCY_SESS,LATENCY_SESS,4,INTERACTIVE,ENV_LOW,2.901079,84.4513,22184.1602,0.01189,0.035136,262.69,393.44,66.0,1478.0,118.0,134.0,134.0,294.0,0.0025,EXP_INTERACTIVE_ENV_LOW_LATENCY_SESS_0143.pcap
NAT_ENH_EXP_INTERACTIVE_ENV_LOW_LATENCY_SESS_W0005,DS1_NATIVE_IPSEC_ENHANCED,1,EXP_INTERACTIVE_ENV_LOW,GRP_EXP_INTERACTIVE_ENV_LOW_LATENCY_SESS,LATENCY_SESS,5,INTERACTIVE,ENV_LOW,2.840518,90.1244,24148.0603,0.011139,0.033279,267.94,399.55,66.0,1478.0,118.0,134.0,214.0,852.5,0.001,EXP_INTERACTIVE_ENV_LOW_LATENCY_SESS_0143.pcap
NAT_ENH_EXP_INTERACTIVE_ENV_LOW_LATENCY_SESS_W0006,DS1_NATIVE_IPSEC_ENHANCED,1,EXP_INTERACTIVE_ENV_LOW,GRP_EXP_INTERACTIVE_ENV_LOW_LATENCY_SESS,LATENCY_SESS,6,INTERACTIVE,ENV_LOW,2.955507,85.6029,23096.8829,0.011728,0.03432,269.81,401.52,66.0,1478.0,118.0,134.0,214.0,1187.6000000000126,0.0021,EXP_INTERACTIVE_ENV_LOW_LATENCY_SESS_0143.pcap
NAT_ENH_EXP_INTERACTIVE_ENV_LOW_LATENCY_SESS_W0007,DS1_NATIVE_IPSEC_ENHANCED,1,EXP_INTERACTIVE_ENV_LOW,GRP_EXP_INTERACTIVE_ENV_LOW_LATENCY_SESS,LATENCY_SESS,7,INTERACTIVE,ENV_LOW,2.822555,87.8637,24001.3032,0.011427,0.03342,273.17,404.82,66.0,1478.0,118.0,134.0,214.0,1411.0,0.0021,EXP_INTERACTIVE_ENV_LOW_LATENCY_SESS_0143.pcap
NAT_ENH_EXP_INTERACTIVE_ENV_LOW_LATENCY_SESS_W0008,DS1_NATIVE_IPSEC_ENHANCED,1,EXP_INTERACTIVE_ENV_LOW,GRP_EXP_INTERACTIVE_ENV_LOW_LATENCY_SESS,LATENCY_SESS,8,INTERACTIVE,ENV_LOW,2.850441,84.5483,23514.6072,0.011877,0.034492,278.12,409.56,66.0,1478.0,134.0,134.0,214.0,1411.0,0.0021,EXP_INTERACTIVE_ENV_LOW_LATENCY_SESS_0143.pcap
NAT_ENH_EXP_INTERACTIVE_ENV_LOW_LATENCY_SESS_W0009,DS1_NATIVE_IPSEC_ENHANCED,1,EXP_INTERACTIVE_ENV_LOW,GRP_EXP_INTERACTIVE_ENV_LOW_LATENCY_SESS,LATENCY_SESS,9,INTERACTIVE,ENV_LOW,2.953424,83.6317,23959.987,0.012006,0.034437,286.49,417.98,66.0,1478.0,134.0,134.0,214.0,1411.0,0.001,EXP_INTERACTIVE_ENV_LOW_LATENCY_SESS_0143.pcap
NAT_ENH_EXP_INTERACTIVE_ENV_LOW_LATENCY_SESS_W0010,DS1_NATIVE_IPSEC_ENHANCED,1,EXP_INTERACTIVE_ENV_LOW,GRP_EXP_INTERACTIVE_ENV_LOW_LATENCY_SESS,LATENCY_SESS,10,INTERACTIVE,ENV_LOW,2.987615,82.3399,23646.2856,0.012194,0.035136,287.18,418.69,66.0,1478.0,134.0,134.0,214.0,1411.0,0.001,EXP_INTERACTIVE_ENV_LOW_LATENCY_SESS_0143.pcap
NAT_ENH_EXP_INTERACTIVE_ENV_LOW_LATENCY_SESS_W0011,DS1_NATIVE_IPSEC_ENHANCED,1,EXP_INTERACTIVE_ENV_LOW,GRP_EXP_INTERACTIVE_ENV_LOW_LATENCY_SESS,LATENCY_SESS,11,INTERACTIVE,ENV_LOW,2.808577,82.2481,23452.0893,0.012211,0.035401,285.14,416.81,66.0,1478.0,134.0,134.0,214.0,1411.0,0.0011,EXP_INTERACTIVE_ENV_LOW_LATENCY_SESS_0143.pcap
NAT_ENH_EXP_INTERACTIVE_ENV_LOW_LATENCY_SESS_W0000,DS1_NATIVE_IPSEC_ENHANCED,1,EXP_INTERACTIVE_ENV_LOW,GRP_EXP_INTERACTIVE_ENV_LOW_LATENCY_SESS,LATENCY_SESS,0,INTERACTIVE,ENV_LOW,2.846114,36.8924,9404.7536,0.027366,0.081274,254.92,390.12,42.0,1478.0,86.0,134.0,134.0,294.0,0.0326,EXP_INTERACTIVE_ENV_LOW_LATENCY_SESS_0144.pcap
NAT_ENH_EXP_INTERACTIVE_ENV_LOW_LATENCY_SESS_W0001,DS1_NATIVE_IPSEC_ENHANCED,1,EXP_INTERACTIVE_ENV_LOW,GRP_EXP_INTERACTIVE_ENV_LOW_LATENCY_SESS,LATENCY_SESS,1,INTERACTIVE,ENV_LOW,2.444437,61.7729,15637.5475,0.016296,0.048075,253.15,384.97,42.0,1478.0,90.0,134.0,134.0,294.0,0.0155,EXP_INTERACTIVE_ENV_LOW_LATENCY_SESS_0144.pcap
NAT_ENH_EXP_INTERACTIVE_ENV_LOW_LATENCY_SESS_W0002,DS1_NATIVE_IPSEC_ENHANCED,1,EXP_INTERACTIVE_ENV_LOW,GRP_EXP_INTERACTIVE_ENV_LOW_LATENCY_SESS,LATENCY_SESS,2,INTERACTIVE,ENV_LOW,2.809093,65.5016,17074.9064,0.01535,0.045734,260.68,393.9,42.0,1478.0,90.0,134.0,134.0,294.0,0.0123,EXP_INTERACTIVE_ENV_LOW_LATENCY_SESS_0144.pcap
NAT_ENH_EXP_INTERACTIVE_ENV_LOW_LATENCY_SESS_W0003,DS1_NATIVE_IPSEC_ENHANCED,1,EXP_INTERACTIVE_ENV_LOW,GRP_EXP_INTERACTIVE_ENV_LOW_LATENCY_SESS,LATENCY_SESS,3,INTERACTIVE,ENV_LOW,2.628334,85.2251,22386.4239,0.011786,0.034753,262.67,394.08,42.0,1478.0,118.0,134.0,154.0,294.0,0.003,EXP_INTERACTIVE_ENV_LOW_LATENCY_SESS_0144.pcap
NAT_ENH_EXP_INTERACTIVE_ENV_LOW_LATENCY_SESS_W0004,DS1_NATIVE_IPSEC_ENHANCED,1,EXP_INTERACTIVE_ENV_LOW,GRP_EXP_INTERACTIVE_ENV_LOW_LATENCY_SESS,LATENCY_SESS,4,INTERACTIVE,ENV_LOW,2.85251,85.5387,22537.3445,0.011739,0.034655,263.48,394.05,66.0,1478.0,118.0,134.0,154.0,294.0,0.0014,EXP_INTERACTIVE_ENV_LOW_LATENCY_SESS_0144.pcap
NAT_ENH_EXP_INTERACTIVE_ENV_LOW_LATENCY_SESS_W0005,DS1_NATIVE_IPSEC_ENHANCED,1,EXP_INTERACTIVE_ENV_LOW,GRP_EXP_INTERACTIVE_ENV_LOW_LATENCY_SESS,LATENCY_SESS,5,INTERACTIVE,ENV_LOW,2.991308,81.904,22536.964,0.012259,0.035641,275.16,406.88,66.0,1478.0,118.0,134.0,214.0,1411.0,0.001,EXP_INTERACTIVE_ENV_LOW_LATENCY_SESS_0144.pcap
NAT_ENH_EXP_INTERACTIVE_ENV_LOW_LATENCY_SESS_W0006,DS1_NATIVE_IPSEC_ENHANCED,1,EXP_INTERACTIVE_ENV_LOW,GRP_EXP_INTERACTIVE_ENV_LOW_LATENCY_SESS,LATENCY_SESS,6,INTERACTIVE,ENV_LOW,2.834632,84.6671,22514.387,0.01186,0.034795,265.92,396.85,66.0,1478.0,118.0,134.0,214.0,405.6999999999937,0.0022,EXP_INTERACTIVE_ENV_LOW_LATENCY_SESS_0144.pcap
NAT_ENH_EXP_INTERACTIVE_ENV_LOW_LATENCY_SESS_W0007,DS1_NATIVE_IPSEC_ENHANCED,1,EXP_INTERACTIVE_ENV_LOW,GRP_EXP_INTERACTIVE_ENV_LOW_LATENCY_SESS,LATENCY_SESS,7,INTERACTIVE,ENV_LOW,2.815748,88.7864,24130.3556,0.011308,0.033513,271.78,403.5,66.0,1478.0,118.0,134.0,214.0,1411.0,0.0021,EXP_INTERACTIVE_ENV_LOW_LATENCY_SESS_0144.pcap
NAT_ENH_EXP_INTERACTIVE_ENV_LOW_LATENCY_SESS_W0008,DS1_NATIVE_IPSEC_ENHANCED,1,EXP_INTERACTIVE_ENV_LOW,GRP_EXP_INTERACTIVE_ENV_LOW_LATENCY_SESS,LATENCY_SESS,8,INTERACTIVE,ENV_LOW,2.925716,85.791,23310.192,0.011703,0.034094,271.71,402.65,66.0,1478.0,126.0,134.0,214.0,1411.0,0.0021,EXP_INTERACTIVE_ENV_LOW_LATENCY_SESS_0144.pcap
NAT_ENH_EXP_INTERACTIVE_ENV_LOW_LATENCY_SESS_W0009,DS1_NATIVE_IPSEC_ENHANCED,1,EXP_INTERACTIVE_ENV_LOW,GRP_EXP_INTERACTIVE_ENV_LOW_LATENCY_SESS,LATENCY_SESS,9,INTERACTIVE,ENV_LOW,2.88132,87.4599,24722.6965,0.011479,0.033418,282.67,414.71,66.0,1478.0,134.0,134.0,214.0,1411.0,0.002,EXP_INTERACTIVE_ENV_LOW_LATENCY_SESS_0144.pcap
NAT_ENH_EXP_INTERACTIVE_ENV_LOW_LATENCY_SESS_W0000,DS1_NATIVE_IPSEC_ENHANCED,1,EXP_INTERACTIVE_ENV_LOW,GRP_EXP_INTERACTIVE_ENV_LOW_LATENCY_SESS,LATENCY_SESS,0,INTERACTIVE,ENV_LOW,2.954671,51.444,12967.6022,0.019567,0.086172,252.07,383.92,42.0,1478.0,89.0,134.0,134.0,294.0,0.0201,EXP_INTERACTIVE_ENV_LOW_LATENCY_SESS_0145.pcap
NAT_ENH_EXP_INTERACTIVE_ENV_LOW_LATENCY_SESS_W0001,DS1_NATIVE_IPSEC_ENHANCED,1,EXP_INTERACTIVE_ENV_LOW,GRP_EXP_INTERACTIVE_ENV_LOW_LATENCY_SESS,LATENCY_SESS,1,INTERACTIVE,ENV_LOW,2.450577,77.1247,19854.5076,0.013035,0.036272,257.43,389.22,42.0,1478.0,90.0,134.0,134.0,294.0,0.0121,EXP_INTERACTIVE_ENV_LOW_LATENCY_SESS_0145.pcap
NAT_ENH_EXP_INTERACTIVE_ENV_LOW_LATENCY_SESS_W0002,DS1_NATIVE_IPSEC_ENHANCED,1,EXP_INTERACTIVE_ENV_LOW,GRP_EXP_INTERACTIVE_ENV_LOW_LATENCY_SESS,LATENCY_SESS,2,INTERACTIVE,ENV_LOW,2.869971,79.0949,20587.3158,0.012699,0.035813,260.29,391.99,42.0,1478.0,104.0,134.0,134.0,294.0,0.01,EXP_INTERACTIVE_ENV_LOW_LATENCY_SESS_0145.pcap
NAT_ENH_EXP_INTERACTIVE_ENV_LOW_LATENCY_SESS_W0003,DS1_NATIVE_IPSEC_ENHANCED,1,EXP_INTERACTIVE_ENV_LOW,GRP_EXP_INTERACTIVE_ENV_LOW_LATENCY_SESS,LATENCY_SESS,3,INTERACTIVE,ENV_LOW,2.756618,87.0632,23189.2846,0.011534,0.033768,266.35,396.65,66.0,1478.0,118.0,134.0,214.0,405.6999999999937,0.0014,EXP_INTERACTIVE_ENV_LOW_LATENCY_SESS_0145.pcap
NAT_ENH_EXP_INTERACTIVE_ENV_LOW_LATENCY_SESS_W0004,DS1_NATIVE_IPSEC_ENHANCED,1,EXP_INTERACTIVE_ENV_LOW,GRP_EXP_INTERACTIVE_ENV_LOW_LATENCY_SESS,LATENCY_SESS,4,INTERACTIVE,ENV_LOW,2.950346,84.7358,23045.7716,0.011849,0.034604,271.97,403.42,66.0,1478.0,118.0,134.0,214.0,1411.0,0.001,EXP_INTERACTIVE_ENV_LOW_LATENCY_SESS_0145.pcap
NAT_ENH_EXP_INTERACTIVE_ENV_LOW_LATENCY_SESS_W0005,DS1_NATIVE_IPSEC_ENHANCED,1,EXP_INTERACTIVE_ENV_LOW,GRP_EXP_INTERACTIVE_ENV_LOW_LATENCY_SESS,LATENCY_SESS,5,INTERACTIVE,ENV_LOW,2.973262,84.4191,22891.6921,0.011893,0.033421,271.17,402.82,66.0,1478.0,118.0,134.0,214.0,1411.0,0.0021,EXP_INTERACTIVE_ENV_LOW_LATENCY_SESS_0145.pcap
NAT_ENH_EXP_INTERACTIVE_ENV_LOW_LATENCY_SESS_W0006,DS1_NATIVE_IPSEC_ENHANCED,1,EXP_INTERACTIVE_ENV_LOW,GRP_EXP_INTERACTIVE_ENV_LOW_LATENCY_SESS,LATENCY_SESS,6,INTERACTIVE,ENV_LOW,2.847557,88.1457,23902.2427,0.01139,0.032357,271.17,402.82,66.0,1478.0,118.0,134.0,214.0,1411.0,0.0021,EXP_INTERACTIVE_ENV_LOW_LATENCY_SESS_0145.pcap
NAT_ENH_EXP_INTERACTIVE_ENV_LOW_LATENCY_SESS_W0007,DS1_NATIVE_IPSEC_ENHANCED,1,EXP_INTERACTIVE_ENV_LOW,GRP_EXP_INTERACTIVE_ENV_LOW_LATENCY_SESS,LATENCY_SESS,7,INTERACTIVE,ENV_LOW,2.836784,88.4805,23993.0156,0.011347,0.031789,271.17,402.82,66.0,1478.0,118.0,134.0,214.0,1411.0,0.0021,EXP_INTERACTIVE_ENV_LOW_LATENCY_SESS_0145.pcap
NAT_ENH_EXP_INTERACTIVE_ENV_LOW_LATENCY_SESS_W0000,DS1_NATIVE_IPSEC_ENHANCED,1,EXP_INTERACTIVE_ENV_LOW,GRP_EXP_INTERACTIVE_ENV_LOW_LATENCY_SESS,LATENCY_SESS,0,INTERACTIVE,ENV_LOW,2.991335,34.4328,8881.3184,0.029327,0.10053,257.93,393.26,42.0,1478.0,88.0,134.0,134.0,294.0,0.0329,EXP_INTERACTIVE_ENV_LOW_LATENCY_SESS_0146.pcap
NAT_ENH_EXP_INTERACTIVE_ENV_LOW_LATENCY_SESS_W0001,DS1_NATIVE_IPSEC_ENHANCED,1,EXP_INTERACTIVE_ENV_LOW,GRP_EXP_INTERACTIVE_ENV_LOW_LATENCY_SESS,LATENCY_SESS,1,INTERACTIVE,ENV_LOW,2.333678,53.992,13887.9485,0.018669,0.058322,257.22,389.35,42.0,1478.0,90.0,134.0,134.0,294.0,0.0183,EXP_INTERACTIVE_ENV_LOW_LATENCY_SESS_0146.pcap
NAT_ENH_EXP_INTERACTIVE_ENV_LOW_LATENCY_SESS_W0002,DS1_NATIVE_IPSEC_ENHANCED,1,EXP_INTERACTIVE_ENV_LOW,GRP_EXP_INTERACTIVE_ENV_LOW_LATENCY_SESS,LATENCY_SESS,2,INTERACTIVE,ENV_LOW,2.829041,61.1515,16559.3217,0.016448,0.052211,270.79,404.03,42.0,1478.0,118.0,134.0,214.0,1187.6000000000126,0.0126,EXP_INTERACTIVE_ENV_LOW_LATENCY_SESS_0146.pcap
NAT_ENH_EXP_INTERACTIVE_ENV_LOW_LATENCY_SESS_W0003,DS1_NATIVE_IPSEC_ENHANCED,1,EXP_INTERACTIVE_ENV_LOW,GRP_EXP_INTERACTIVE_ENV_LOW_LATENCY_SESS,LATENCY_SESS,3,INTERACTIVE,ENV_LOW,2.601143,78.0426,21740.0571,0.012877,0.03681,278.57,410.49,42.0,1478.0,126.0,134.0,214.0,1411.0,0.0031,EXP_INTERACTIVE_ENV_LOW_LATENCY_SESS_0146.pcap
NAT_ENH_EXP_INTERACTIVE_ENV_LOW_LATENCY_SESS_W0000,DS1_NATIVE_IPSEC_ENHANCED,1,EXP_INTERACTIVE_ENV_LOW,GRP_EXP_INTERACTIVE_ENV_LOW_LATENCY_SESS,LATENCY_SESS,0,INTERACTIVE,ENV_LOW,2.992029,61.1625,15986.1421,0.01644,0.075124,261.37,394.84,42.0,1478.0,90.0,134.0,134.0,294.0,0.0181,EXP_INTERACTIVE_ENV_LOW_LATENCY_SESS_0147.pcap
NAT_ENH_EXP_INTERACTIVE_ENV_LOW_LATENCY_SESS_W0001,DS1_NATIVE_IPSEC_ENHANCED,1,EXP_INTERACTIVE_ENV_LOW,GRP_EXP_INTERACTIVE_ENV_LOW_LATENCY_SESS,LATENCY_SESS,1,INTERACTIVE,ENV_LOW,2.778666,81.334,21212.6969,0.01235,0.053526,260.81,392.78,42.0,1478.0,90.0,134.0,134.0,294.0,0.0131,EXP_INTERACTIVE_ENV_LOW_LATENCY_SESS_0147.pcap
NAT_ENH_EXP_INTERACTIVE_ENV_LOW_LATENCY_SESS_W0002,DS1_NATIVE_IPSEC_ENHANCED,1,EXP_INTERACTIVE_ENV_LOW,GRP_EXP_INTERACTIVE_ENV_LOW_LATENCY_SESS,LATENCY_SESS,2,INTERACTIVE,ENV_LOW,2.390498,113.3655,30639.6418,0.008854,0.026567,270.27,402.6,42.0,1478.0,118.0,134.0,214.0,1411.0,0.0058,EXP_INTERACTIVE_ENV_LOW_LATENCY_SESS_0147.pcap
NAT_ENH_EXP_INTERACTIVE_ENV_LOW_LATENCY_SESS_W0003,DS1_NATIVE_IPSEC_ENHANCED,1,EXP_INTERACTIVE_ENV_LOW,GRP_EXP_INTERACTIVE_ENV_LOW_LATENCY_SESS,LATENCY_SESS,3,INTERACTIVE,ENV_LOW,2.773009,116.8406,31897.843,0.008585,0.025345,273.0,405.12,42.0,1478.0,118.0,134.0,214.0,1411.0,0.0048,EXP_INTERACTIVE_ENV_LOW_LATENCY_SESS_0147.pcap
NAT_ENH_EXP_INTERACTIVE_ENV_LOW_LATENCY_SESS_W0004,DS1_NATIVE_IPSEC_ENHANCED,1,EXP_INTERACTIVE_ENV_LOW,GRP_EXP_INTERACTIVE_ENV_LOW_LATENCY_SESS,LATENCY_SESS,4,INTERACTIVE,ENV_LOW,2.933995,115.5421,31835.0917,0.00868,0.025462,275.53,406.87,66.0,1478.0,118.0,134.0,214.0,1411.0,0.0017,EXP_INTERACTIVE_ENV_LOW_LATENCY_SESS_0147.pcap
NAT_ENH_EXP_INTERACTIVE_ENV_LOW_LATENCY_SESS_W0005,DS1_NATIVE_IPSEC_ENHANCED,1,EXP_INTERACTIVE_ENV_LOW,GRP_EXP_INTERACTIVE_ENV_LOW_LATENCY_SESS,LATENCY_SESS,5,INTERACTIVE,ENV_LOW,2.930003,109.5562,30168.9118,0.009156,0.026831,275.37,406.37,66.0,1478.0,134.0,134.0,214.0,1411.0,0.0008,EXP_INTERACTIVE_ENV_LOW_LATENCY_SESS_0147.pcap
NAT_ENH_EXP_INTERACTIVE_ENV_LOW_LATENCY_SESS_W0006,DS1_NATIVE_IPSEC_ENHANCED,1,EXP_INTERACTIVE_ENV_LOW,GRP_EXP_INTERACTIVE_ENV_LOW_LATENCY_SESS,LATENCY_SESS,6,INTERACTIVE,ENV_LOW,2.83714,108.56,29518.4579,0.009241,0.027316,271.91,403.21,66.0,1478.0,118.0,134.0,214.0,1411.0,0.0017,EXP_INTERACTIVE_ENV_LOW_LATENCY_SESS_0147.pcap
NAT_ENH_EXP_INTERACTIVE_ENV_LOW_LATENCY_SESS_W0007,DS1_NATIVE_IPSEC_ENHANCED,1,EXP_INTERACTIVE_ENV_LOW,GRP_EXP_INTERACTIVE_ENV_LOW_LATENCY_SESS,LATENCY_SESS,7,INTERACTIVE,ENV_LOW,2.961988,109.7236,29941.7151,0.009142,0.027323,272.88,404.43,66.0,1478.0,118.0,134.0,214.0,1411.0,0.0016,EXP_INTERACTIVE_ENV_LOW_LATENCY_SESS_0147.pcap
NAT_ENH_EXP_INTERACTIVE_ENV_LOW_LATENCY_SESS_W0000,DS1_NATIVE_IPSEC_ENHANCED,1,EXP_INTERACTIVE_ENV_LOW,GRP_EXP_INTERACTIVE_ENV_LOW_LATENCY_SESS,LATENCY_SESS,0,INTERACTIVE,ENV_LOW,2.847447,35.1192,9221.243,0.028762,0.103048,262.57,398.13,42.0,1478.0,90.0,134.0,154.0,405.70000000000954,0.037,EXP_INTERACTIVE_ENV_LOW_LATENCY_SESS_0148.pcap
NAT_ENH_EXP_INTERACTIVE_ENV_LOW_LATENCY_SESS_W0001,DS1_NATIVE_IPSEC_ENHANCED,1,EXP_INTERACTIVE_ENV_LOW,GRP_EXP_INTERACTIVE_ENV_LOW_LATENCY_SESS,LATENCY_SESS,1,INTERACTIVE,ENV_LOW,2.938182,49.6906,12825.2772,0.020263,0.080439,258.1,390.5,42.0,1478.0,90.0,134.0,134.0,294.0,0.0206,EXP_INTERACTIVE_ENV_LOW_LATENCY_SESS_0148.pcap
NAT_ENH_EXP_INTERACTIVE_ENV_LOW_LATENCY_SESS_W0002,DS1_NATIVE_IPSEC_ENHANCED,1,EXP_INTERACTIVE_ENV_LOW,GRP_EXP_INTERACTIVE_ENV_LOW_LATENCY_SESS,LATENCY_SESS,2,INTERACTIVE,ENV_LOW,2.481987,72.1196,19185.8378,0.013944,0.0383,266.03,398.13,42.0,1478.0,104.0,134.0,214.0,517.4000000000191,0.0124,EXP_INTERACTIVE_ENV_LOW_LATENCY_SESS_0148.pcap
NAT_ENH_EXP_INTERACTIVE_ENV_LOW_LATENCY_SESS_W0003,DS1_NATIVE_IPSEC_ENHANCED,1,EXP_INTERACTIVE_ENV_LOW,GRP_EXP_INTERACTIVE_ENV_LOW_LATENCY_SESS,LATENCY_SESS,3,INTERACTIVE,ENV_LOW,2.861715,75.1298,20228.78,0.013372,0.037597,269.25,400.83,42.0,1478.0,118.0,134.0,214.0,964.1999999999937,0.0074,EXP_INTERACTIVE_ENV_LOW_LATENCY_SESS_0148.pcap
NAT_ENH_EXP_INTERACTIVE_ENV_LOW_LATENCY_SESS_W0004,DS1_NATIVE_IPSEC_ENHANCED,1,EXP_INTERACTIVE_ENV_LOW,GRP_EXP_INTERACTIVE_ENV_LOW_LATENCY_SESS,LATENCY_SESS,4,INTERACTIVE,ENV_LOW,2.824195,81.7932,22296.6198,0.012279,0.035516,272.6,402.98,66.0,1478.0,126.0,134.0,214.0,1411.0,0.0014,EXP_INTERACTIVE_ENV_LOW_LATENCY_SESS_0148.pcap
NAT_ENH_EXP_INTERACTIVE_ENV_LOW_LATENCY_SESS_W0005,DS1_NATIVE_IPSEC_ENHANCED,1,EXP_INTERACTIVE_ENV_LOW,GRP_EXP_INTERACTIVE_ENV_LOW_LATENCY_SESS,LATENCY_SESS,5,INTERACTIVE,ENV_LOW,2.870904,81.1591,21988.1963,0.012375,0.035869,270.93,401.66,66.0,1478.0,118.0,134.0,214.0,1187.6000000000126,0.0011,EXP_INTERACTIVE_ENV_LOW_LATENCY_SESS_0148.pcap
NAT_ENH_EXP_INTERACTIVE_ENV_LOW_LATENCY_SESS_W0006,DS1_NATIVE_IPSEC_ENHANCED,1,EXP_INTERACTIVE_ENV_LOW,GRP_EXP_INTERACTIVE_ENV_LOW_LATENCY_SESS,LATENCY_SESS,6,INTERACTIVE,ENV_LOW,2.863392,84.5152,22370.6718,0.011881,0.033926,264.69,395.44,66.0,1478.0,118.0,134.0,194.0,294.0,0.0022,EXP_INTERACTIVE_ENV_LOW_LATENCY_SESS_0148.pcap
NAT_ENH_EXP_INTERACTIVE_ENV_LOW_LATENCY_SESS_W0007,DS1_NATIVE_IPSEC_ENHANCED,1,EXP_INTERACTIVE_ENV_LOW,GRP_EXP_INTERACTIVE_ENV_LOW_LATENCY_SESS,LATENCY_SESS,7,INTERACTIVE,ENV_LOW,2.908853,81.4754,22845.7742,0.012326,0.034894,280.4,412.57,66.0,1478.0,118.0,134.0,214.0,1411.0,0.0021,EXP_INTERACTIVE_ENV_LOW_LATENCY_SESS_0148.pcap
NAT_ENH_EXP_INTERACTIVE_ENV_LOW_LATENCY_SESS_W0008,DS1_NATIVE_IPSEC_ENHANCED,1,EXP_INTERACTIVE_ENV_LOW,GRP_EXP_INTERACTIVE_ENV_LOW_LATENCY_SESS,LATENCY_SESS,8,INTERACTIVE,ENV_LOW,2.875662,83.1113,23179.0118,0.012083,0.034119,278.89,411.18,66.0,1478.0,118.0,134.0,214.0,1411.0,0.0021,EXP_INTERACTIVE_ENV_LOW_LATENCY_SESS_0148.pcap
NAT_ENH_EXP_INTERACTIVE_ENV_LOW_LATENCY_SESS_W0009,DS1_NATIVE_IPSEC_ENHANCED,1,EXP_INTERACTIVE_ENV_LOW,GRP_EXP_INTERACTIVE_ENV_LOW_LATENCY_SESS,LATENCY_SESS,9,INTERACTIVE,ENV_LOW,2.91725,84.6688,23181.7643,0.011859,0.033592,273.79,405.52,66.0,1478.0,118.0,134.0,214.0,1411.0,0.0021,EXP_INTERACTIVE_ENV_LOW_LATENCY_SESS_0148.pcap
NAT_ENH_EXP_INTERACTIVE_ENV_LOW_LATENCY_SESS_W0010,DS1_NATIVE_IPSEC_ENHANCED,1,EXP_INTERACTIVE_ENV_LOW,GRP_EXP_INTERACTIVE_ENV_LOW_LATENCY_SESS,LATENCY_SESS,10,INTERACTIVE,ENV_LOW,2.900047,84.1366,23209.6233,0.011934,0.033651,275.86,407.56,66.0,1478.0,130.0,134.0,214.0,1411.0,0.0021,EXP_INTERACTIVE_ENV_LOW_LATENCY_SESS_0148.pcap
NAT_ENH_EXP_INTERACTIVE_ENV_LOW_LATENCY_SESS_W0011,DS1_NATIVE_IPSEC_ENHANCED,1,EXP_INTERACTIVE_ENV_LOW,GRP_EXP_INTERACTIVE_ENV_LOW_LATENCY_SESS,LATENCY_SESS,11,INTERACTIVE,ENV_LOW,2.870876,83.9465,23351.4085,0.011962,0.033694,278.17,409.54,66.0,1478.0,134.0,134.0,214.0,1411.0,0.001,EXP_INTERACTIVE_ENV_LOW_LATENCY_SESS_0148.pcap
NAT_ENH_EXP_INTERACTIVE_ENV_LOW_LATENCY_SESS_W0000,DS1_NATIVE_IPSEC_ENHANCED,1,EXP_INTERACTIVE_ENV_LOW,GRP_EXP_INTERACTIVE_ENV_LOW_LATENCY_SESS,LATENCY_SESS,0,INTERACTIVE,ENV_LOW,2.958904,37.5139,9261.1993,0.026899,0.108545,246.87,380.98,42.0,1478.0,86.0,134.0,134.0,294.0,0.0319,EXP_INTERACTIVE_ENV_LOW_LATENCY_SESS_0149.pcap
NAT_ENH_EXP_INTERACTIVE_ENV_LOW_LATENCY_SESS_W0001,DS1_NATIVE_IPSEC_ENHANCED,1,EXP_INTERACTIVE_ENV_LOW,GRP_EXP_INTERACTIVE_ENV_LOW_LATENCY_SESS,LATENCY_SESS,1,INTERACTIVE,ENV_LOW,2.855784,46.9223,11630.4307,0.021472,0.092933,247.87,379.44,42.0,1478.0,87.0,134.0,134.0,294.0,0.0206,EXP_INTERACTIVE_ENV_LOW_LATENCY_SESS_0149.pcap
NAT_ENH_EXP_INTERACTIVE_ENV_LOW_LATENCY_SESS_W0002,DS1_NATIVE_IPSEC_ENHANCED,1,EXP_INTERACTIVE_ENV_LOW,GRP_EXP_INTERACTIVE_ENV_LOW_LATENCY_SESS,LATENCY_SESS,2,INTERACTIVE,ENV_LOW,2.451279,76.2867,19697.0649,0.013179,0.038601,258.2,391.23,42.0,1478.0,90.0,134.0,134.0,294.0,0.0122,EXP_INTERACTIVE_ENV_LOW_LATENCY_SESS_0149.pcap
NAT_ENH_EXP_INTERACTIVE_ENV_LOW_LATENCY_SESS_W0003,DS1_NATIVE_IPSEC_ENHANCED,1,EXP_INTERACTIVE_ENV_LOW,GRP_EXP_INTERACTIVE_ENV_LOW_LATENCY_SESS,LATENCY_SESS,3,INTERACTIVE,ENV_LOW,2.922538,75.9614,19994.6071,0.013224,0.038786,263.22,395.82,42.0,1478.0,118.0,134.0,134.0,294.0,0.0073,EXP_INTERACTIVE_ENV_LOW_LATENCY_SESS_0149.pcap
NAT_ENH_EXP_INTERACTIVE_ENV_LOW_LATENCY_SESS_W0004,DS1_NATIVE_IPSEC_ENHANCED,1,EXP_INTERACTIVE_ENV_LOW,GRP_EXP_INTERACTIVE_ENV_LOW_LATENCY_SESS,LATENCY_SESS,4,INTERACTIVE,ENV_LOW,2.854028,89.3474,23968.5807,0.011236,0.033533,268.26,400.35,42.0,1478.0,118.0,134.0,214.0,964.1999999999937,0.0012,EXP_INTERACTIVE_ENV_LOW_LATENCY_SESS_0149.pcap
NAT_ENH_EXP_INTERACTIVE_ENV_LOW_LATENCY_SESS_W0005,DS1_NATIVE_IPSEC_ENHANCED,1,EXP_INTERACTIVE_ENV_LOW,GRP_EXP_INTERACTIVE_ENV_LOW_LATENCY_SESS,LATENCY_SESS,5,INTERACTIVE,ENV_LOW,2.89519,91.8765,25180.3854,0.010925,0.032359,274.07,405.4,66.0,1478.0,122.0,134.0,214.0,1411.0,0.2236,EXP_INTERACTIVE_ENV_LOW_LATENCY_SESS_0149.pcap
NAT_ENH_EXP_INTERACTIVE_ENV_LOW_LATENCY_SESS_W0006,DS1_NATIVE_IPSEC_ENHANCED,1,EXP_INTERACTIVE_ENV_LOW,GRP_EXP_INTERACTIVE_ENV_LOW_LATENCY_SESS,LATENCY_SESS,6,INTERACTIVE,ENV_LOW,2.795544,82.9892,22547.3098,0.012102,0.034644,271.69,402.35,66.0,1478.0,130.0,134.0,214.0,1299.3000000000063,0.0011,EXP_INTERACTIVE_ENV_LOW_LATENCY_SESS_0149.pcap
NAT_ENH_EXP_INTERACTIVE_ENV_LOW_LATENCY_SESS_W0007,DS1_NATIVE_IPSEC_ENHANCED,1,EXP_INTERACTIVE_ENV_LOW,GRP_EXP_INTERACTIVE_ENV_LOW_LATENCY_SESS,LATENCY_SESS,7,INTERACTIVE,ENV_LOW,2.99085,84.9257,23884.1803,0.011822,0.033265,281.24,413.4,66.0,1478.0,134.0,134.0,214.0,1411.0,0.002,EXP_INTERACTIVE_ENV_LOW_LATENCY_SESS_0149.pcap
NAT_ENH_EXP_INTERACTIVE_ENV_LOW_LATENCY_SESS_W0008,DS1_NATIVE_IPSEC_ENHANCED,1,EXP_INTERACTIVE_ENV_LOW,GRP_EXP_INTERACTIVE_ENV_LOW_LATENCY_SESS,LATENCY_SESS,8,INTERACTIVE,ENV_LOW,2.872767,85.9798,23600.5916,0.011678,0.032437,274.49,405.28,66.0,1478.0,134.0,134.0,214.0,1411.0,0.0021,EXP_INTERACTIVE_ENV_LOW_LATENCY_SESS_0149.pcap
NAT_ENH_EXP_INTERACTIVE_ENV_LOW_LATENCY_SESS_W0009,DS1_NATIVE_IPSEC_ENHANCED,1,EXP_INTERACTIVE_ENV_LOW,GRP_EXP_INTERACTIVE_ENV_LOW_LATENCY_SESS,LATENCY_SESS,9,INTERACTIVE,ENV_LOW,2.972342,86.4638,24197.7537,0.011611,0.033857,279.86,411.19,66.0,1478.0,134.0,134.0,214.0,1411.0,0.002,EXP_INTERACTIVE_ENV_LOW_LATENCY_SESS_0149.pcap
NAT_ENH_EXP_INTERACTIVE_ENV_LOW_LATENCY_SESS_W0000,DS1_NATIVE_IPSEC_ENHANCED,1,EXP_INTERACTIVE_ENV_LOW,GRP_EXP_INTERACTIVE_ENV_LOW_LATENCY_SESS,LATENCY_SESS,0,INTERACTIVE,ENV_LOW,2.948687,45.7831,11286.379,0.022005,0.076173,246.52,378.33,42.0,1478.0,88.0,134.0,134.0,294.0,0.0289,EXP_INTERACTIVE_ENV_LOW_LATENCY_SESS_0150.pcap
NAT_ENH_EXP_INTERACTIVE_ENV_LOW_LATENCY_SESS_W0001,DS1_NATIVE_IPSEC_ENHANCED,1,EXP_INTERACTIVE_ENV_LOW,GRP_EXP_INTERACTIVE_ENV_LOW_LATENCY_SESS,LATENCY_SESS,1,INTERACTIVE,ENV_LOW,2.866025,70.132,18478.555,0.01433,0.051018,263.48,396.63,42.0,1478.0,90.0,134.0,134.0,294.0,0.0146,EXP_INTERACTIVE_ENV_LOW_LATENCY_SESS_0150.pcap
NAT_ENH_EXP_INTERACTIVE_ENV_LOW_LATENCY_SESS_W0002,DS1_NATIVE_IPSEC_ENHANCED,1,EXP_INTERACTIVE_ENV_LOW,GRP_EXP_INTERACTIVE_ENV_LOW_LATENCY_SESS,LATENCY_SESS,2,INTERACTIVE,ENV_LOW,2.962744,87.419,23248.3806,0.011484,0.042445,265.94,397.73,42.0,1478.0,118.0,134.0,214.0,517.4000000000191,0.0086,EXP_INTERACTIVE_ENV_LOW_LATENCY_SESS_0150.pcap
NAT_ENH_EXP_INTERACTIVE_ENV_LOW_LATENCY_SESS_W0003,DS1_NATIVE_IPSEC_ENHANCED,1,EXP_INTERACTIVE_ENV_LOW,GRP_EXP_INTERACTIVE_ENV_LOW_LATENCY_SESS,LATENCY_SESS,3,INTERACTIVE,ENV_LOW,2.676581,119.1819,32878.8866,0.008417,0.028474,275.87,407.62,42.0,1478.0,118.0,134.0,214.0,1411.0,0.002,EXP_INTERACTIVE_ENV_LOW_LATENCY_SESS_0150.pcap
NAT_ENH_EXP_INTERACTIVE_ENV_LOW_LATENCY_SESS_W0004,DS1_NATIVE_IPSEC_ENHANCED,1,EXP_INTERACTIVE_ENV_LOW,GRP_EXP_INTERACTIVE_ENV_LOW_LATENCY_SESS,LATENCY_SESS,4,INTERACTIVE,ENV_LOW,2.914017,130.7474,35786.3394,0.007668,0.023066,273.71,404.98,42.0,1478.0,118.0,134.0,214.0,1411.0,0.0015,EXP_INTERACTIVE_ENV_LOW_LATENCY_SESS_0150.pcap
NAT_ENH_EXP_INTERACTIVE_ENV_LOW_LATENCY_SESS_W0005,DS1_NATIVE_IPSEC_ENHANCED,1,EXP_INTERACTIVE_ENV_LOW,GRP_EXP_INTERACTIVE_ENV_LOW_LATENCY_SESS,LATENCY_SESS,5,INTERACTIVE,ENV_LOW,2.957953,120.6916,33309.8602,0.008309,0.025522,275.99,407.24,66.0,1478.0,118.0,134.0,214.0,1411.0,0.0007,EXP_INTERACTIVE_ENV_LOW_LATENCY_SESS_0150.pcap
NAT_ENH_EXP_INTERACTIVE_ENV_LOW_LATENCY_SESS_W0006,DS1_NATIVE_IPSEC_ENHANCED,1,EXP_INTERACTIVE_ENV_LOW,GRP_EXP_INTERACTIVE_ENV_LOW_LATENCY_SESS,LATENCY_SESS,6,INTERACTIVE,ENV_LOW,2.851671,119.2283,33859.0926,0.008412,0.02514,283.99,415.6,66.0,1478.0,134.0,134.0,214.0,1411.0,0.0015,EXP_INTERACTIVE_ENV_LOW_LATENCY_SESS_0150.pcap
NAT_ENH_EXP_INTERACTIVE_ENV_LOW_LATENCY_SESS_W0007,DS1_NATIVE_IPSEC_ENHANCED,1,EXP_INTERACTIVE_ENV_LOW,GRP_EXP_INTERACTIVE_ENV_LOW_LATENCY_SESS,LATENCY_SESS,7,INTERACTIVE,ENV_LOW,2.832463,111.5637,31034.827,0.008992,0.026481,278.18,408.94,66.0,1478.0,134.0,134.0,214.0,1411.0,0.0016,EXP_INTERACTIVE_ENV_LOW_LATENCY_SESS_0150.pcap
NAT_ENH_EXP_INTERACTIVE_ENV_LOW_LATENCY_SESS_W0008,DS1_NATIVE_IPSEC_ENHANCED,1,EXP_INTERACTIVE_ENV_LOW,GRP_EXP_INTERACTIVE_ENV_LOW_LATENCY_SESS,LATENCY_SESS,8,INTERACTIVE,ENV_LOW,2.910469,101.0147,28255.2417,0.009933,0.029937,279.71,411.02,66.0,1478.0,134.0,134.0,214.0,1411.0,0.0017,EXP_INTERACTIVE_ENV_LOW_LATENCY_SESS_0150.pcap
NAT_ENH_EXP_INTERACTIVE_ENV_LOW_LATENCY_SESS_W0009,DS1_NATIVE_IPSEC_ENHANCED,1,EXP_INTERACTIVE_ENV_LOW,GRP_EXP_INTERACTIVE_ENV_LOW_LATENCY_SESS,LATENCY_SESS,9,INTERACTIVE,ENV_LOW,2.887907,92.4545,25323.5299,0.010857,0.032834,273.9,404.63,66.0,1478.0,126.0,134.0,214.0,1411.0,0.0019,EXP_INTERACTIVE_ENV_LOW_LATENCY_SESS_0150.pcap
NAT_ENH_EXP_WEB_ENV_CLEAN_SESS_0061_W0000,DS1_NATIVE_IPSEC_ENHANCED,1,EXP_WEB_ENV_CLEAN,GRP_EXP_WEB_ENV_CLEAN_SESS_0061,SESS_0061,0,WEB,ENV_CLEAN,2.963912,31.0401,7554.8801,0.03257,0.104814,243.39,374.89,42.0,1478.0,86.0,134.0,134.0,294.0,0.0393,EXP_WEB_ENV_CLEAN_SESS_0061.pcap
NAT_ENH_EXP_WEB_ENV_CLEAN_SESS_0061_W0001,DS1_NATIVE_IPSEC_ENHANCED,1,EXP_WEB_ENV_CLEAN,GRP_EXP_WEB_ENV_CLEAN_SESS_0061,SESS_0061,1,WEB,ENV_CLEAN,2.907876,48.1451,12730.5978,0.02092,0.082541,264.42,397.44,42.0,1478.0,90.0,134.0,154.0,405.70000000000954,0.0184,EXP_WEB_ENV_CLEAN_SESS_0061.pcap
NAT_ENH_EXP_WEB_ENV_CLEAN_SESS_0061_W0002,DS1_NATIVE_IPSEC_ENHANCED,1,EXP_WEB_ENV_CLEAN,GRP_EXP_WEB_ENV_CLEAN_SESS_0061,SESS_0061,2,WEB,ENV_CLEAN,2.609621,67.8259,18161.6408,0.014827,0.047556,267.77,399.96,42.0,1478.0,134.0,134.0,214.0,740.8000000000063,0.0125,EXP_WEB_ENV_CLEAN_SESS_0061.pcap
NAT_ENH_EXP_WEB_ENV_CLEAN_SESS_0061_W0003,DS1_NATIVE_IPSEC_ENHANCED,1,EXP_WEB_ENV_CLEAN,GRP_EXP_WEB_ENV_CLEAN_SESS_0061,SESS_0061,3,WEB,ENV_CLEAN,2.910945,75.5768,20126.4542,0.013292,0.042999,266.3,396.73,42.0,1478.0,134.0,134.0,214.0,405.6999999999937,0.0073,EXP_WEB_ENV_CLEAN_SESS_0061.pcap
NAT_ENH_EXP_WEB_ENV_CLEAN_SESS_0061_W0004,DS1_NATIVE_IPSEC_ENHANCED,1,EXP_WEB_ENV_CLEAN,GRP_EXP_WEB_ENV_CLEAN_SESS_0061,SESS_0061,4,WEB,ENV_CLEAN,2.87367,91.5206,25304.2268,0.010968,0.033791,276.49,407.13,42.0,1478.0,134.0,134.0,214.0,1411.0,0.0012,EXP_WEB_ENV_CLEAN_SESS_0061.pcap
NAT_ENH_EXP_WEB_ENV_CLEAN_SESS_0061_W0005,DS1_NATIVE_IPSEC_ENHANCED,1,EXP_WEB_ENV_CLEAN,GRP_EXP_WEB_ENV_CLEAN_SESS_0061,SESS_0061,5,WEB,ENV_CLEAN,2.804233,89.1509,24400.6129,0.011262,0.034194,273.7,402.77,66.0,1478.0,134.0,134.0,214.0,1411.0,0.2446,EXP_WEB_ENV_CLEAN_SESS_0061.pcap
NAT_ENH_EXP_WEB_ENV_CLEAN_SESS_0061_W0006,DS1_NATIVE_IPSEC_ENHANCED,1,EXP_WEB_ENV_CLEAN,GRP_EXP_WEB_ENV_CLEAN_SESS_0061,SESS_0061,6,WEB,ENV_CLEAN,2.850001,89.8245,25221.7447,0.011176,0.03406,280.79,411.71,66.0,1478.0,134.0,134.0,214.0,1411.0,0.002,EXP_WEB_ENV_CLEAN_SESS_0061.pcap
NAT_ENH_EXP_WEB_ENV_CLEAN_SESS_0061_W0007,DS1_NATIVE_IPSEC_ENHANCED,1,EXP_WEB_ENV_CLEAN,GRP_EXP_WEB_ENV_CLEAN_SESS_0061,SESS_0061,7,WEB,ENV_CLEAN,2.931444,89.7169,24824.6243,0.011189,0.033931,276.7,407.01,66.0,1478.0,134.0,134.0,214.0,1411.0,0.0019,EXP_WEB_ENV_CLEAN_SESS_0061.pcap
NAT_ENH_EXP_WEB_ENV_CLEAN_SESS_0061_W0008,DS1_NATIVE_IPSEC_ENHANCED,1,EXP_WEB_ENV_CLEAN,GRP_EXP_WEB_ENV_CLEAN_SESS_0061,SESS_0061,8,WEB,ENV_CLEAN,2.890879,90.6299,25126.6145,0.011076,0.03322,277.24,407.69,66.0,1478.0,134.0,134.0,214.0,1411.0,0.0019,EXP_WEB_ENV_CLEAN_SESS_0061.pcap
NAT_ENH_EXP_WEB_ENV_CLEAN_SESS_0061_W0009,DS1_NATIVE_IPSEC_ENHANCED,1,EXP_WEB_ENV_CLEAN,GRP_EXP_WEB_ENV_CLEAN_SESS_0061,SESS_0061,9,WEB,ENV_CLEAN,2.853681,88.6574,25072.1779,0.011324,0.033885,282.8,413.71,66.0,1478.0,134.0,134.0,214.0,1411.0,0.002,EXP_WEB_ENV_CLEAN_SESS_0061.pcap
NAT_ENH_EXP_WEB_ENV_CLEAN_SESS_0062_W0000,DS1_NATIVE_IPSEC_ENHANCED,1,EXP_WEB_ENV_CLEAN,GRP_EXP_WEB_ENV_CLEAN_SESS_0062,SESS_0062,0,WEB,ENV_CLEAN,2.945722,49.5634,12823.6808,0.020315,0.08007,258.73,390.25,42.0,1478.0,90.0,134.0,134.0,294.0,0.0254,EXP_WEB_ENV_CLEAN_SESS_0062.pcap
NAT_ENH_EXP_WEB_ENV_CLEAN_SESS_0062_W0001,DS1_NATIVE_IPSEC_ENHANCED,1,EXP_WEB_ENV_CLEAN,GRP_EXP_WEB_ENV_CLEAN_SESS_0062,SESS_0062,1,WEB,ENV_CLEAN,2.423148,79.2358,21552.9558,0.012687,0.051209,272.01,403.82,42.0,1478.0,134.0,134.0,214.0,1299.3000000000063,0.0113,EXP_WEB_ENV_CLEAN_SESS_0062.pcap
NAT_ENH_EXP_WEB_ENV_CLEAN_SESS_0062_W0002,DS1_NATIVE_IPSEC_ENHANCED,1,EXP_WEB_ENV_CLEAN,GRP_EXP_WEB_ENV_CLEAN_SESS_0062,SESS_0062,2,WEB,ENV_CLEAN,2.768423,85.2471,22917.0174,0.011781,0.047178,268.83,399.57,42.0,1478.0,134.0,134.0,214.0,852.5,0.0093,EXP_WEB_ENV_CLEAN_SESS_0062.pcap
NAT_ENH_EXP_WEB_ENV_CLEAN_SESS_0062_W0003,DS1_NATIVE_IPSEC_ENHANCED,1,EXP_WEB_ENV_CLEAN,GRP_EXP_WEB_ENV_CLEAN_SESS_0062,SESS_0062,3,WEB,ENV_CLEAN,2.793331,109.5466,30008.6179,0.009158,0.030208,273.93,403.99,42.0,1478.0,134.0,134.0,214.0,1411.0,0.0021,EXP_WEB_ENV_CLEAN_SESS_0062.pcap
NAT_ENH_EXP_WEB_ENV_CLEAN_SESS_0062_W0004,DS1_NATIVE_IPSEC_ENHANCED,1,EXP_WEB_ENV_CLEAN,GRP_EXP_WEB_ENV_CLEAN_SESS_0062,SESS_0062,4,WEB,ENV_CLEAN,2.891991,121.7154,33996.9921,0.008239,0.026112,279.32,409.23,66.0,1478.0,134.0,134.0,214.0,1411.0,0.2344,EXP_WEB_ENV_CLEAN_SESS_0062.pcap
NAT_ENH_EXP_WEB_ENV_CLEAN_SESS_0062_W0005,DS1_NATIVE_IPSEC_ENHANCED,1,EXP_WEB_ENV_CLEAN,GRP_EXP_WEB_ENV_CLEAN_SESS_0062,SESS_0062,5,WEB,ENV_CLEAN,2.949938,123.3924,33791.557,0.008127,0.025623,273.85,403.59,66.0,1478.0,134.0,134.0,214.0,1411.0,0.0014,EXP_WEB_ENV_CLEAN_SESS_0062.pcap
NAT_ENH_EXP_WEB_ENV_CLEAN_SESS_0063_W0000,DS1_NATIVE_IPSEC_ENHANCED,1,EXP_WEB_ENV_CLEAN,GRP_EXP_WEB_ENV_CLEAN_SESS_0063,SESS_0063,0,WEB,ENV_CLEAN,2.98611,24.4465,5754.9789,0.041474,0.11053,235.41,366.09,42.0,1478.0,86.0,134.0,134.0,294.0,0.0576,EXP_WEB_ENV_CLEAN_SESS_0063.pcap
NAT_ENH_EXP_WEB_ENV_CLEAN_SESS_0063_W0001,DS1_NATIVE_IPSEC_ENHANCED,1,EXP_WEB_ENV_CLEAN,GRP_EXP_WEB_ENV_CLEAN_SESS_0063,SESS_0063,1,WEB,ENV_CLEAN,2.685654,39.8413,10146.877,0.025336,0.083419,254.68,386.18,42.0,1478.0,90.0,134.0,134.0,294.0,0.0254,EXP_WEB_ENV_CLEAN_SESS_0063.pcap
NAT_ENH_EXP_WEB_ENV_CLEAN_SESS_0063_W0002,DS1_NATIVE_IPSEC_ENHANCED,1,EXP_WEB_ENV_CLEAN,GRP_EXP_WEB_ENV_CLEAN_SESS_0063,SESS_0063,2,WEB,ENV_CLEAN,2.862845,49.601,13071.9608,0.020304,0.071968,263.54,394.64,42.0,1478.0,101.0,134.0,194.0,294.0,0.0159,EXP_WEB_ENV_CLEAN_SESS_0063.pcap
NAT_ENH_EXP_WEB_ENV_CLEAN_SESS_0063_W0003,DS1_NATIVE_IPSEC_ENHANCED,1,EXP_WEB_ENV_CLEAN,GRP_EXP_WEB_ENV_CLEAN_SESS_0063,SESS_0063,3,WEB,ENV_CLEAN,2.391335,77.7808,21612.1956,0.012926,0.040027,277.86,408.93,42.0,1478.0,134.0,134.0,214.0,1411.0,0.0034,EXP_WEB_ENV_CLEAN_SESS_0063.pcap
NAT_ENH_EXP_WEB_ENV_CLEAN_SESS_0063_W0004,DS1_NATIVE_IPSEC_ENHANCED,1,EXP_WEB_ENV_CLEAN,GRP_EXP_WEB_ENV_CLEAN_SESS_0063,SESS_0063,4,WEB,ENV_CLEAN,2.920913,78.7425,21534.3629,0.012755,0.039095,273.48,403.68,42.0,1478.0,134.0,134.0,214.0,1411.0,0.0028,EXP_WEB_ENV_CLEAN_SESS_0063.pcap
NAT_ENH_EXP_WEB_ENV_CLEAN_SESS_0063_W0005,DS1_NATIVE_IPSEC_ENHANCED,1,EXP_WEB_ENV_CLEAN,GRP_EXP_WEB_ENV_CLEAN_SESS_0063,SESS_0063,5,WEB,ENV_CLEAN,2.937313,84.4309,23183.4327,0.011892,0.0345,274.58,404.3,66.0,1478.0,134.0,134.0,214.0,1411.0,0.0021,EXP_WEB_ENV_CLEAN_SESS_0063.pcap
NAT_ENH_EXP_WEB_ENV_CLEAN_SESS_0063_W0006,DS1_NATIVE_IPSEC_ENHANCED,1,EXP_WEB_ENV_CLEAN,GRP_EXP_WEB_ENV_CLEAN_SESS_0063,SESS_0063,6,WEB,ENV_CLEAN,2.778078,87.8305,24312.1317,0.011432,0.034053,276.81,407.17,66.0,1478.0,134.0,134.0,214.0,1411.0,0.0021,EXP_WEB_ENV_CLEAN_SESS_0063.pcap
NAT_ENH_EXP_WEB_ENV_CLEAN_SESS_0063_W0007,DS1_NATIVE_IPSEC_ENHANCED,1,EXP_WEB_ENV_CLEAN,GRP_EXP_WEB_ENV_CLEAN_SESS_0063,SESS_0063,7,WEB,ENV_CLEAN,2.947268,86.8601,24389.3666,0.011558,0.034682,280.79,411.71,66.0,1478.0,134.0,134.0,214.0,1411.0,0.002,EXP_WEB_ENV_CLEAN_SESS_0063.pcap
NAT_ENH_EXP_WEB_ENV_CLEAN_SESS_0063_W0008,DS1_NATIVE_IPSEC_ENHANCED,1,EXP_WEB_ENV_CLEAN,GRP_EXP_WEB_ENV_CLEAN_SESS_0063,SESS_0063,8,WEB,ENV_CLEAN,2.844783,86.4741,23812.3625,0.011611,0.034849,275.37,405.84,66.0,1478.0,134.0,134.0,214.0,1411.0,0.0021,EXP_WEB_ENV_CLEAN_SESS_0063.pcap
NAT_ENH_EXP_WEB_ENV_CLEAN_SESS_0063_W0009,DS1_NATIVE_IPSEC_ENHANCED,1,EXP_WEB_ENV_CLEAN,GRP_EXP_WEB_ENV_CLEAN_SESS_0063,SESS_0063,9,WEB,ENV_CLEAN,2.880834,81.5736,22054.0294,0.012311,0.037236,270.36,399.92,66.0,1478.0,134.0,134.0,214.0,964.1999999999937,0.0022,EXP_WEB_ENV_CLEAN_SESS_0063.pcap
NAT_ENH_EXP_WEB_ENV_CLEAN_SESS_0064_W0000,DS1_NATIVE_IPSEC_ENHANCED,1,EXP_WEB_ENV_CLEAN,GRP_EXP_WEB_ENV_CLEAN_SESS_0064,SESS_0064,0,WEB,ENV_CLEAN,2.962687,47.2544,12486.9754,0.021314,0.100344,264.25,397.49,42.0,1478.0,90.0,134.0,154.0,405.70000000000954,0.0234,EXP_WEB_ENV_CLEAN_SESS_0064.pcap
NAT_ENH_EXP_WEB_ENV_CLEAN_SESS_0064_W0001,DS1_NATIVE_IPSEC_ENHANCED,1,EXP_WEB_ENV_CLEAN,GRP_EXP_WEB_ENV_CLEAN_SESS_0064,SESS_0064,1,WEB,ENV_CLEAN,2.423299,82.5321,21946.1149,0.012177,0.052262,265.91,396.9,42.0,1478.0,134.0,134.0,214.0,405.6999999999937,0.0111,EXP_WEB_ENV_CLEAN_SESS_0064.pcap
NAT_ENH_EXP_WEB_ENV_CLEAN_SESS_0064_W0002,DS1_NATIVE_IPSEC_ENHANCED,1,EXP_WEB_ENV_CLEAN,GRP_EXP_WEB_ENV_CLEAN_SESS_0064,SESS_0064,2,WEB,ENV_CLEAN,2.937059,85.1192,23147.3035,0.011795,0.048905,271.94,403.47,42.0,1478.0,134.0,134.0,214.0,1411.0,0.0087,EXP_WEB_ENV_CLEAN_SESS_0064.pcap
NAT_ENH_EXP_WEB_ENV_CLEAN_SESS_0064_W0003,DS1_NATIVE_IPSEC_ENHANCED,1,EXP_WEB_ENV_CLEAN,GRP_EXP_WEB_ENV_CLEAN_SESS_0064,SESS_0064,3,WEB,ENV_CLEAN,2.74168,113.0694,30728.6054,0.008873,0.028343,271.77,401.83,42.0,1478.0,134.0,134.0,214.0,1411.0,0.0031,EXP_WEB_ENV_CLEAN_SESS_0064.pcap
NAT_ENH_EXP_WEB_ENV_CLEAN_SESS_0065_W0000,DS1_NATIVE_IPSEC_ENHANCED,1,EXP_WEB_ENV_CLEAN,GRP_EXP_WEB_ENV_CLEAN_SESS_0065,SESS_0065,0,WEB,ENV_CLEAN,2.985179,16.0794,3743.1592,0.063514,0.163792,232.79,369.67,42.0,1478.0,83.0,134.0,134.0,294.0,0.0819,EXP_WEB_ENV_CLEAN_SESS_0065.pcap
NAT_ENH_EXP_WEB_ENV_CLEAN_SESS_0065_W0001,DS1_NATIVE_IPSEC_ENHANCED,1,EXP_WEB_ENV_CLEAN,GRP_EXP_WEB_ENV_CLEAN_SESS_0065,SESS_0065,1,WEB,ENV_CLEAN,2.891981,31.4663,7729.6493,0.032133,0.117989,245.65,376.39,42.0,1478.0,90.0,134.0,134.0,294.0,0.0311,EXP_WEB_ENV_CLEAN_SESS_0065.pcap
NAT_ENH_EXP_WEB_ENV_CLEAN_SESS_0065_W0002,DS1_NATIVE_IPSEC_ENHANCED,1,EXP_WEB_ENV_CLEAN,GRP_EXP_WEB_ENV_CLEAN_SESS_0065,SESS_0065,2,WEB,ENV_CLEAN,2.936839,59.9284,16092.473,0.016782,0.079243,268.53,400.97,42.0,1478.0,123.0,134.0,214.0,852.5,0.0125,EXP_WEB_ENV_CLEAN_SESS_0065.pcap
NAT_ENH_EXP_WEB_ENV_CLEAN_SESS_0065_W0003,DS1_NATIVE_IPSEC_ENHANCED,1,EXP_WEB_ENV_CLEAN,GRP_EXP_WEB_ENV_CLEAN_SESS_0065,SESS_0065,3,WEB,ENV_CLEAN,2.914491,80.2885,21727.2935,0.012509,0.066007,270.62,400.83,42.0,1478.0,134.0,134.0,214.0,1075.9000000000192,0.0042,EXP_WEB_ENV_CLEAN_SESS_0065.pcap
NAT_ENH_EXP_WEB_ENV_CLEAN_SESS_0065_W0004,DS1_NATIVE_IPSEC_ENHANCED,1,EXP_WEB_ENV_CLEAN,GRP_EXP_WEB_ENV_CLEAN_SESS_0065,SESS_0065,4,WEB,ENV_CLEAN,2.401662,131.9919,36672.5229,0.0076,0.024715,277.84,408.32,42.0,1478.0,134.0,134.0,214.0,1411.0,0.001,EXP_WEB_ENV_CLEAN_SESS_0065.pcap
NAT_ENH_EXP_WEB_ENV_CLEAN_SESS_0065_W0005,DS1_NATIVE_IPSEC_ENHANCED,1,EXP_WEB_ENV_CLEAN,GRP_EXP_WEB_ENV_CLEAN_SESS_0065,SESS_0065,5,WEB,ENV_CLEAN,2.851883,133.2453,36629.8345,0.007525,0.023865,274.91,405.12,42.0,1478.0,134.0,134.0,214.0,1411.0,0.0021,EXP_WEB_ENV_CLEAN_SESS_0065.pcap
NAT_ENH_EXP_WEB_ENV_CLEAN_SESS_0066_W0000,DS1_NATIVE_IPSEC_ENHANCED,1,EXP_WEB_ENV_CLEAN,GRP_EXP_WEB_ENV_CLEAN_SESS_0066,SESS_0066,0,WEB,ENV_CLEAN,2.98099,73.801,19593.1557,0.013612,0.069581,265.49,397.05,42.0,1478.0,90.0,134.0,214.0,405.6999999999937,0.0147,EXP_WEB_ENV_CLEAN_SESS_0066.pcap
NAT_ENH_EXP_WEB_ENV_CLEAN_SESS_0066_W0001,DS1_NATIVE_IPSEC_ENHANCED,1,EXP_WEB_ENV_CLEAN,GRP_EXP_WEB_ENV_CLEAN_SESS_0066,SESS_0066,1,WEB,ENV_CLEAN,2.474508,118.4074,31953.4221,0.008474,0.028977,269.86,400.72,42.0,1478.0,134.0,134.0,214.0,1187.6000000000126,0.0074,EXP_WEB_ENV_CLEAN_SESS_0066.pcap
NAT_ENH_EXP_WEB_ENV_CLEAN_SESS_0066_W0002,DS1_NATIVE_IPSEC_ENHANCED,1,EXP_WEB_ENV_CLEAN,GRP_EXP_WEB_ENV_CLEAN_SESS_0066,SESS_0066,2,WEB,ENV_CLEAN,2.961959,128.6311,35224.6618,0.007795,0.026638,273.84,404.9,42.0,1478.0,134.0,134.0,214.0,1411.0,0.0056,EXP_WEB_ENV_CLEAN_SESS_0066.pcap
NAT_ENH_EXP_WEB_ENV_CLEAN_SESS_0066_W0003,DS1_NATIVE_IPSEC_ENHANCED,1,EXP_WEB_ENV_CLEAN,GRP_EXP_WEB_ENV_CLEAN_SESS_0066,SESS_0066,3,WEB,ENV_CLEAN,2.838181,155.0289,42459.2368,0.006465,0.019417,273.88,403.92,42.0,1478.0,134.0,134.0,214.0,1411.0,0.0014,EXP_WEB_ENV_CLEAN_SESS_0066.pcap
NAT_ENH_EXP_WEB_ENV_CLEAN_SESS_0067_W0000,DS1_NATIVE_IPSEC_ENHANCED,1,EXP_WEB_ENV_CLEAN,GRP_EXP_WEB_ENV_CLEAN_SESS_0067,SESS_0067,0,WEB,ENV_CLEAN,2.974541,25.5502,5904.4405,0.039661,0.142163,231.09,359.5,42.0,1478.0,86.0,134.0,134.0,294.0,0.0399,EXP_WEB_ENV_CLEAN_SESS_0067.pcap
NAT_ENH_EXP_WEB_ENV_CLEAN_SESS_0067_W0001,DS1_NATIVE_IPSEC_ENHANCED,1,EXP_WEB_ENV_CLEAN,GRP_EXP_WEB_ENV_CLEAN_SESS_0067,SESS_0067,1,WEB,ENV_CLEAN,2.526434,47.8936,12616.9932,0.021054,0.080985,263.44,395.94,42.0,1478.0,90.0,134.0,134.0,294.0,0.0187,EXP_WEB_ENV_CLEAN_SESS_0067.pcap
NAT_ENH_EXP_WEB_ENV_CLEAN_SESS_0067_W0002,DS1_NATIVE_IPSEC_ENHANCED,1,EXP_WEB_ENV_CLEAN,GRP_EXP_WEB_ENV_CLEAN_SESS_0067,SESS_0067,2,WEB,ENV_CLEAN,2.900238,52.7543,14418.8165,0.019081,0.074102,273.32,404.21,42.0,1478.0,134.0,134.0,214.0,1187.6000000000126,0.0064,EXP_WEB_ENV_CLEAN_SESS_0067.pcap
NAT_ENH_EXP_WEB_ENV_CLEAN_SESS_0067_W0003,DS1_NATIVE_IPSEC_ENHANCED,1,EXP_WEB_ENV_CLEAN,GRP_EXP_WEB_ENV_CLEAN_SESS_0067,SESS_0067,3,WEB,ENV_CLEAN,2.800557,69.9861,18905.5239,0.014362,0.048971,270.13,399.85,42.0,1478.0,134.0,134.0,214.0,852.5,0.0033,EXP_WEB_ENV_CLEAN_SESS_0067.pcap
NAT_ENH_EXP_WEB_ENV_CLEAN_SESS_0067_W0004,DS1_NATIVE_IPSEC_ENHANCED,1,EXP_WEB_ENV_CLEAN,GRP_EXP_WEB_ENV_CLEAN_SESS_0067,SESS_0067,4,WEB,ENV_CLEAN,2.798902,90.0353,24491.3895,0.011151,0.033305,272.02,401.63,42.0,1478.0,134.0,134.0,214.0,1299.3000000000063,0.0012,EXP_WEB_ENV_CLEAN_SESS_0067.pcap
NAT_ENH_EXP_WEB_ENV_CLEAN_SESS_0067_W0005,DS1_NATIVE_IPSEC_ENHANCED,1,EXP_WEB_ENV_CLEAN,GRP_EXP_WEB_ENV_CLEAN_SESS_0067,SESS_0067,5,WEB,ENV_CLEAN,2.776487,94.0037,26162.5584,0.010679,0.031782,278.31,408.15,66.0,1478.0,134.0,134.0,214.0,1411.0,0.0019,EXP_WEB_ENV_CLEAN_SESS_0067.pcap
NAT_ENH_EXP_WEB_ENV_CLEAN_SESS_0067_W0006,DS1_NATIVE_IPSEC_ENHANCED,1,EXP_WEB_ENV_CLEAN,GRP_EXP_WEB_ENV_CLEAN_SESS_0067,SESS_0067,6,WEB,ENV_CLEAN,2.898914,94.1732,26555.1181,0.010658,0.032263,281.98,412.34,66.0,1478.0,134.0,134.0,214.0,1411.0,0.0018,EXP_WEB_ENV_CLEAN_SESS_0067.pcap
NAT_ENH_EXP_WEB_ENV_CLEAN_SESS_0067_W0007,DS1_NATIVE_IPSEC_ENHANCED,1,EXP_WEB_ENV_CLEAN,GRP_EXP_WEB_ENV_CLEAN_SESS_0067,SESS_0067,7,WEB,ENV_CLEAN,2.885232,93.58,25530.7028,0.010726,0.032203,272.82,402.47,66.0,1478.0,134.0,134.0,214.0,1411.0,0.0019,EXP_WEB_ENV_CLEAN_SESS_0067.pcap
NAT_ENH_EXP_WEB_ENV_CLEAN_SESS_0067_W0008,DS1_NATIVE_IPSEC_ENHANCED,1,EXP_WEB_ENV_CLEAN,GRP_EXP_WEB_ENV_CLEAN_SESS_0067,SESS_0067,8,WEB,ENV_CLEAN,2.8813,98.5666,27141.5683,0.010181,0.030826,275.36,405.71,66.0,1478.0,134.0,134.0,214.0,1411.0,0.0018,EXP_WEB_ENV_CLEAN_SESS_0067.pcap
NAT_ENH_EXP_WEB_ENV_CLEAN_SESS_0067_W0009,DS1_NATIVE_IPSEC_ENHANCED,1,EXP_WEB_ENV_CLEAN,GRP_EXP_WEB_ENV_CLEAN_SESS_0067,SESS_0067,9,WEB,ENV_CLEAN,2.902736,101.6283,28390.457,0.009873,0.02997,279.36,410.33,66.0,1478.0,134.0,134.0,214.0,1411.0,0.0017,EXP_WEB_ENV_CLEAN_SESS_0067.pcap
NAT_ENH_EXP_WEB_ENV_CLEAN_SESS_0067_W0010,DS1_NATIVE_IPSEC_ENHANCED,1,EXP_WEB_ENV_CLEAN,GRP_EXP_WEB_ENV_CLEAN_SESS_0067,SESS_0067,10,WEB,ENV_CLEAN,2.938728,96.3002,26565.5745,0.010421,0.030975,275.86,406.34,66.0,1478.0,134.0,134.0,214.0,1411.0,0.0018,EXP_WEB_ENV_CLEAN_SESS_0067.pcap
NAT_ENH_EXP_WEB_ENV_CLEAN_SESS_0067_W0011,DS1_NATIVE_IPSEC_ENHANCED,1,EXP_WEB_ENV_CLEAN,GRP_EXP_WEB_ENV_CLEAN_SESS_0067,SESS_0067,11,WEB,ENV_CLEAN,2.73824,102.6207,28459.5214,0.009779,0.029159,277.33,407.41,66.0,1478.0,134.0,134.0,214.0,1411.0,0.2332,EXP_WEB_ENV_CLEAN_SESS_0067.pcap
NAT_ENH_EXP_WEB_ENV_CLEAN_SESS_0067_W0012,DS1_NATIVE_IPSEC_ENHANCED,1,EXP_WEB_ENV_CLEAN,GRP_EXP_WEB_ENV_CLEAN_SESS_0067,SESS_0067,12,WEB,ENV_CLEAN,2.77909,96.7943,26479.1697,0.01037,0.031396,273.56,403.03,66.0,1478.0,134.0,134.0,214.0,1411.0,0.2391,EXP_WEB_ENV_CLEAN_SESS_0067.pcap
NAT_ENH_EXP_WEB_ENV_CLEAN_SESS_0067_W0013,DS1_NATIVE_IPSEC_ENHANCED,1,EXP_WEB_ENV_CLEAN,GRP_EXP_WEB_ENV_CLEAN_SESS_0067,SESS_0067,13,WEB,ENV_CLEAN,2.817814,93.6896,25894.5399,0.010714,0.033083,276.39,406.24,66.0,1478.0,134.0,134.0,214.0,1411.0,0.2371,EXP_WEB_ENV_CLEAN_SESS_0067.pcap
NAT_ENH_EXP_WEB_ENV_CLEAN_SESS_0068_W0000,DS1_NATIVE_IPSEC_ENHANCED,1,EXP_WEB_ENV_CLEAN,GRP_EXP_WEB_ENV_CLEAN_SESS_0068,SESS_0068,0,WEB,ENV_CLEAN,2.960701,41.5442,10804.1981,0.024268,0.089204,260.07,393.52,42.0,1478.0,90.0,134.0,134.0,294.0,0.0301,EXP_WEB_ENV_CLEAN_SESS_0068.pcap
NAT_ENH_EXP_WEB_ENV_CLEAN_SESS_0068_W0001,DS1_NATIVE_IPSEC_ENHANCED,1,EXP_WEB_ENV_CLEAN,GRP_EXP_WEB_ENV_CLEAN_SESS_0068,SESS_0068,1,WEB,ENV_CLEAN,2.852709,62.0463,16622.4452,0.016209,0.072059,267.9,399.89,42.0,1478.0,134.0,134.0,214.0,740.8000000000063,0.0144,EXP_WEB_ENV_CLEAN_SESS_0068.pcap
NAT_ENH_EXP_WEB_ENV_CLEAN_SESS_0068_W0002,DS1_NATIVE_IPSEC_ENHANCED,1,EXP_WEB_ENV_CLEAN,GRP_EXP_WEB_ENV_CLEAN_SESS_0068,SESS_0068,2,WEB,ENV_CLEAN,2.885902,80.0443,21768.5845,0.012547,0.058351,271.96,403.23,42.0,1478.0,134.0,134.0,214.0,1411.0,0.0094,EXP_WEB_ENV_CLEAN_SESS_0068.pcap
NAT_ENH_EXP_WEB_ENV_CLEAN_SESS_0068_W0003,DS1_NATIVE_IPSEC_ENHANCED,1,EXP_WEB_ENV_CLEAN,GRP_EXP_WEB_ENV_CLEAN_SESS_0068,SESS_0068,3,WEB,ENV_CLEAN,2.399801,117.9264,32546.4484,0.00851,0.025085,275.99,406.3,42.0,1478.0,134.0,134.0,214.0,1411.0,0.0022,EXP_WEB_ENV_CLEAN_SESS_0068.pcap
NAT_ENH_EXP_WEB_ENV_CLEAN_SESS_0068_W0004,DS1_NATIVE_IPSEC_ENHANCED,1,EXP_WEB_ENV_CLEAN,GRP_EXP_WEB_ENV_CLEAN_SESS_0068,SESS_0068,4,WEB,ENV_CLEAN,2.927733,116.4724,32061.6674,0.008611,0.025234,275.27,405.62,42.0,1478.0,134.0,134.0,214.0,1411.0,0.0026,EXP_WEB_ENV_CLEAN_SESS_0068.pcap
NAT_ENH_EXP_WEB_ENV_CLEAN_SESS_0068_W0005,DS1_NATIVE_IPSEC_ENHANCED,1,EXP_WEB_ENV_CLEAN,GRP_EXP_WEB_ENV_CLEAN_SESS_0068,SESS_0068,5,WEB,ENV_CLEAN,2.878327,111.5231,30781.4213,0.008995,0.026557,276.01,406.08,66.0,1478.0,134.0,134.0,214.0,1411.0,0.0016,EXP_WEB_ENV_CLEAN_SESS_0068.pcap
NAT_ENH_EXP_WEB_ENV_CLEAN_SESS_0068_W0006,DS1_NATIVE_IPSEC_ENHANCED,1,EXP_WEB_ENV_CLEAN,GRP_EXP_WEB_ENV_CLEAN_SESS_0068,SESS_0068,6,WEB,ENV_CLEAN,2.920183,103.7606,28594.7815,0.009669,0.029339,275.58,405.56,66.0,1478.0,134.0,134.0,214.0,1411.0,0.0017,EXP_WEB_ENV_CLEAN_SESS_0068.pcap
NAT_ENH_EXP_WEB_ENV_CLEAN_SESS_0068_W0007,DS1_NATIVE_IPSEC_ENHANCED,1,EXP_WEB_ENV_CLEAN,GRP_EXP_WEB_ENV_CLEAN_SESS_0068,SESS_0068,7,WEB,ENV_CLEAN,2.934697,102.9067,28407.7013,0.00975,0.029523,276.05,406.15,66.0,1478.0,134.0,134.0,214.0,1411.0,0.0017,EXP_WEB_ENV_CLEAN_SESS_0068.pcap
NAT_ENH_EXP_WEB_ENV_CLEAN_SESS_0068_W0008,DS1_NATIVE_IPSEC_ENHANCED,1,EXP_WEB_ENV_CLEAN,GRP_EXP_WEB_ENV_CLEAN_SESS_0068,SESS_0068,8,WEB,ENV_CLEAN,2.907455,98.0239,26943.4956,0.010238,0.031114,274.87,405.09,66.0,1478.0,134.0,134.0,214.0,1411.0,0.0018,EXP_WEB_ENV_CLEAN_SESS_0068.pcap
NAT_ENH_EXP_WEB_ENV_CLEAN_SESS_0068_W0009,DS1_NATIVE_IPSEC_ENHANCED,1,EXP_WEB_ENV_CLEAN,GRP_EXP_WEB_ENV_CLEAN_SESS_0068,SESS_0068,9,WEB,ENV_CLEAN,2.951567,96.5589,26540.8177,0.010393,0.031593,274.87,405.09,66.0,1478.0,134.0,134.0,214.0,1411.0,0.0018,EXP_WEB_ENV_CLEAN_SESS_0068.pcap
NAT_ENH_EXP_WEB_ENV_CLEAN_SESS_0068_W0010,DS1_NATIVE_IPSEC_ENHANCED,1,EXP_WEB_ENV_CLEAN,GRP_EXP_WEB_ENV_CLEAN_SESS_0068,SESS_0068,10,WEB,ENV_CLEAN,2.905965,97.73,26933.221,0.010268,0.031437,275.59,405.62,66.0,1478.0,134.0,134.0,214.0,1411.0,0.0009,EXP_WEB_ENV_CLEAN_SESS_0068.pcap
NAT_ENH_EXP_WEB_ENV_CLEAN_SESS_0068_W0011,DS1_NATIVE_IPSEC_ENHANCED,1,EXP_WEB_ENV_CLEAN,GRP_EXP_WEB_ENV_CLEAN_SESS_0068,SESS_0068,11,WEB,ENV_CLEAN,2.955257,97.7918,26739.1302,0.010261,0.031407,273.43,402.44,66.0,1478.0,134.0,134.0,214.0,1411.0,0.2463,EXP_WEB_ENV_CLEAN_SESS_0068.pcap
NAT_ENH_EXP_WEB_ENV_CLEAN_SESS_0068_W0012,DS1_NATIVE_IPSEC_ENHANCED,1,EXP_WEB_ENV_CLEAN,GRP_EXP_WEB_ENV_CLEAN_SESS_0068,SESS_0068,12,WEB,ENV_CLEAN,2.906916,103.5462,28677.1282,0.00969,0.029936,276.95,406.56,66.0,1478.0,134.0,134.0,214.0,1411.0,0.2404,EXP_WEB_ENV_CLEAN_SESS_0068.pcap
NAT_ENH_EXP_WEB_ENV_CLEAN_SESS_0069_W0000,DS1_NATIVE_IPSEC_ENHANCED,1,EXP_WEB_ENV_CLEAN,GRP_EXP_WEB_ENV_CLEAN_SESS_0069,SESS_0069,0,WEB,ENV_CLEAN,2.827701,32.5353,7935.7751,0.031074,0.101683,243.91,374.71,42.0,1478.0,89.0,134.0,134.0,294.0,0.0351,EXP_WEB_ENV_CLEAN_SESS_0069.pcap
NAT_ENH_EXP_WEB_ENV_CLEAN_SESS_0069_W0001,DS1_NATIVE_IPSEC_ENHANCED,1,EXP_WEB_ENV_CLEAN,GRP_EXP_WEB_ENV_CLEAN_SESS_0069,SESS_0069,1,WEB,ENV_CLEAN,2.628998,52.4915,14038.4281,0.01919,0.071716,267.44,399.54,42.0,1478.0,134.0,134.0,194.0,629.0999999999968,0.0116,EXP_WEB_ENV_CLEAN_SESS_0069.pcap
NAT_ENH_EXP_WEB_ENV_CLEAN_SESS_0069_W0002,DS1_NATIVE_IPSEC_ENHANCED,1,EXP_WEB_ENV_CLEAN,GRP_EXP_WEB_ENV_CLEAN_SESS_0069,SESS_0069,2,WEB,ENV_CLEAN,2.918019,66.4835,17995.0847,0.015119,0.060772,270.67,401.95,42.0,1478.0,134.0,134.0,214.0,1075.9000000000192,0.0064,EXP_WEB_ENV_CLEAN_SESS_0069.pcap
NAT_ENH_EXP_WEB_ENV_CLEAN_SESS_0069_W0003,DS1_NATIVE_IPSEC_ENHANCED,1,EXP_WEB_ENV_CLEAN,GRP_EXP_WEB_ENV_CLEAN_SESS_0069,SESS_0069,3,WEB,ENV_CLEAN,2.98011,83.2184,22787.4144,0.012065,0.04677,273.83,404.59,42.0,1478.0,134.0,134.0,214.0,1411.0,0.0026,EXP_WEB_ENV_CLEAN_SESS_0069.pcap
NAT_ENH_EXP_WEB_ENV_CLEAN_SESS_0069_W0004,DS1_NATIVE_IPSEC_ENHANCED,1,EXP_WEB_ENV_CLEAN,GRP_EXP_WEB_ENV_CLEAN_SESS_0069,SESS_0069,4,WEB,ENV_CLEAN,2.90097,101.0007,27293.2848,0.009935,0.031085,270.23,400.58,42.0,1478.0,134.0,134.0,214.0,1187.6000000000126,0.0028,EXP_WEB_ENV_CLEAN_SESS_0069.pcap
NAT_ENH_EXP_WEB_ENV_CLEAN_SESS_0069_W0005,DS1_NATIVE_IPSEC_ENHANCED,1,EXP_WEB_ENV_CLEAN,GRP_EXP_WEB_ENV_CLEAN_SESS_0069,SESS_0069,5,WEB,ENV_CLEAN,2.803777,104.8586,29344.702,0.009569,0.029812,279.85,410.94,66.0,1478.0,134.0,134.0,214.0,1411.0,0.0017,EXP_WEB_ENV_CLEAN_SESS_0069.pcap
NAT_ENH_EXP_WEB_ENV_CLEAN_SESS_0069_W0006,DS1_NATIVE_IPSEC_ENHANCED,1,EXP_WEB_ENV_CLEAN,GRP_EXP_WEB_ENV_CLEAN_SESS_0069,SESS_0069,6,WEB,ENV_CLEAN,2.916743,107.6543,30047.5561,0.009319,0.028503,279.11,410.0,66.0,1478.0,134.0,134.0,214.0,1411.0,0.0016,EXP_WEB_ENV_CLEAN_SESS_0069.pcap
NAT_ENH_EXP_WEB_ENV_CLEAN_SESS_0069_W0007,DS1_NATIVE_IPSEC_ENHANCED,1,EXP_WEB_ENV_CLEAN,GRP_EXP_WEB_ENV_CLEAN_SESS_0069,SESS_0069,7,WEB,ENV_CLEAN,2.927413,109.3115,30196.2861,0.009177,0.027162,276.24,406.73,66.0,1478.0,134.0,134.0,214.0,1411.0,0.0016,EXP_WEB_ENV_CLEAN_SESS_0069.pcap
NAT_ENH_EXP_WEB_ENV_CLEAN_SESS_0069_W0008,DS1_NATIVE_IPSEC_ENHANCED,1,EXP_WEB_ENV_CLEAN,GRP_EXP_WEB_ENV_CLEAN_SESS_0069,SESS_0069,8,WEB,ENV_CLEAN,2.942546,108.7494,30040.9904,0.009224,0.027653,276.24,406.73,66.0,1478.0,134.0,134.0,214.0,1411.0,0.0016,EXP_WEB_ENV_CLEAN_SESS_0069.pcap
NAT_ENH_EXP_WEB_ENV_CLEAN_SESS_0070_W0000,DS1_NATIVE_IPSEC_ENHANCED,1,EXP_WEB_ENV_CLEAN,GRP_EXP_WEB_ENV_CLEAN_SESS_0070,SESS_0070,0,WEB,ENV_CLEAN,2.902462,39.277,9640.4363,0.025686,0.096981,245.45,375.94,42.0,1478.0,90.0,134.0,134.0,294.0,0.0346,EXP_WEB_ENV_CLEAN_SESS_0070.pcap
NAT_ENH_EXP_WEB_ENV_CLEAN_SESS_0070_W0001,DS1_NATIVE_IPSEC_ENHANCED,1,EXP_WEB_ENV_CLEAN,GRP_EXP_WEB_ENV_CLEAN_SESS_0070,SESS_0070,1,WEB,ENV_CLEAN,2.040184,81.8554,21234.359,0.01229,0.040519,259.41,389.8,42.0,1478.0,112.0,134.0,134.0,294.0,0.0137,EXP_WEB_ENV_CLEAN_SESS_0070.pcap
NAT_ENH_EXP_WEB_ENV_CLEAN_SESS_0070_W0002,DS1_NATIVE_IPSEC_ENHANCED,1,EXP_WEB_ENV_CLEAN,GRP_EXP_WEB_ENV_CLEAN_SESS_0070,SESS_0070,2,WEB,ENV_CLEAN,2.571579,86.7171,22896.8274,0.011584,0.037688,264.04,394.55,42.0,1478.0,134.0,134.0,174.0,294.0,0.01,EXP_WEB_ENV_CLEAN_SESS_0070.pcap
NAT_ENH_EXP_WEB_ENV_CLEAN_SESS_0070_W0003,DS1_NATIVE_IPSEC_ENHANCED,1,EXP_WEB_ENV_CLEAN,GRP_EXP_WEB_ENV_CLEAN_SESS_0070,SESS_0070,3,WEB,ENV_CLEAN,2.957715,91.6248,24858.3786,0.010955,0.036296,271.31,402.2,42.0,1478.0,134.0,134.0,214.0,1411.0,0.0058,EXP_WEB_ENV_CLEAN_SESS_0070.pcap
NAT_ENH_EXP_WEB_ENV_CLEAN_SESS_0070_W0004,DS1_NATIVE_IPSEC_ENHANCED,1,EXP_WEB_ENV_CLEAN,GRP_EXP_WEB_ENV_CLEAN_SESS_0070,SESS_0070,4,WEB,ENV_CLEAN,2.912016,104.0516,28680.4728,0.009642,0.02972,275.64,405.54,66.0,1478.0,134.0,134.0,214.0,1411.0,0.0011,EXP_WEB_ENV_CLEAN_SESS_0070.pcap
NAT_ENH_EXP_WEB_ENV_CLEAN_SESS_0070_W0005,DS1_NATIVE_IPSEC_ENHANCED,1,EXP_WEB_ENV_CLEAN,GRP_EXP_WEB_ENV_CLEAN_SESS_0070,SESS_0070,5,WEB,ENV_CLEAN,2.788125,101.8606,28071.5531,0.009852,0.029572,275.59,405.62,66.0,1478.0,134.0,134.0,214.0,1411.0,0.0009,EXP_WEB_ENV_CLEAN_SESS_0070.pcap
NAT_ENH_EXP_WEB_ENV_CLEAN_SESS_0070_W0006,DS1_NATIVE_IPSEC_ENHANCED,1,EXP_WEB_ENV_CLEAN,GRP_EXP_WEB_ENV_CLEAN_SESS_0070,SESS_0070,6,WEB,ENV_CLEAN,2.946889,100.1056,27965.083,0.010023,0.02984,279.36,410.33,66.0,1478.0,134.0,134.0,214.0,1411.0,0.0017,EXP_WEB_ENV_CLEAN_SESS_0070.pcap
NAT_ENH_EXP_WEB_ENV_CLEAN_SESS_0070_W0007,DS1_NATIVE_IPSEC_ENHANCED,1,EXP_WEB_ENV_CLEAN,GRP_EXP_WEB_ENV_CLEAN_SESS_0070,SESS_0070,7,WEB,ENV_CLEAN,2.883061,98.1596,27078.5097,0.010224,0.030139,275.86,406.34,66.0,1478.0,134.0,134.0,214.0,1411.0,0.0018,EXP_WEB_ENV_CLEAN_SESS_0070.pcap
NAT_ENH_EXP_WEB_ENV_CLEAN_SESS_0070_W0008,DS1_NATIVE_IPSEC_ENHANCED,1,EXP_WEB_ENV_CLEAN,GRP_EXP_WEB_ENV_CLEAN_SESS_0070,SESS_0070,8,WEB,ENV_CLEAN,2.843153,99.5374,27458.5997,0.010082,0.029714,275.86,406.34,66.0,1478.0,134.0,134.0,214.0,1411.0,0.0018,EXP_WEB_ENV_CLEAN_SESS_0070.pcap
NAT_ENH_EXP_WEB_ENV_CLEAN_SESS_0070_W0009,DS1_NATIVE_IPSEC_ENHANCED,1,EXP_WEB_ENV_CLEAN,GRP_EXP_WEB_ENV_CLEAN_SESS_0070,SESS_0070,9,WEB,ENV_CLEAN,2.831947,102.0499,27834.2088,0.009833,0.028429,272.75,402.73,66.0,1478.0,134.0,134.0,214.0,1411.0,0.0018,EXP_WEB_ENV_CLEAN_SESS_0070.pcap
NAT_ENH_EXP_WEB_ENV_CLEAN_SESS_0070_W0010,DS1_NATIVE_IPSEC_ENHANCED,1,EXP_WEB_ENV_CLEAN,GRP_EXP_WEB_ENV_CLEAN_SESS_0070,SESS_0070,10,WEB,ENV_CLEAN,2.828798,110.6477,30934.3423,0.009067,0.026436,279.58,410.58,66.0,1478.0,134.0,134.0,214.0,1411.0,0.0016,EXP_WEB_ENV_CLEAN_SESS_0070.pcap
NAT_ENH_EXP_WEB_ENV_CLEAN_SESS_0070_W0011,DS1_NATIVE_IPSEC_ENHANCED,1,EXP_WEB_ENV_CLEAN,GRP_EXP_WEB_ENV_CLEAN_SESS_0070,SESS_0070,11,WEB,ENV_CLEAN,2.928584,108.9264,30160.3085,0.009209,0.027204,276.89,407.2,66.0,1478.0,134.0,134.0,214.0,1411.0,0.0008,EXP_WEB_ENV_CLEAN_SESS_0070.pcap
NAT_ENH_EXP_WEB_ENV_CLEAN_SESS_0071_W0000,DS1_NATIVE_IPSEC_ENHANCED,1,EXP_WEB_ENV_CLEAN,GRP_EXP_WEB_ENV_CLEAN_SESS_0071,SESS_0071,0,WEB,ENV_CLEAN,2.977806,21.8282,5443.2691,0.046528,0.118819,249.37,385.35,42.0,1478.0,90.0,134.0,134.0,294.0,0.0553,EXP_WEB_ENV_CLEAN_SESS_0071.pcap
NAT_ENH_EXP_WEB_ENV_CLEAN_SESS_0071_W0001,DS1_NATIVE_IPSEC_ENHANCED,1,EXP_WEB_ENV_CLEAN,GRP_EXP_WEB_ENV_CLEAN_SESS_0071,SESS_0071,1,WEB,ENV_CLEAN,2.783886,31.9697,7957.9409,0.031635,0.088196,248.92,379.92,42.0,1478.0,90.0,134.0,134.0,294.0,0.0314,EXP_WEB_ENV_CLEAN_SESS_0071.pcap
NAT_ENH_EXP_WEB_ENV_CLEAN_SESS_0071_W0002,DS1_NATIVE_IPSEC_ENHANCED,1,EXP_WEB_ENV_CLEAN,GRP_EXP_WEB_ENV_CLEAN_SESS_0071,SESS_0071,2,WEB,ENV_CLEAN,2.902847,42.3722,11103.5819,0.023794,0.074517,262.05,392.88,42.0,1478.0,112.0,134.0,174.0,294.0,0.0133,EXP_WEB_ENV_CLEAN_SESS_0071.pcap
NAT_ENH_EXP_WEB_ENV_CLEAN_SESS_0071_W0003,DS1_NATIVE_IPSEC_ENHANCED,1,EXP_WEB_ENV_CLEAN,GRP_EXP_WEB_ENV_CLEAN_SESS_0071,SESS_0071,3,WEB,ENV_CLEAN,2.714161,58.2132,15637.9821,0.017288,0.056572,268.63,398.73,42.0,1478.0,134.0,134.0,214.0,629.1000000000126,0.0041,EXP_WEB_ENV_CLEAN_SESS_0071.pcap
NAT_ENH_EXP_WEB_ENV_CLEAN_SESS_0071_W0004,DS1_NATIVE_IPSEC_ENHANCED,1,EXP_WEB_ENV_CLEAN,GRP_EXP_WEB_ENV_CLEAN_SESS_0071,SESS_0071,4,WEB,ENV_CLEAN,2.656741,71.1398,19571.3477,0.014132,0.043243,275.11,406.27,42.0,1478.0,134.0,134.0,214.0,1411.0,0.003,EXP_WEB_ENV_CLEAN_SESS_0071.pcap
NAT_ENH_EXP_WEB_ENV_CLEAN_SESS_0071_W0005,DS1_NATIVE_IPSEC_ENHANCED,1,EXP_WEB_ENV_CLEAN,GRP_EXP_WEB_ENV_CLEAN_SESS_0071,SESS_0071,5,WEB,ENV_CLEAN,2.940468,70.397,19455.746,0.014274,0.04353,276.37,406.74,66.0,1478.0,134.0,134.0,214.0,1411.0,0.0012,EXP_WEB_ENV_CLEAN_SESS_0071.pcap
NAT_ENH_EXP_WEB_ENV_CLEAN_SESS_0071_W0006,DS1_NATIVE_IPSEC_ENHANCED,1,EXP_WEB_ENV_CLEAN,GRP_EXP_WEB_ENV_CLEAN_SESS_0071,SESS_0071,6,WEB,ENV_CLEAN,2.847154,72.7042,20094.8025,0.013821,0.04164,276.39,406.73,66.0,1478.0,134.0,134.0,214.0,1411.0,0.0025,EXP_WEB_ENV_CLEAN_SESS_0071.pcap
NAT_ENH_EXP_WEB_ENV_CLEAN_SESS_0071_W0007,DS1_NATIVE_IPSEC_ENHANCED,1,EXP_WEB_ENV_CLEAN,GRP_EXP_WEB_ENV_CLEAN_SESS_0071,SESS_0071,7,WEB,ENV_CLEAN,2.838661,70.4558,19841.3974,0.014265,0.043267,281.62,412.72,66.0,1478.0,134.0,134.0,214.0,1411.0,0.0025,EXP_WEB_ENV_CLEAN_SESS_0071.pcap
NAT_ENH_EXP_WEB_ENV_CLEAN_SESS_0071_W0008,DS1_NATIVE_IPSEC_ENHANCED,1,EXP_WEB_ENV_CLEAN,GRP_EXP_WEB_ENV_CLEAN_SESS_0071,SESS_0071,8,WEB,ENV_CLEAN,2.895641,69.0693,19450.9604,0.014551,0.044535,281.62,412.72,66.0,1478.0,134.0,134.0,214.0,1411.0,0.0025,EXP_WEB_ENV_CLEAN_SESS_0071.pcap
NAT_ENH_EXP_WEB_ENV_CLEAN_SESS_0071_W0009,DS1_NATIVE_IPSEC_ENHANCED,1,EXP_WEB_ENV_CLEAN,GRP_EXP_WEB_ENV_CLEAN_SESS_0071,SESS_0071,9,WEB,ENV_CLEAN,2.890756,65.0349,17982.1464,0.015459,0.046316,276.5,406.91,66.0,1478.0,134.0,134.0,214.0,1411.0,0.0027,EXP_WEB_ENV_CLEAN_SESS_0071.pcap
NAT_ENH_EXP_WEB_ENV_CLEAN_SESS_0071_W0010,DS1_NATIVE_IPSEC_ENHANCED,1,EXP_WEB_ENV_CLEAN,GRP_EXP_WEB_ENV_CLEAN_SESS_0071,SESS_0071,10,WEB,ENV_CLEAN,2.795432,66.8948,18570.2955,0.015029,0.045368,277.6,407.72,66.0,1478.0,134.0,134.0,214.0,1411.0,0.0014,EXP_WEB_ENV_CLEAN_SESS_0071.pcap
NAT_ENH_EXP_WEB_ENV_CLEAN_SESS_0071_W0011,DS1_NATIVE_IPSEC_ENHANCED,1,EXP_WEB_ENV_CLEAN,GRP_EXP_WEB_ENV_CLEAN_SESS_0071,SESS_0071,11,WEB,ENV_CLEAN,2.822788,66.2466,18390.329,0.015176,0.046012,277.6,407.72,66.0,1478.0,134.0,134.0,214.0,1411.0,0.0014,EXP_WEB_ENV_CLEAN_SESS_0071.pcap
NAT_ENH_EXP_WEB_ENV_CLEAN_SESS_0071_W0012,DS1_NATIVE_IPSEC_ENHANCED,1,EXP_WEB_ENV_CLEAN,GRP_EXP_WEB_ENV_CLEAN_SESS_0071,SESS_0071,12,WEB,ENV_CLEAN,2.792202,63.0327,17083.6494,0.015955,0.048467,271.03,399.99,66.0,1478.0,134.0,134.0,214.0,852.5,0.2446,EXP_WEB_ENV_CLEAN_SESS_0071.pcap
NAT_ENH_EXP_WEB_ENV_CLEAN_SESS_0071_W0013,DS1_NATIVE_IPSEC_ENHANCED,1,EXP_WEB_ENV_CLEAN,GRP_EXP_WEB_ENV_CLEAN_SESS_0071,SESS_0071,13,WEB,ENV_CLEAN,2.828638,66.1096,18350.8807,0.015208,0.046634,277.58,407.73,66.0,1478.0,134.0,134.0,214.0,1411.0,0.2321,EXP_WEB_ENV_CLEAN_SESS_0071.pcap
NAT_ENH_EXP_WEB_ENV_CLEAN_SESS_0072_W0000,DS1_NATIVE_IPSEC_ENHANCED,1,EXP_WEB_ENV_CLEAN,GRP_EXP_WEB_ENV_CLEAN_SESS_0072,SESS_0072,0,WEB,ENV_CLEAN,2.859975,45.1053,11442.0577,0.022344,0.082292,253.67,385.51,42.0,1478.0,90.0,134.0,134.0,294.0,0.0267,EXP_WEB_ENV_CLEAN_SESS_0072.pcap
NAT_ENH_EXP_WEB_ENV_CLEAN_SESS_0072_W0001,DS1_NATIVE_IPSEC_ENHANCED,1,EXP_WEB_ENV_CLEAN,GRP_EXP_WEB_ENV_CLEAN_SESS_0072,SESS_0072,1,WEB,ENV_CLEAN,2.576837,62.8678,16593.9867,0.016005,0.062464,263.95,394.87,42.0,1478.0,134.0,134.0,194.0,294.0,0.01,EXP_WEB_ENV_CLEAN_SESS_0072.pcap
NAT_ENH_EXP_WEB_ENV_CLEAN_SESS_0072_W0002,DS1_NATIVE_IPSEC_ENHANCED,1,EXP_WEB_ENV_CLEAN,GRP_EXP_WEB_ENV_CLEAN_SESS_0072,SESS_0072,2,WEB,ENV_CLEAN,2.945517,71.9738,19535.7891,0.01396,0.054864,271.43,403.18,42.0,1478.0,134.0,134.0,214.0,1299.3000000000063,0.0071,EXP_WEB_ENV_CLEAN_SESS_0072.pcap
NAT_ENH_EXP_WEB_ENV_CLEAN_SESS_0072_W0003,DS1_NATIVE_IPSEC_ENHANCED,1,EXP_WEB_ENV_CLEAN,GRP_EXP_WEB_ENV_CLEAN_SESS_0072,SESS_0072,3,WEB,ENV_CLEAN,2.826502,84.5568,22697.3121,0.011876,0.035131,268.43,397.08,42.0,1478.0,134.0,134.0,214.0,517.4000000000191,0.0038,EXP_WEB_ENV_CLEAN_SESS_0072.pcap
NAT_ENH_EXP_WEB_ENV_CLEAN_SESS_0072_W0004,DS1_NATIVE_IPSEC_ENHANCED,1,EXP_WEB_ENV_CLEAN,GRP_EXP_WEB_ENV_CLEAN_SESS_0072,SESS_0072,4,WEB,ENV_CLEAN,2.900674,87.2211,23660.3622,0.011511,0.034662,271.27,400.99,66.0,1478.0,134.0,134.0,214.0,1187.6000000000126,0.002,EXP_WEB_ENV_CLEAN_SESS_0072.pcap
NAT_ENH_EXP_WEB_ENV_CLEAN_SESS_0072_W0005,DS1_NATIVE_IPSEC_ENHANCED,1,EXP_WEB_ENV_CLEAN,GRP_EXP_WEB_ENV_CLEAN_SESS_0072,SESS_0072,5,WEB,ENV_CLEAN,2.818734,87.628,24079.9599,0.011458,0.034597,274.8,405.12,66.0,1478.0,134.0,134.0,214.0,1411.0,0.0021,EXP_WEB_ENV_CLEAN_SESS_0072.pcap
NAT_ENH_EXP_WEB_ENV_CLEAN_SESS_0072_W0006,DS1_NATIVE_IPSEC_ENHANCED,1,EXP_WEB_ENV_CLEAN,GRP_EXP_WEB_ENV_CLEAN_SESS_0072,SESS_0072,6,WEB,ENV_CLEAN,2.840622,87.6569,23988.7586,0.011454,0.035008,273.67,403.68,66.0,1478.0,134.0,134.0,214.0,1411.0,0.0021,EXP_WEB_ENV_CLEAN_SESS_0072.pcap
NAT_ENH_EXP_WEB_ENV_CLEAN_SESS_0072_W0007,DS1_NATIVE_IPSEC_ENHANCED,1,EXP_WEB_ENV_CLEAN,GRP_EXP_WEB_ENV_CLEAN_SESS_0072,SESS_0072,7,WEB,ENV_CLEAN,2.908228,84.9314,23362.3348,0.011822,0.035929,275.07,405.0,66.0,1478.0,134.0,134.0,214.0,1411.0,0.0021,EXP_WEB_ENV_CLEAN_SESS_0072.pcap
NAT_ENH_EXP_WEB_ENV_CLEAN_SESS_0072_W0008,DS1_NATIVE_IPSEC_ENHANCED,1,EXP_WEB_ENV_CLEAN,GRP_EXP_WEB_ENV_CLEAN_SESS_0072,SESS_0072,8,WEB,ENV_CLEAN,2.891443,87.1537,23735.2075,0.01152,0.035305,272.34,401.47,66.0,1478.0,134.0,134.0,214.0,1299.3000000000063,0.001,EXP_WEB_ENV_CLEAN_SESS_0072.pcap
NAT_ENH_EXP_WEB_ENV_CLEAN_SESS_0072_W0009,DS1_NATIVE_IPSEC_ENHANCED,1,EXP_WEB_ENV_CLEAN,GRP_EXP_WEB_ENV_CLEAN_SESS_0072,SESS_0072,9,WEB,ENV_CLEAN,2.954254,88.3472,24479.9521,0.011363,0.034754,277.09,408.45,66.0,1478.0,134.0,134.0,214.0,1411.0,0.001,EXP_WEB_ENV_CLEAN_SESS_0072.pcap
NAT_ENH_EXP_WEB_ENV_CLEAN_SESS_0072_W0010,DS1_NATIVE_IPSEC_ENHANCED,1,EXP_WEB_ENV_CLEAN,GRP_EXP_WEB_ENV_CLEAN_SESS_0072,SESS_0072,10,WEB,ENV_CLEAN,2.90464,84.0035,23296.8633,0.011953,0.036807,277.33,406.95,66.0,1478.0,134.0,134.0,214.0,1411.0,0.2401,EXP_WEB_ENV_CLEAN_SESS_0072.pcap
NAT_ENH_EXP_WEB_ENV_CLEAN_SESS_0072_W0011,DS1_NATIVE_IPSEC_ENHANCED,1,EXP_WEB_ENV_CLEAN,GRP_EXP_WEB_ENV_CLEAN_SESS_0072,SESS_0072,11,WEB,ENV_CLEAN,2.830657,85.4925,23811.0799,0.011745,0.035899,278.52,408.42,66.0,1478.0,134.0,134.0,214.0,1411.0,0.2352,EXP_WEB_ENV_CLEAN_SESS_0072.pcap
NAT_ENH_EXP_WEB_ENV_CLEAN_SESS_0072_W0012,DS1_NATIVE_IPSEC_ENHANCED,1,EXP_WEB_ENV_CLEAN,GRP_EXP_WEB_ENV_CLEAN_SESS_0072,SESS_0072,12,WEB,ENV_CLEAN,2.97046,87.1919,24384.1007,0.011513,0.034985,279.66,409.42,66.0,1478.0,134.0,134.0,214.0,1411.0,0.2364,EXP_WEB_ENV_CLEAN_SESS_0072.pcap
NAT_ENH_EXP_WEB_ENV_CLEAN_SESS_0073_W0000,DS1_NATIVE_IPSEC_ENHANCED,1,EXP_WEB_ENV_CLEAN,GRP_EXP_WEB_ENV_CLEAN_SESS_0073,SESS_0073,0,WEB,ENV_CLEAN,2.944339,34.9824,9058.4005,0.028866,0.098845,258.94,392.87,42.0,1478.0,90.0,134.0,134.0,294.0,0.0329,EXP_WEB_ENV_CLEAN_SESS_0073.pcap
NAT_ENH_EXP_WEB_ENV_CLEAN_SESS_0073_W0001,DS1_NATIVE_IPSEC_ENHANCED,1,EXP_WEB_ENV_CLEAN,GRP_EXP_WEB_ENV_CLEAN_SESS_0073,SESS_0073,1,WEB,ENV_CLEAN,2.912375,53.5645,14408.8589,0.01879,0.07657,269.0,401.43,42.0,1478.0,123.0,134.0,214.0,852.5,0.0141,EXP_WEB_ENV_CLEAN_SESS_0073.pcap
NAT_ENH_EXP_WEB_ENV_CLEAN_SESS_0073_W0002,DS1_NATIVE_IPSEC_ENHANCED,1,EXP_WEB_ENV_CLEAN,GRP_EXP_WEB_ENV_CLEAN_SESS_0073,SESS_0073,2,WEB,ENV_CLEAN,2.566062,83.0066,22536.0886,0.012104,0.051321,271.5,402.11,42.0,1478.0,134.0,134.0,214.0,1187.6000000000126,0.0058,EXP_WEB_ENV_CLEAN_SESS_0073.pcap
NAT_ENH_EXP_WEB_ENV_CLEAN_SESS_0073_W0003,DS1_NATIVE_IPSEC_ENHANCED,1,EXP_WEB_ENV_CLEAN,GRP_EXP_WEB_ENV_CLEAN_SESS_0073,SESS_0073,3,WEB,ENV_CLEAN,2.79497,95.8865,26247.8664,0.010468,0.044958,273.74,403.86,42.0,1478.0,134.0,134.0,214.0,1411.0,0.0024,EXP_WEB_ENV_CLEAN_SESS_0073.pcap
NAT_ENH_EXP_WEB_ENV_CLEAN_SESS_0073_W0004,DS1_NATIVE_IPSEC_ENHANCED,1,EXP_WEB_ENV_CLEAN,GRP_EXP_WEB_ENV_CLEAN_SESS_0073,SESS_0073,4,WEB,ENV_CLEAN,2.702463,120.2607,32945.8701,0.008341,0.024477,273.95,404.07,42.0,1478.0,134.0,134.0,214.0,1411.0,0.0017,EXP_WEB_ENV_CLEAN_SESS_0073.pcap
NAT_ENH_EXP_WEB_ENV_CLEAN_SESS_0073_W0005,DS1_NATIVE_IPSEC_ENHANCED,1,EXP_WEB_ENV_CLEAN,GRP_EXP_WEB_ENV_CLEAN_SESS_0073,SESS_0073,5,WEB,ENV_CLEAN,2.787194,120.1926,33471.6563,0.008345,0.024449,278.48,408.49,66.0,1478.0,134.0,134.0,214.0,1411.0,0.0008,EXP_WEB_ENV_CLEAN_SESS_0073.pcap
NAT_ENH_EXP_WEB_ENV_CLEAN_SESS_0074_W0000,DS1_NATIVE_IPSEC_ENHANCED,1,EXP_WEB_ENV_CLEAN,GRP_EXP_WEB_ENV_CLEAN_SESS_0074,SESS_0074,0,WEB,ENV_CLEAN,2.948312,35.2744,9075.3623,0.028624,0.102646,257.28,391.34,42.0,1478.0,90.0,134.0,134.0,294.0,0.0362,EXP_WEB_ENV_CLEAN_SESS_0074.pcap
NAT_ENH_EXP_WEB_ENV_CLEAN_SESS_0074_W0001,DS1_NATIVE_IPSEC_ENHANCED,1,EXP_WEB_ENV_CLEAN,GRP_EXP_WEB_ENV_CLEAN_SESS_0074,SESS_0074,1,WEB,ENV_CLEAN,2.333507,66.4236,17954.9489,0.015153,0.051526,270.31,402.4,42.0,1478.0,134.0,134.0,214.0,964.1999999999937,0.0141,EXP_WEB_ENV_CLEAN_SESS_0074.pcap
NAT_ENH_EXP_WEB_ENV_CLEAN_SESS_0074_W0002,DS1_NATIVE_IPSEC_ENHANCED,1,EXP_WEB_ENV_CLEAN,GRP_EXP_WEB_ENV_CLEAN_SESS_0074,SESS_0074,2,WEB,ENV_CLEAN,2.848467,69.8621,18647.2225,0.014386,0.04878,266.91,397.64,42.0,1478.0,134.0,134.0,214.0,517.4000000000191,0.0111,EXP_WEB_ENV_CLEAN_SESS_0074.pcap
NAT_ENH_EXP_WEB_ENV_CLEAN_SESS_0074_W0003,DS1_NATIVE_IPSEC_ENHANCED,1,EXP_WEB_ENV_CLEAN,GRP_EXP_WEB_ENV_CLEAN_SESS_0074,SESS_0074,3,WEB,ENV_CLEAN,2.814828,95.9206,26157.9023,0.010464,0.038771,272.7,402.54,42.0,1478.0,134.0,134.0,214.0,1411.0,0.0024,EXP_WEB_ENV_CLEAN_SESS_0074.pcap
NAT_ENH_EXP_WEB_ENV_CLEAN_SESS_0074_W0004,DS1_NATIVE_IPSEC_ENHANCED,1,EXP_WEB_ENV_CLEAN,GRP_EXP_WEB_ENV_CLEAN_SESS_0074,SESS_0074,4,WEB,ENV_CLEAN,2.84602,118.7623,32878.8977,0.008445,0.026526,276.85,407.07,42.0,1478.0,134.0,134.0,214.0,1411.0,0.0009,EXP_WEB_ENV_CLEAN_SESS_0074.pcap
NAT_ENH_EXP_WEB_ENV_CLEAN_SESS_0074_W0005,DS1_NATIVE_IPSEC_ENHANCED,1,EXP_WEB_ENV_CLEAN,GRP_EXP_WEB_ENV_CLEAN_SESS_0074,SESS_0074,5,WEB,ENV_CLEAN,2.901538,121.6596,33932.6949,0.008243,0.025564,278.92,408.72,66.0,1478.0,134.0,134.0,214.0,1411.0,0.0007,EXP_WEB_ENV_CLEAN_SESS_0074.pcap
NAT_ENH_EXP_WEB_ENV_CLEAN_SESS_0074_W0006,DS1_NATIVE_IPSEC_ENHANCED,1,EXP_WEB_ENV_CLEAN,GRP_EXP_WEB_ENV_CLEAN_SESS_0074,SESS_0074,6,WEB,ENV_CLEAN,2.946725,126.9206,35233.6929,0.0079,0.024264,277.6,407.72,66.0,1478.0,134.0,134.0,214.0,1411.0,0.0014,EXP_WEB_ENV_CLEAN_SESS_0074.pcap
NAT_ENH_EXP_WEB_ENV_CLEAN_SESS_0074_W0007,DS1_NATIVE_IPSEC_ENHANCED,1,EXP_WEB_ENV_CLEAN,GRP_EXP_WEB_ENV_CLEAN_SESS_0074,SESS_0074,7,WEB,ENV_CLEAN,2.911751,131.536,36031.2399,0.007622,0.023075,273.93,403.65,66.0,1478.0,134.0,134.0,214.0,1411.0,0.0013,EXP_WEB_ENV_CLEAN_SESS_0074.pcap
NAT_ENH_EXP_WEB_ENV_CLEAN_SESS_0074_W0008,DS1_NATIVE_IPSEC_ENHANCED,1,EXP_WEB_ENV_CLEAN,GRP_EXP_WEB_ENV_CLEAN_SESS_0074,SESS_0074,8,WEB,ENV_CLEAN,2.839964,139.0863,38470.5593,0.007208,0.021239,276.59,406.75,66.0,1478.0,134.0,134.0,214.0,1411.0,0.0013,EXP_WEB_ENV_CLEAN_SESS_0074.pcap
NAT_ENH_EXP_WEB_ENV_CLEAN_SESS_0075_W0000,DS1_NATIVE_IPSEC_ENHANCED,1,EXP_WEB_ENV_CLEAN,GRP_EXP_WEB_ENV_CLEAN_SESS_0075,SESS_0075,0,WEB,ENV_CLEAN,2.891988,64.6614,16795.0211,0.015548,0.072131,259.74,390.69,42.0,1478.0,90.0,134.0,134.0,294.0,0.0196,EXP_WEB_ENV_CLEAN_SESS_0075.pcap
NAT_ENH_EXP_WEB_ENV_CLEAN_SESS_0075_W0001,DS1_NATIVE_IPSEC_ENHANCED,1,EXP_WEB_ENV_CLEAN,GRP_EXP_WEB_ENV_CLEAN_SESS_0075,SESS_0075,1,WEB,ENV_CLEAN,2.232667,104.3595,28227.2282,0.009624,0.030205,270.48,401.82,42.0,1478.0,134.0,134.0,214.0,1187.6000000000126,0.0094,EXP_WEB_ENV_CLEAN_SESS_0075.pcap
NAT_ENH_EXP_WEB_ENV_CLEAN_SESS_0075_W0002,DS1_NATIVE_IPSEC_ENHANCED,1,EXP_WEB_ENV_CLEAN,GRP_EXP_WEB_ENV_CLEAN_SESS_0075,SESS_0075,2,WEB,ENV_CLEAN,2.688524,110.0976,29559.3418,0.009114,0.028426,268.48,398.92,42.0,1478.0,134.0,134.0,214.0,852.5,0.0074,EXP_WEB_ENV_CLEAN_SESS_0075.pcap
NAT_ENH_EXP_WEB_ENV_CLEAN_SESS_0075_W0003,DS1_NATIVE_IPSEC_ENHANCED,1,EXP_WEB_ENV_CLEAN,GRP_EXP_WEB_ENV_CLEAN_SESS_0075,SESS_0075,3,WEB,ENV_CLEAN,2.904323,120.8543,33784.467,0.008298,0.026302,279.55,409.78,66.0,1478.0,134.0,134.0,214.0,1411.0,0.0009,EXP_WEB_ENV_CLEAN_SESS_0075.pcap
NAT_ENH_EXP_WEB_ENV_CLEAN_SESS_0075_W0004,DS1_NATIVE_IPSEC_ENHANCED,1,EXP_WEB_ENV_CLEAN,GRP_EXP_WEB_ENV_CLEAN_SESS_0075,SESS_0075,4,WEB,ENV_CLEAN,2.924343,122.7626,33880.0874,0.008169,0.025729,275.98,405.93,66.0,1478.0,134.0,134.0,214.0,1411.0,0.0009,EXP_WEB_ENV_CLEAN_SESS_0075.pcap
NAT_ENH_EXP_WEB_ENV_CLEAN_SESS_0075_W0005,DS1_NATIVE_IPSEC_ENHANCED,1,EXP_WEB_ENV_CLEAN,GRP_EXP_WEB_ENV_CLEAN_SESS_0075,SESS_0075,5,WEB,ENV_CLEAN,2.873176,124.6008,34453.5124,0.008048,0.025419,276.51,406.37,66.0,1478.0,134.0,134.0,214.0,1411.0,0.0007,EXP_WEB_ENV_CLEAN_SESS_0075.pcap
NAT_ENH_EXP_WEB_ENV_CLEAN_SESS_0075_W0006,DS1_NATIVE_IPSEC_ENHANCED,1,EXP_WEB_ENV_CLEAN,GRP_EXP_WEB_ENV_CLEAN_SESS_0075,SESS_0075,6,WEB,ENV_CLEAN,2.862879,128.8912,36048.3271,0.00778,0.023717,279.68,410.03,66.0,1478.0,134.0,134.0,214.0,1411.0,0.0014,EXP_WEB_ENV_CLEAN_SESS_0075.pcap
NAT_ENH_EXP_WEB_ENV_CLEAN_SESS_0081_W0000,DS1_NATIVE_IPSEC_ENHANCED,1,EXP_WEB_ENV_CLEAN,GRP_EXP_WEB_ENV_CLEAN_SESS_0081,SESS_0081,0,WEB,ENV_CLEAN,2.98705,31.1344,7541.2201,0.032468,0.118498,242.22,373.04,42.0,1478.0,86.0,134.0,134.0,294.0,0.039,EXP_WEB_ENV_CLEAN_SESS_0081.pcap
NAT_ENH_EXP_WEB_ENV_CLEAN_SESS_0081_W0001,DS1_NATIVE_IPSEC_ENHANCED,1,EXP_WEB_ENV_CLEAN,GRP_EXP_WEB_ENV_CLEAN_SESS_0081,SESS_0081,1,WEB,ENV_CLEAN,2.404207,57.3994,15334.3702,0.017549,0.074096,267.15,399.65,42.0,1478.0,101.0,134.0,194.0,629.0999999999968,0.0161,EXP_WEB_ENV_CLEAN_SESS_0081.pcap
NAT_ENH_EXP_WEB_ENV_CLEAN_SESS_0081_W0002,DS1_NATIVE_IPSEC_ENHANCED,1,EXP_WEB_ENV_CLEAN,GRP_EXP_WEB_ENV_CLEAN_SESS_0081,SESS_0081,2,WEB,ENV_CLEAN,2.95733,61.8801,16304.9102,0.016249,0.066941,263.49,394.1,42.0,1478.0,134.0,134.0,174.0,294.0,0.0123,EXP_WEB_ENV_CLEAN_SESS_0081.pcap
NAT_ENH_EXP_WEB_ENV_CLEAN_SESS_0081_W0003,DS1_NATIVE_IPSEC_ENHANCED,1,EXP_WEB_ENV_CLEAN,GRP_EXP_WEB_ENV_CLEAN_SESS_0081,SESS_0081,3,WEB,ENV_CLEAN,2.947029,77.0267,21200.3352,0.01304,0.055677,275.23,406.0,42.0,1478.0,134.0,134.0,214.0,1411.0,0.0028,EXP_WEB_ENV_CLEAN_SESS_0081.pcap
NAT_ENH_EXP_WEB_ENV_CLEAN_SESS_0081_W0004,DS1_NATIVE_IPSEC_ENHANCED,1,EXP_WEB_ENV_CLEAN,GRP_EXP_WEB_ENV_CLEAN_SESS_0081,SESS_0081,4,WEB,ENV_CLEAN,2.670515,98.4829,27229.2042,0.010193,0.032843,276.49,407.13,42.0,1478.0,134.0,134.0,214.0,1411.0,0.0012,EXP_WEB_ENV_CLEAN_SESS_0081.pcap
NAT_ENH_EXP_WEB_ENV_CLEAN_SESS_0081_W0005,DS1_NATIVE_IPSEC_ENHANCED,1,EXP_WEB_ENV_CLEAN,GRP_EXP_WEB_ENV_CLEAN_SESS_0081,SESS_0081,5,WEB,ENV_CLEAN,2.762167,94.491,26273.5746,0.010624,0.033865,278.05,408.26,66.0,1478.0,134.0,134.0,214.0,1411.0,0.0019,EXP_WEB_ENV_CLEAN_SESS_0081.pcap
NAT_ENH_EXP_WEB_ENV_CLEAN_SESS_0081_W0006,DS1_NATIVE_IPSEC_ENHANCED,1,EXP_WEB_ENV_CLEAN,GRP_EXP_WEB_ENV_CLEAN_SESS_0081,SESS_0081,6,WEB,ENV_CLEAN,2.8129,90.6538,25530.9483,0.011074,0.035105,281.63,412.29,66.0,1478.0,134.0,134.0,214.0,1411.0,0.002,EXP_WEB_ENV_CLEAN_SESS_0081.pcap
NAT_ENH_EXP_WEB_ENV_CLEAN_SESS_0081_W0007,DS1_NATIVE_IPSEC_ENHANCED,1,EXP_WEB_ENV_CLEAN,GRP_EXP_WEB_ENV_CLEAN_SESS_0081,SESS_0081,7,WEB,ENV_CLEAN,2.905796,86.7232,23595.9437,0.011577,0.036202,272.08,401.58,66.0,1478.0,134.0,134.0,214.0,1299.3000000000063,0.002,EXP_WEB_ENV_CLEAN_SESS_0081.pcap
NAT_ENH_EXP_WEB_ENV_CLEAN_SESS_0081_W0008,DS1_NATIVE_IPSEC_ENHANCED,1,EXP_WEB_ENV_CLEAN,GRP_EXP_WEB_ENV_CLEAN_SESS_0081,SESS_0081,8,WEB,ENV_CLEAN,2.899719,84.4909,23338.4683,0.011884,0.03697,276.22,406.45,66.0,1478.0,134.0,134.0,214.0,1411.0,0.0021,EXP_WEB_ENV_CLEAN_SESS_0081.pcap
NAT_ENH_EXP_WEB_ENV_CLEAN_SESS_0081_W0009,DS1_NATIVE_IPSEC_ENHANCED,1,EXP_WEB_ENV_CLEAN,GRP_EXP_WEB_ENV_CLEAN_SESS_0081,SESS_0081,9,WEB,ENV_CLEAN,2.818197,86.5802,23990.161,0.011598,0.036264,277.09,407.05,66.0,1478.0,134.0,134.0,214.0,1411.0,0.0021,EXP_WEB_ENV_CLEAN_SESS_0081.pcap
NAT_ENH_EXP_WEB_ENV_CLEAN_SESS_0081_W0010,DS1_NATIVE_IPSEC_ENHANCED,1,EXP_WEB_ENV_CLEAN,GRP_EXP_WEB_ENV_CLEAN_SESS_0081,SESS_0081,10,WEB,ENV_CLEAN,2.833704,86.4593,23906.1667,0.011614,0.03619,276.5,406.32,66.0,1478.0,134.0,134.0,214.0,1411.0,0.0021,EXP_WEB_ENV_CLEAN_SESS_0081.pcap
NAT_ENH_EXP_WEB_ENV_CLEAN_SESS_0081_W0011,DS1_NATIVE_IPSEC_ENHANCED,1,EXP_WEB_ENV_CLEAN,GRP_EXP_WEB_ENV_CLEAN_SESS_0081,SESS_0081,11,WEB,ENV_CLEAN,2.946875,85.175,23264.9833,0.011788,0.036643,273.14,402.07,66.0,1478.0,134.0,134.0,214.0,1411.0,0.247,EXP_WEB_ENV_CLEAN_SESS_0081.pcap
NAT_ENH_EXP_WEB_ENV_CLEAN_SESS_0081_W0012,DS1_NATIVE_IPSEC_ENHANCED,1,EXP_WEB_ENV_CLEAN,GRP_EXP_WEB_ENV_CLEAN_SESS_0081,SESS_0081,12,WEB,ENV_CLEAN,2.952369,89.081,24692.0357,0.011269,0.035374,277.19,406.8,66.0,1478.0,134.0,134.0,214.0,1411.0,0.2402,EXP_WEB_ENV_CLEAN_SESS_0081.pcap
NAT_ENH_EXP_WEB_ENV_CLEAN_SESS_0081_W0013,DS1_NATIVE_IPSEC_ENHANCED,1,EXP_WEB_ENV_CLEAN,GRP_EXP_WEB_ENV_CLEAN_SESS_0081,SESS_0081,13,WEB,ENV_CLEAN,2.934095,83.1602,23062.9895,0.012074,0.038149,277.33,406.95,66.0,1478.0,134.0,134.0,214.0,1411.0,0.2401,EXP_WEB_ENV_CLEAN_SESS_0081.pcap
NAT_ENH_EXP_WEB_ENV_CLEAN_SESS_0081_W0014,DS1_NATIVE_IPSEC_ENHANCED,1,EXP_WEB_ENV_CLEAN,GRP_EXP_WEB_ENV_CLEAN_SESS_0081,SESS_0081,14,WEB,ENV_CLEAN,2.848057,79.0012,21923.016,0.012715,0.040233,277.5,407.12,66.0,1478.0,134.0,134.0,214.0,1411.0,0.2399,EXP_WEB_ENV_CLEAN_SESS_0081.pcap
NAT_ENH_EXP_WEB_ENV_CLEAN_SESS_0081_W0015,DS1_NATIVE_IPSEC_ENHANCED,1,EXP_WEB_ENV_CLEAN,GRP_EXP_WEB_ENV_CLEAN_SESS_0081,SESS_0081,15,WEB,ENV_CLEAN,2.875571,74.7678,20273.1909,0.013437,0.04229,271.15,400.04,66.0,1478.0,134.0,134.0,214.0,964.1999999999937,0.247,EXP_WEB_ENV_CLEAN_SESS_0081.pcap
NAT_ENH_EXP_WEB_ENV_CLEAN_SESS_0081_W0016,DS1_NATIVE_IPSEC_ENHANCED,1,EXP_WEB_ENV_CLEAN,GRP_EXP_WEB_ENV_CLEAN_SESS_0081,SESS_0081,16,WEB,ENV_CLEAN,2.880582,72.2076,19928.9598,0.013916,0.044329,276.0,405.75,66.0,1478.0,134.0,134.0,214.0,1411.0,0.2387,EXP_WEB_ENV_CLEAN_SESS_0081.pcap
NAT_ENH_EXP_WEB_ENV_CLEAN_SESS_0081_W0017,DS1_NATIVE_IPSEC_ENHANCED,1,EXP_WEB_ENV_CLEAN,GRP_EXP_WEB_ENV_CLEAN_SESS_0081,SESS_0081,17,WEB,ENV_CLEAN,2.870127,66.1992,18225.6746,0.015186,0.047617,275.32,404.89,66.0,1478.0,134.0,134.0,214.0,1411.0,0.2416,EXP_WEB_ENV_CLEAN_SESS_0081.pcap
NAT_ENH_EXP_WEB_ENV_CLEAN_SESS_0081_W0018,DS1_NATIVE_IPSEC_ENHANCED,1,EXP_WEB_ENV_CLEAN,GRP_EXP_WEB_ENV_CLEAN_SESS_0081,SESS_0081,18,WEB,ENV_CLEAN,2.807373,60.1986,16698.5303,0.016711,0.0511,277.39,406.81,66.0,1478.0,134.0,134.0,214.0,1411.0,0.2429,EXP_WEB_ENV_CLEAN_SESS_0081.pcap
NAT_ENH_EXP_WEB_ENV_CLEAN_SESS_0081_W0019,DS1_NATIVE_IPSEC_ENHANCED,1,EXP_WEB_ENV_CLEAN,GRP_EXP_WEB_ENV_CLEAN_SESS_0081,SESS_0081,19,WEB,ENV_CLEAN,2.825387,64.7699,18178.0407,0.015524,0.048594,280.66,411.55,66.0,1478.0,134.0,134.0,214.0,1411.0,0.0027,EXP_WEB_ENV_CLEAN_SESS_0081.pcap
NAT_ENH_EXP_WEB_ENV_CLEAN_SESS_0081_W0020,DS1_NATIVE_IPSEC_ENHANCED,1,EXP_WEB_ENV_CLEAN,GRP_EXP_WEB_ENV_CLEAN_SESS_0081,SESS_0081,20,WEB,ENV_CLEAN,2.918319,69.2179,19391.643,0.014519,0.045949,280.15,410.93,66.0,1478.0,134.0,134.0,214.0,1411.0,0.0025,EXP_WEB_ENV_CLEAN_SESS_0081.pcap
NAT_ENH_EXP_WEB_ENV_CLEAN_SESS_0081_W0021,DS1_NATIVE_IPSEC_ENHANCED,1,EXP_WEB_ENV_CLEAN,GRP_EXP_WEB_ENV_CLEAN_SESS_0081,SESS_0081,21,WEB,ENV_CLEAN,2.744995,73.2242,20567.2515,0.013725,0.042956,280.88,411.83,66.0,1478.0,134.0,134.0,214.0,1411.0,0.0025,EXP_WEB_ENV_CLEAN_SESS_0081.pcap
NAT_ENH_EXP_WEB_ENV_CLEAN_SESS_0081_W0022,DS1_NATIVE_IPSEC_ENHANCED,1,EXP_WEB_ENV_CLEAN,GRP_EXP_WEB_ENV_CLEAN_SESS_0081,SESS_0081,22,WEB,ENV_CLEAN,2.902735,74.0681,20062.8029,0.013564,0.042073,270.87,400.16,66.0,1478.0,134.0,134.0,214.0,964.1999999999937,0.0024,EXP_WEB_ENV_CLEAN_SESS_0081.pcap
NAT_ENH_EXP_WEB_ENV_CLEAN_SESS_0081_W0023,DS1_NATIVE_IPSEC_ENHANCED,1,EXP_WEB_ENV_CLEAN,GRP_EXP_WEB_ENV_CLEAN_SESS_0081,SESS_0081,23,WEB,ENV_CLEAN,2.80771,80.8488,22287.913,0.012423,0.039406,275.67,405.79,66.0,1478.0,134.0,134.0,214.0,1411.0,0.0022,EXP_WEB_ENV_CLEAN_SESS_0081.pcap
NAT_ENH_EXP_WEB_ENV_CLEAN_SESS_0081_W0024,DS1_NATIVE_IPSEC_ENHANCED,1,EXP_WEB_ENV_CLEAN,GRP_EXP_WEB_ENV_CLEAN_SESS_0081,SESS_0081,24,WEB,ENV_CLEAN,2.828751,87.6712,24042.0588,0.011452,0.036401,274.23,404.4,66.0,1478.0,134.0,134.0,214.0,1411.0,0.0021,EXP_WEB_ENV_CLEAN_SESS_0081.pcap
NAT_ENH_EXP_WEB_ENV_CLEAN_SESS_0081_W0025,DS1_NATIVE_IPSEC_ENHANCED,1,EXP_WEB_ENV_CLEAN,GRP_EXP_WEB_ENV_CLEAN_SESS_0081,SESS_0081,25,WEB,ENV_CLEAN,2.788137,88.231,24342.061,0.01138,0.036038,275.89,405.62,66.0,1478.0,134.0,134.0,214.0,1411.0,0.2392,EXP_WEB_ENV_CLEAN_SESS_0081.pcap
NAT_ENH_EXP_WEB_ENV_CLEAN_SESS_0081_W0026,DS1_NATIVE_IPSEC_ENHANCED,1,EXP_WEB_ENV_CLEAN,GRP_EXP_WEB_ENV_CLEAN_SESS_0081,SESS_0081,26,WEB,ENV_CLEAN,2.822604,87.1536,24044.8167,0.011521,0.036456,275.89,405.62,66.0,1478.0,134.0,134.0,214.0,1411.0,0.2392,EXP_WEB_ENV_CLEAN_SESS_0081.pcap
NAT_ENH_EXP_WEB_ENV_CLEAN_SESS_0081_W0027,DS1_NATIVE_IPSEC_ENHANCED,1,EXP_WEB_ENV_CLEAN,GRP_EXP_WEB_ENV_CLEAN_SESS_0081,SESS_0081,27,WEB,ENV_CLEAN,2.841489,86.9263,23932.1701,0.011551,0.036761,275.32,404.89,66.0,1478.0,134.0,134.0,214.0,1411.0,0.2416,EXP_WEB_ENV_CLEAN_SESS_0081.pcap
NAT_ENH_EXP_WEB_ENV_CLEAN_SESS_0081_W0028,DS1_NATIVE_IPSEC_ENHANCED,1,EXP_WEB_ENV_CLEAN,GRP_EXP_WEB_ENV_CLEAN_SESS_0081,SESS_0081,28,WEB,ENV_CLEAN,2.959956,83.4472,22974.3285,0.012032,0.037758,275.32,404.89,66.0,1478.0,134.0,134.0,214.0,1411.0,0.2416,EXP_WEB_ENV_CLEAN_SESS_0081.pcap
NAT_ENH_EXP_WEB_ENV_CLEAN_SESS_0081_W0029,DS1_NATIVE_IPSEC_ENHANCED,1,EXP_WEB_ENV_CLEAN,GRP_EXP_WEB_ENV_CLEAN_SESS_0081,SESS_0081,29,WEB,ENV_CLEAN,2.871399,85.3243,23613.2269,0.011768,0.037006,276.75,406.22,66.0,1478.0,134.0,134.0,214.0,1411.0,0.2425,EXP_WEB_ENV_CLEAN_SESS_0081.pcap
NAT_ENH_EXP_WEB_ENV_CLEAN_SESS_0081_W0030,DS1_NATIVE_IPSEC_ENHANCED,1,EXP_WEB_ENV_CLEAN,GRP_EXP_WEB_ENV_CLEAN_SESS_0081,SESS_0081,30,WEB,ENV_CLEAN,2.81746,86.9578,24065.2923,0.011547,0.036529,276.75,406.22,66.0,1478.0,134.0,134.0,214.0,1411.0,0.2425,EXP_WEB_ENV_CLEAN_SESS_0081.pcap
NAT_ENH_EXP_WEB_ENV_CLEAN_SESS_0081_W0031,DS1_NATIVE_IPSEC_ENHANCED,1,EXP_WEB_ENV_CLEAN,GRP_EXP_WEB_ENV_CLEAN_SESS_0081,SESS_0081,31,WEB,ENV_CLEAN,2.835666,86.3995,23910.7855,0.011622,0.036684,276.75,406.22,66.0,1478.0,134.0,134.0,214.0,1411.0,0.2425,EXP_WEB_ENV_CLEAN_SESS_0081.pcap
NAT_ENH_EXP_WEB_ENV_CLEAN_SESS_0081_W0032,DS1_NATIVE_IPSEC_ENHANCED,1,EXP_WEB_ENV_CLEAN,GRP_EXP_WEB_ENV_CLEAN_SESS_0081,SESS_0081,32,WEB,ENV_CLEAN,2.755523,84.5575,23030.8369,0.011877,0.037274,272.37,401.07,66.0,1478.0,134.0,134.0,214.0,1187.6000000000126,0.2501,EXP_WEB_ENV_CLEAN_SESS_0081.pcap
NAT_ENH_EXP_WEB_ENV_CLEAN_SESS_0081_W0033,DS1_NATIVE_IPSEC_ENHANCED,1,EXP_WEB_ENV_CLEAN,GRP_EXP_WEB_ENV_CLEAN_SESS_0081,SESS_0081,33,WEB,ENV_CLEAN,2.882508,84.9954,23522.2241,0.011814,0.037438,276.75,406.22,66.0,1478.0,134.0,134.0,214.0,1411.0,0.2425,EXP_WEB_ENV_CLEAN_SESS_0081.pcap
NAT_ENH_EXP_WEB_ENV_CLEAN_SESS_0081_W0034,DS1_NATIVE_IPSEC_ENHANCED,1,EXP_WEB_ENV_CLEAN,GRP_EXP_WEB_ENV_CLEAN_SESS_0081,SESS_0081,34,WEB,ENV_CLEAN,2.791087,85.2714,23973.8145,0.011777,0.037695,281.15,411.26,66.0,1478.0,134.0,134.0,214.0,1411.0,0.2354,EXP_WEB_ENV_CLEAN_SESS_0081.pcap
NAT_ENH_EXP_WEB_ENV_CLEAN_SESS_0081_W0035,DS1_NATIVE_IPSEC_ENHANCED,1,EXP_WEB_ENV_CLEAN,GRP_EXP_WEB_ENV_CLEAN_SESS_0081,SESS_0081,35,WEB,ENV_CLEAN,2.920009,84.5888,23288.6258,0.01187,0.037874,275.32,404.89,66.0,1478.0,134.0,134.0,214.0,1411.0,0.2416,EXP_WEB_ENV_CLEAN_SESS_0081.pcap
NAT_ENH_EXP_WEB_ENV_CLEAN_SESS_0081_W0036,DS1_NATIVE_IPSEC_ENHANCED,1,EXP_WEB_ENV_CLEAN,GRP_EXP_WEB_ENV_CLEAN_SESS_0081,SESS_0081,36,WEB,ENV_CLEAN,2.772596,81.5121,22568.0202,0.012323,0.038786,276.87,406.33,66.0,1478.0,134.0,134.0,214.0,1411.0,0.2426,EXP_WEB_ENV_CLEAN_SESS_0081.pcap
NAT_ENH_EXP_WEB_ENV_CLEAN_SESS_0082_W0000,DS1_NATIVE_IPSEC_ENHANCED,1,EXP_WEB_ENV_CLEAN,GRP_EXP_WEB_ENV_CLEAN_SESS_0082,SESS_0082,0,WEB,ENV_CLEAN,2.97235,12.4481,2343.9367,0.082565,0.217332,188.3,304.88,42.0,1478.0,74.0,134.0,134.0,217.2,0.1382,EXP_WEB_ENV_CLEAN_SESS_0082.pcap
NAT_ENH_EXP_WEB_ENV_CLEAN_SESS_0082_W0001,DS1_NATIVE_IPSEC_ENHANCED,1,EXP_WEB_ENV_CLEAN,GRP_EXP_WEB_ENV_CLEAN_SESS_0082,SESS_0082,1,WEB,ENV_CLEAN,2.406096,29.924,7134.7943,0.033889,0.130369,238.43,367.9,42.0,1478.0,86.0,134.0,134.0,294.0,0.0352,EXP_WEB_ENV_CLEAN_SESS_0082.pcap
NAT_ENH_EXP_WEB_ENV_CLEAN_SESS_0082_W0002,DS1_NATIVE_IPSEC_ENHANCED,1,EXP_WEB_ENV_CLEAN,GRP_EXP_WEB_ENV_CLEAN_SESS_0082,SESS_0082,2,WEB,ENV_CLEAN,2.899521,35.5231,9221.8684,0.028427,0.112935,259.6,392.64,42.0,1478.0,90.0,134.0,134.0,294.0,0.0223,EXP_WEB_ENV_CLEAN_SESS_0082.pcap
NAT_ENH_EXP_WEB_ENV_CLEAN_SESS_0082_W0003,DS1_NATIVE_IPSEC_ENHANCED,1,EXP_WEB_ENV_CLEAN,GRP_EXP_WEB_ENV_CLEAN_SESS_0082,SESS_0082,3,WEB,ENV_CLEAN,2.601968,55.3427,14516.3197,0.018196,0.082809,262.3,391.98,42.0,1478.0,134.0,134.0,154.0,294.0,0.007,EXP_WEB_ENV_CLEAN_SESS_0082.pcap
NAT_ENH_EXP_WEB_ENV_CLEAN_SESS_0082_W0004,DS1_NATIVE_IPSEC_ENHANCED,1,EXP_WEB_ENV_CLEAN,GRP_EXP_WEB_ENV_CLEAN_SESS_0082,SESS_0082,4,WEB,ENV_CLEAN,2.157418,87.6047,24130.6968,0.011476,0.036255,275.45,406.13,42.0,1478.0,134.0,134.0,214.0,1411.0,0.0016,EXP_WEB_ENV_CLEAN_SESS_0082.pcap
NAT_ENH_EXP_WEB_ENV_CLEAN_SESS_0082_W0005,DS1_NATIVE_IPSEC_ENHANCED,1,EXP_WEB_ENV_CLEAN,GRP_EXP_WEB_ENV_CLEAN_SESS_0082,SESS_0082,5,WEB,ENV_CLEAN,2.717259,91.2684,24985.839,0.011001,0.034418,273.76,404.62,42.0,1478.0,134.0,134.0,214.0,1411.0,0.0033,EXP_WEB_ENV_CLEAN_SESS_0082.pcap
NAT_ENH_EXP_WEB_ENV_CLEAN_SESS_0082_W0006,DS1_NATIVE_IPSEC_ENHANCED,1,EXP_WEB_ENV_CLEAN,GRP_EXP_WEB_ENV_CLEAN_SESS_0082,SESS_0082,6,WEB,ENV_CLEAN,2.915301,90.5567,25008.0516,0.011085,0.034286,276.16,406.33,66.0,1478.0,134.0,134.0,214.0,1411.0,0.0019,EXP_WEB_ENV_CLEAN_SESS_0082.pcap
NAT_ENH_EXP_WEB_ENV_CLEAN_SESS_0082_W0007,DS1_NATIVE_IPSEC_ENHANCED,1,EXP_WEB_ENV_CLEAN,GRP_EXP_WEB_ENV_CLEAN_SESS_0082,SESS_0082,7,WEB,ENV_CLEAN,2.774866,99.4643,27838.1024,0.01009,0.029935,279.88,410.59,66.0,1478.0,134.0,134.0,214.0,1411.0,0.0018,EXP_WEB_ENV_CLEAN_SESS_0082.pcap
NAT_ENH_EXP_WEB_ENV_CLEAN_SESS_0082_W0008,DS1_NATIVE_IPSEC_ENHANCED,1,EXP_WEB_ENV_CLEAN,GRP_EXP_WEB_ENV_CLEAN_SESS_0082,SESS_0082,8,WEB,ENV_CLEAN,2.881808,97.1612,26997.9837,0.010329,0.030296,277.87,408.03,66.0,1478.0,134.0,134.0,214.0,1411.0,0.0018,EXP_WEB_ENV_CLEAN_SESS_0082.pcap
NAT_ENH_EXP_WEB_ENV_CLEAN_SESS_0082_W0009,DS1_NATIVE_IPSEC_ENHANCED,1,EXP_WEB_ENV_CLEAN,GRP_EXP_WEB_ENV_CLEAN_SESS_0082,SESS_0082,9,WEB,ENV_CLEAN,2.973523,98.2,27625.1423,0.010218,0.030151,281.32,411.96,66.0,1478.0,134.0,134.0,214.0,1411.0,0.0017,EXP_WEB_ENV_CLEAN_SESS_0082.pcap
NAT_ENH_EXP_WEB_ENV_CLEAN_SESS_0082_W0010,DS1_NATIVE_IPSEC_ENHANCED,1,EXP_WEB_ENV_CLEAN,GRP_EXP_WEB_ENV_CLEAN_SESS_0082,SESS_0082,10,WEB,ENV_CLEAN,2.938298,97.6756,26781.831,0.010274,0.030182,274.19,403.76,66.0,1478.0,134.0,134.0,214.0,1411.0,0.0018,EXP_WEB_ENV_CLEAN_SESS_0082.pcap
NAT_ENH_EXP_WEB_ENV_CLEAN_SESS_0082_W0011,DS1_NATIVE_IPSEC_ENHANCED,1,EXP_WEB_ENV_CLEAN,GRP_EXP_WEB_ENV_CLEAN_SESS_0082,SESS_0082,11,WEB,ENV_CLEAN,2.915584,95.3497,26637.2012,0.010526,0.03123,279.36,409.12,66.0,1478.0,134.0,134.0,214.0,1411.0,0.2368,EXP_WEB_ENV_CLEAN_SESS_0082.pcap
NAT_ENH_EXP_WEB_ENV_CLEAN_SESS_0082_W0012,DS1_NATIVE_IPSEC_ENHANCED,1,EXP_WEB_ENV_CLEAN,GRP_EXP_WEB_ENV_CLEAN_SESS_0082,SESS_0082,12,WEB,ENV_CLEAN,2.917505,93.2304,26360.5394,0.010766,0.032142,282.75,412.9,66.0,1478.0,134.0,134.0,214.0,1411.0,0.2327,EXP_WEB_ENV_CLEAN_SESS_0082.pcap
NAT_ENH_EXP_WEB_ENV_CLEAN_SESS_0082_W0013,DS1_NATIVE_IPSEC_ENHANCED,1,EXP_WEB_ENV_CLEAN,GRP_EXP_WEB_ENV_CLEAN_SESS_0082,SESS_0082,13,WEB,ENV_CLEAN,2.876174,97.0039,27048.7788,0.010346,0.031011,278.84,408.48,66.0,1478.0,134.0,134.0,214.0,1411.0,0.2389,EXP_WEB_ENV_CLEAN_SESS_0082.pcap
NAT_ENH_EXP_WEB_ENV_CLEAN_SESS_0082_W0014,DS1_NATIVE_IPSEC_ENHANCED,1,EXP_WEB_ENV_CLEAN,GRP_EXP_WEB_ENV_CLEAN_SESS_0082,SESS_0082,14,WEB,ENV_CLEAN,2.949797,102.0409,28260.2506,0.009833,0.029743,276.95,406.56,66.0,1478.0,134.0,134.0,214.0,1411.0,0.2404,EXP_WEB_ENV_CLEAN_SESS_0082.pcap
NAT_ENH_EXP_WEB_ENV_CLEAN_SESS_0082_W0015,DS1_NATIVE_IPSEC_ENHANCED,1,EXP_WEB_ENV_CLEAN,GRP_EXP_WEB_ENV_CLEAN_SESS_0082,SESS_0082,15,WEB,ENV_CLEAN,2.818727,100.0452,27718.5409,0.010031,0.03059,277.06,406.67,66.0,1478.0,134.0,134.0,214.0,1411.0,0.2403,EXP_WEB_ENV_CLEAN_SESS_0082.pcap
NAT_ENH_EXP_WEB_ENV_CLEAN_SESS_0082_W0016,DS1_NATIVE_IPSEC_ENHANCED,1,EXP_WEB_ENV_CLEAN,GRP_EXP_WEB_ENV_CLEAN_SESS_0082,SESS_0082,16,WEB,ENV_CLEAN,2.84784,97.6178,27239.9449,0.010281,0.031687,279.05,409.21,66.0,1478.0,134.0,134.0,214.0,1411.0,0.2355,EXP_WEB_ENV_CLEAN_SESS_0082.pcap
NAT_ENH_EXP_WEB_ENV_CLEAN_SESS_0082_W0017,DS1_NATIVE_IPSEC_ENHANCED,1,EXP_WEB_ENV_CLEAN,GRP_EXP_WEB_ENV_CLEAN_SESS_0082,SESS_0082,17,WEB,ENV_CLEAN,2.79817,95.0621,26172.1067,0.010559,0.032451,275.32,404.89,66.0,1478.0,134.0,134.0,214.0,1411.0,0.2416,EXP_WEB_ENV_CLEAN_SESS_0082.pcap
NAT_ENH_EXP_WEB_ENV_CLEAN_SESS_0083_W0000,DS1_NATIVE_IPSEC_ENHANCED,1,EXP_WEB_ENV_CLEAN,GRP_EXP_WEB_ENV_CLEAN_SESS_0083,SESS_0083,0,WEB,ENV_CLEAN,2.11191,4.2615,362.7048,0.263989,0.226616,85.11,8.17,70.0,90.0,86.0,90.0,90.0,90.0,1.0,EXP_WEB_ENV_CLEAN_SESS_0083.pcap
NAT_ENH_EXP_WEB_ENV_CLEAN_SESS_0083_W0001,DS1_NATIVE_IPSEC_ENHANCED,1,EXP_WEB_ENV_CLEAN,GRP_EXP_WEB_ENV_CLEAN_SESS_0083,SESS_0083,1,WEB,ENV_CLEAN,1.503919,4.6545,392.3083,0.250653,0.23098,84.29,9.04,70.0,90.0,80.0,90.0,90.0,90.0,1.0,EXP_WEB_ENV_CLEAN_SESS_0083.pcap
NAT_ENH_EXP_WEB_ENV_CLEAN_SESS_0083_W0002,DS1_NATIVE_IPSEC_ENHANCED,1,EXP_WEB_ENV_CLEAN,GRP_EXP_WEB_ENV_CLEAN_SESS_0083,SESS_0083,2,WEB,ENV_CLEAN,2.59394,9.2523,2128.4226,0.11278,0.319341,230.04,370.8,42.0,1478.0,73.0,134.0,134.0,272.4,0.0832,EXP_WEB_ENV_CLEAN_SESS_0083.pcap
NAT_ENH_EXP_WEB_ENV_CLEAN_SESS_0083_W0003,DS1_NATIVE_IPSEC_ENHANCED,1,EXP_WEB_ENV_CLEAN,GRP_EXP_WEB_ENV_CLEAN_SESS_0083,SESS_0083,3,WEB,ENV_CLEAN,2.639745,15.5318,4012.5088,0.065994,0.244218,258.34,394.33,42.0,1478.0,90.0,134.0,134.0,294.0,0.0256,EXP_WEB_ENV_CLEAN_SESS_0083.pcap
NAT_ENH_EXP_WEB_ENV_CLEAN_SESS_0083_W0004,DS1_NATIVE_IPSEC_ENHANCED,1,EXP_WEB_ENV_CLEAN,GRP_EXP_WEB_ENV_CLEAN_SESS_0083,SESS_0083,4,WEB,ENV_CLEAN,2.785458,21.8995,5698.5246,0.046424,0.199491,260.21,395.43,42.0,1478.0,74.0,134.0,134.0,294.0,0.0202,EXP_WEB_ENV_CLEAN_SESS_0083.pcap
NAT_ENH_EXP_WEB_ENV_CLEAN_SESS_0083_W0005,DS1_NATIVE_IPSEC_ENHANCED,1,EXP_WEB_ENV_CLEAN,GRP_EXP_WEB_ENV_CLEAN_SESS_0083,SESS_0083,5,WEB,ENV_CLEAN,1.785594,44.243,11768.6328,0.022892,0.078624,266.0,399.77,42.0,1478.0,104.0,134.0,174.0,517.4000000000032,0.0108,EXP_WEB_ENV_CLEAN_SESS_0083.pcap
NAT_ENH_EXP_WEB_ENV_CLEAN_SESS_0083_W0006,DS1_NATIVE_IPSEC_ENHANCED,1,EXP_WEB_ENV_CLEAN,GRP_EXP_WEB_ENV_CLEAN_SESS_0083,SESS_0083,6,WEB,ENV_CLEAN,2.256909,43.4222,11628.737,0.023267,0.078813,267.81,400.79,42.0,1478.0,134.0,134.0,194.0,629.0999999999968,0.0086,EXP_WEB_ENV_CLEAN_SESS_0083.pcap
NAT_ENH_EXP_WEB_ENV_CLEAN_SESS_0083_W0007,DS1_NATIVE_IPSEC_ENHANCED,1,EXP_WEB_ENV_CLEAN,GRP_EXP_WEB_ENV_CLEAN_SESS_0083,SESS_0083,7,WEB,ENV_CLEAN,2.647057,44.2,11890.9413,0.022819,0.078377,269.03,401.47,42.0,1478.0,134.0,134.0,214.0,740.8000000000063,0.0072,EXP_WEB_ENV_CLEAN_SESS_0083.pcap
NAT_ENH_EXP_WEB_ENV_CLEAN_SESS_0083_W0008,DS1_NATIVE_IPSEC_ENHANCED,1,EXP_WEB_ENV_CLEAN,GRP_EXP_WEB_ENV_CLEAN_SESS_0083,SESS_0083,8,WEB,ENV_CLEAN,2.888786,42.2323,11174.9371,0.023874,0.081056,264.61,393.67,66.0,1478.0,134.0,134.0,194.0,294.0,0.0044,EXP_WEB_ENV_CLEAN_SESS_0083.pcap
NAT_ENH_EXP_WEB_ENV_CLEAN_SESS_0083_W0009,DS1_NATIVE_IPSEC_ENHANCED,1,EXP_WEB_ENV_CLEAN,GRP_EXP_WEB_ENV_CLEAN_SESS_0083,SESS_0083,9,WEB,ENV_CLEAN,2.800384,43.2084,11479.855,0.023337,0.079357,265.69,395.12,66.0,1478.0,134.0,134.0,214.0,294.0,0.0044,EXP_WEB_ENV_CLEAN_SESS_0083.pcap
NAT_ENH_EXP_WEB_ENV_CLEAN_SESS_0083_W0010,DS1_NATIVE_IPSEC_ENHANCED,1,EXP_WEB_ENV_CLEAN,GRP_EXP_WEB_ENV_CLEAN_SESS_0083,SESS_0083,10,WEB,ENV_CLEAN,2.737236,47.8585,13279.4541,0.021056,0.074022,277.47,407.59,66.0,1478.0,134.0,134.0,214.0,1411.0,0.2325,EXP_WEB_ENV_CLEAN_SESS_0083.pcap
NAT_ENH_EXP_WEB_ENV_CLEAN_SESS_0083_W0011,DS1_NATIVE_IPSEC_ENHANCED,1,EXP_WEB_ENV_CLEAN,GRP_EXP_WEB_ENV_CLEAN_SESS_0083,SESS_0083,11,WEB,ENV_CLEAN,2.719094,48.1778,13368.0555,0.020916,0.074024,277.47,407.59,66.0,1478.0,134.0,134.0,214.0,1411.0,0.2325,EXP_WEB_ENV_CLEAN_SESS_0083.pcap
NAT_ENH_EXP_WEB_ENV_CLEAN_SESS_0083_W0012,DS1_NATIVE_IPSEC_ENHANCED,1,EXP_WEB_ENV_CLEAN,GRP_EXP_WEB_ENV_CLEAN_SESS_0083,SESS_0083,12,WEB,ENV_CLEAN,2.703967,48.4473,13442.8411,0.0208,0.074077,277.47,407.59,66.0,1478.0,134.0,134.0,214.0,1411.0,0.2325,EXP_WEB_ENV_CLEAN_SESS_0083.pcap
NAT_ENH_EXP_WEB_ENV_CLEAN_SESS_0083_W0013,DS1_NATIVE_IPSEC_ENHANCED,1,EXP_WEB_ENV_CLEAN,GRP_EXP_WEB_ENV_CLEAN_SESS_0083,SESS_0083,13,WEB,ENV_CLEAN,2.778687,47.1446,13081.3582,0.021375,0.074829,277.47,407.59,66.0,1478.0,134.0,134.0,214.0,1411.0,0.2325,EXP_WEB_ENV_CLEAN_SESS_0083.pcap
NAT_ENH_EXP_WEB_ENV_CLEAN_SESS_0083_W0014,DS1_NATIVE_IPSEC_ENHANCED,1,EXP_WEB_ENV_CLEAN,GRP_EXP_WEB_ENV_CLEAN_SESS_0083,SESS_0083,14,WEB,ENV_CLEAN,2.640597,47.3378,13479.1495,0.021295,0.075437,284.74,415.74,66.0,1478.0,134.0,134.0,214.0,1411.0,0.2238,EXP_WEB_ENV_CLEAN_SESS_0083.pcap
NAT_ENH_EXP_WEB_ENV_CLEAN_SESS_0083_W0015,DS1_NATIVE_IPSEC_ENHANCED,1,EXP_WEB_ENV_CLEAN,GRP_EXP_WEB_ENV_CLEAN_SESS_0083,SESS_0083,15,WEB,ENV_CLEAN,2.993193,48.4432,13683.7143,0.020786,0.074714,282.47,413.09,66.0,1478.0,134.0,134.0,214.0,1411.0,0.2301,EXP_WEB_ENV_CLEAN_SESS_0083.pcap
NAT_ENH_EXP_WEB_ENV_CLEAN_SESS_0083_W0016,DS1_NATIVE_IPSEC_ENHANCED,1,EXP_WEB_ENV_CLEAN,GRP_EXP_WEB_ENV_CLEAN_SESS_0083,SESS_0083,16,WEB,ENV_CLEAN,2.590034,50.9646,14085.9154,0.019771,0.071733,276.39,406.24,66.0,1478.0,134.0,134.0,214.0,1299.3000000000063,0.2371,EXP_WEB_ENV_CLEAN_SESS_0083.pcap
NAT_ENH_EXP_WEB_ENV_CLEAN_SESS_0083_W0017,DS1_NATIVE_IPSEC_ENHANCED,1,EXP_WEB_ENV_CLEAN,GRP_EXP_WEB_ENV_CLEAN_SESS_0083,SESS_0083,17,WEB,ENV_CLEAN,2.618804,50.0228,13880.0003,0.020145,0.072153,277.47,407.59,66.0,1478.0,134.0,134.0,214.0,1411.0,0.2325,EXP_WEB_ENV_CLEAN_SESS_0083.pcap
NAT_ENH_EXP_WEB_ENV_CLEAN_SESS_0083_W0018,DS1_NATIVE_IPSEC_ENHANCED,1,EXP_WEB_ENV_CLEAN,GRP_EXP_WEB_ENV_CLEAN_SESS_0083,SESS_0083,18,WEB,ENV_CLEAN,2.643915,49.5477,13748.173,0.020338,0.072536,277.47,407.59,66.0,1478.0,134.0,134.0,214.0,1411.0,0.2325,EXP_WEB_ENV_CLEAN_SESS_0083.pcap
NAT_ENH_EXP_WEB_ENV_CLEAN_SESS_0083_W0019,DS1_NATIVE_IPSEC_ENHANCED,1,EXP_WEB_ENV_CLEAN,GRP_EXP_WEB_ENV_CLEAN_SESS_0083,SESS_0083,19,WEB,ENV_CLEAN,2.684578,49.1697,13566.0058,0.020493,0.072795,275.9,406.45,66.0,1478.0,134.0,134.0,214.0,1299.3000000000063,0.0019,EXP_WEB_ENV_CLEAN_SESS_0083.pcap
NAT_ENH_EXP_WEB_ENV_CLEAN_SESS_0083_W0020,DS1_NATIVE_IPSEC_ENHANCED,1,EXP_WEB_ENV_CLEAN,GRP_EXP_WEB_ENV_CLEAN_SESS_0083,SESS_0083,20,WEB,ENV_CLEAN,2.76169,47.7968,13187.2144,0.021082,0.073706,275.9,406.45,66.0,1478.0,134.0,134.0,214.0,1299.3000000000063,0.0019,EXP_WEB_ENV_CLEAN_SESS_0083.pcap
NAT_ENH_EXP_WEB_ENV_CLEAN_SESS_0083_W0021,DS1_NATIVE_IPSEC_ENHANCED,1,EXP_WEB_ENV_CLEAN,GRP_EXP_WEB_ENV_CLEAN_SESS_0083,SESS_0083,21,WEB,ENV_CLEAN,2.513946,44.5515,12354.2826,0.022648,0.075116,277.3,408.28,66.0,1478.0,134.0,134.0,214.0,1299.3000000000063,0.0045,EXP_WEB_ENV_CLEAN_SESS_0083.pcap
NAT_ENH_EXP_WEB_ENV_CLEAN_SESS_0083_W0022,DS1_NATIVE_IPSEC_ENHANCED,1,EXP_WEB_ENV_CLEAN,GRP_EXP_WEB_ENV_CLEAN_SESS_0083,SESS_0083,22,WEB,ENV_CLEAN,2.517578,44.8844,12389.685,0.022478,0.073383,276.04,406.69,66.0,1478.0,134.0,134.0,214.0,1187.5999999999967,0.0045,EXP_WEB_ENV_CLEAN_SESS_0083.pcap
NAT_ENH_EXP_WEB_ENV_CLEAN_SESS_0083_W0023,DS1_NATIVE_IPSEC_ENHANCED,1,EXP_WEB_ENV_CLEAN,GRP_EXP_WEB_ENV_CLEAN_SESS_0083,SESS_0083,23,WEB,ENV_CLEAN,2.440177,46.7179,12837.5935,0.021594,0.072191,274.79,405.12,66.0,1478.0,134.0,134.0,214.0,1075.9000000000033,0.0045,EXP_WEB_ENV_CLEAN_SESS_0083.pcap
NAT_ENH_EXP_WEB_ENV_CLEAN_SESS_0083_W0024,DS1_NATIVE_IPSEC_ENHANCED,1,EXP_WEB_ENV_CLEAN,GRP_EXP_WEB_ENV_CLEAN_SESS_0083,SESS_0083,24,WEB,ENV_CLEAN,2.730329,43.9507,11750.2321,0.022944,0.076197,267.35,396.34,66.0,1478.0,134.0,134.0,214.0,405.70000000000954,0.0044,EXP_WEB_ENV_CLEAN_SESS_0083.pcap
NAT_ENH_EXP_WEB_ENV_CLEAN_SESS_0083_W0025,DS1_NATIVE_IPSEC_ENHANCED,1,EXP_WEB_ENV_CLEAN,GRP_EXP_WEB_ENV_CLEAN_SESS_0083,SESS_0083,25,WEB,ENV_CLEAN,2.752517,43.2332,11630.0826,0.023326,0.076837,269.01,397.58,66.0,1478.0,134.0,134.0,214.0,517.4000000000032,0.0022,EXP_WEB_ENV_CLEAN_SESS_0083.pcap
NAT_ENH_EXP_WEB_ENV_CLEAN_SESS_0083_W0026,DS1_NATIVE_IPSEC_ENHANCED,1,EXP_WEB_ENV_CLEAN,GRP_EXP_WEB_ENV_CLEAN_SESS_0083,SESS_0083,26,WEB,ENV_CLEAN,2.80542,45.9824,12862.6009,0.021917,0.073917,279.73,410.33,66.0,1478.0,134.0,134.0,214.0,1411.0,0.0019,EXP_WEB_ENV_CLEAN_SESS_0083.pcap
NAT_ENH_EXP_WEB_ENV_CLEAN_SESS_0083_W0027,DS1_NATIVE_IPSEC_ENHANCED,1,EXP_WEB_ENV_CLEAN,GRP_EXP_WEB_ENV_CLEAN_SESS_0083,SESS_0083,27,WEB,ENV_CLEAN,2.723451,47.7336,13297.4676,0.021112,0.07469,278.58,408.96,66.0,1478.0,134.0,134.0,214.0,1411.0,0.228,EXP_WEB_ENV_CLEAN_SESS_0083.pcap
NAT_ENH_EXP_WEB_ENV_CLEAN_SESS_0083_W0028,DS1_NATIVE_IPSEC_ENHANCED,1,EXP_WEB_ENV_CLEAN,GRP_EXP_WEB_ENV_CLEAN_SESS_0083,SESS_0083,28,WEB,ENV_CLEAN,2.634768,48.9607,13694.1848,0.020584,0.07399,279.7,410.35,66.0,1478.0,134.0,134.0,214.0,1411.0,0.2235,EXP_WEB_ENV_CLEAN_SESS_0083.pcap
NAT_ENH_EXP_WEB_ENV_CLEAN_SESS_0083_W0029,DS1_NATIVE_IPSEC_ENHANCED,1,EXP_WEB_ENV_CLEAN,GRP_EXP_WEB_ENV_CLEAN_SESS_0083,SESS_0083,29,WEB,ENV_CLEAN,2.955116,46.0219,12510.8455,0.02189,0.076492,271.85,401.2,66.0,1478.0,134.0,134.0,214.0,852.5,0.2365,EXP_WEB_ENV_CLEAN_SESS_0083.pcap
NAT_ENH_EXP_WEB_ENV_CLEAN_SESS_0083_W0030,DS1_NATIVE_IPSEC_ENHANCED,1,EXP_WEB_ENV_CLEAN,GRP_EXP_WEB_ENV_CLEAN_SESS_0083,SESS_0083,30,WEB,ENV_CLEAN,2.893786,46.9973,13784.0188,0.021435,0.075549,293.29,424.26,66.0,1478.0,134.0,134.0,214.0,1411.0,0.2125,EXP_WEB_ENV_CLEAN_SESS_0083.pcap
NAT_ENH_EXP_WEB_ENV_CLEAN_SESS_0083_W0031,DS1_NATIVE_IPSEC_ENHANCED,1,EXP_WEB_ENV_CLEAN,GRP_EXP_WEB_ENV_CLEAN_SESS_0083,SESS_0083,31,WEB,ENV_CLEAN,2.950519,47.4493,13677.5933,0.021227,0.075258,288.26,419.21,66.0,1478.0,134.0,134.0,214.0,1411.0,0.2194,EXP_WEB_ENV_CLEAN_SESS_0083.pcap
NAT_ENH_EXP_WEB_ENV_CLEAN_SESS_0083_W0032,DS1_NATIVE_IPSEC_ENHANCED,1,EXP_WEB_ENV_CLEAN,GRP_EXP_WEB_ENV_CLEAN_SESS_0083,SESS_0083,32,WEB,ENV_CLEAN,2.671754,47.9086,13505.3607,0.021037,0.074024,281.9,411.28,66.0,1478.0,134.0,134.0,214.0,1411.0,0.2403,EXP_WEB_ENV_CLEAN_SESS_0083.pcap
NAT_ENH_EXP_WEB_ENV_CLEAN_SESS_0083_W0033,DS1_NATIVE_IPSEC_ENHANCED,1,EXP_WEB_ENV_CLEAN,GRP_EXP_WEB_ENV_CLEAN_SESS_0083,SESS_0083,33,WEB,ENV_CLEAN,2.798088,45.7455,12895.5923,0.022032,0.075614,281.9,411.28,66.0,1478.0,134.0,134.0,214.0,1411.0,0.2403,EXP_WEB_ENV_CLEAN_SESS_0083.pcap
NAT_ENH_EXP_WEB_ENV_CLEAN_SESS_0083_W0034,DS1_NATIVE_IPSEC_ENHANCED,1,EXP_WEB_ENV_CLEAN,GRP_EXP_WEB_ENV_CLEAN_SESS_0083,SESS_0083,34,WEB,ENV_CLEAN,2.899488,44.4906,12490.8261,0.022652,0.076596,280.75,409.88,66.0,1478.0,134.0,134.0,214.0,1411.0,0.245,EXP_WEB_ENV_CLEAN_SESS_0083.pcap
NAT_ENH_EXP_WEB_ENV_CLEAN_SESS_0083_W0035,DS1_NATIVE_IPSEC_ENHANCED,1,EXP_WEB_ENV_CLEAN,GRP_EXP_WEB_ENV_CLEAN_SESS_0083,SESS_0083,35,WEB,ENV_CLEAN,2.930481,41.6314,12055.0178,0.024219,0.079654,289.57,419.64,66.0,1478.0,134.0,134.0,214.0,1411.0,0.2316,EXP_WEB_ENV_CLEAN_SESS_0083.pcap
NAT_ENH_EXP_WEB_ENV_CLEAN_SESS_0083_W0036,DS1_NATIVE_IPSEC_ENHANCED,1,EXP_WEB_ENV_CLEAN,GRP_EXP_WEB_ENV_CLEAN_SESS_0083,SESS_0083,36,WEB,ENV_CLEAN,2.878668,40.2964,10996.0576,0.025032,0.080835,272.88,401.81,66.0,1478.0,134.0,134.0,214.0,852.5,0.2522,EXP_WEB_ENV_CLEAN_SESS_0083.pcap
NAT_ENH_EXP_WEB_ENV_CLEAN_SESS_0084_W0000,DS1_NATIVE_IPSEC_ENHANCED,1,EXP_WEB_ENV_CLEAN,GRP_EXP_WEB_ENV_CLEAN_SESS_0084,SESS_0084,0,WEB,ENV_CLEAN,2.498982,4.0016,340.9388,0.277665,0.257852,85.2,7.76,70.0,90.0,86.0,90.0,90.0,90.0,1.0,EXP_WEB_ENV_CLEAN_SESS_0084.pcap
NAT_ENH_EXP_WEB_ENV_CLEAN_SESS_0084_W0001,DS1_NATIVE_IPSEC_ENHANCED,1,EXP_WEB_ENV_CLEAN,GRP_EXP_WEB_ENV_CLEAN_SESS_0084,SESS_0084,1,WEB,ENV_CLEAN,1.922745,3.6406,304.7726,0.320457,0.305286,83.71,8.78,70.0,90.0,78.0,90.0,90.0,90.0,1.0,EXP_WEB_ENV_CLEAN_SESS_0084.pcap
NAT_ENH_EXP_WEB_ENV_CLEAN_SESS_0084_W0002,DS1_NATIVE_IPSEC_ENHANCED,1,EXP_WEB_ENV_CLEAN,GRP_EXP_WEB_ENV_CLEAN_SESS_0084,SESS_0084,2,WEB,ENV_CLEAN,2.892005,11.7565,2318.4607,0.087637,0.236548,197.21,316.5,42.0,1478.0,74.0,134.0,134.0,219.6,0.0954,EXP_WEB_ENV_CLEAN_SESS_0084.pcap
NAT_ENH_EXP_WEB_ENV_CLEAN_SESS_0084_W0003,DS1_NATIVE_IPSEC_ENHANCED,1,EXP_WEB_ENV_CLEAN,GRP_EXP_WEB_ENV_CLEAN_SESS_0084,SESS_0084,3,WEB,ENV_CLEAN,2.731217,22.7005,5868.0803,0.044774,0.175452,258.5,392.4,42.0,1478.0,90.0,134.0,134.0,294.0,0.0213,EXP_WEB_ENV_CLEAN_SESS_0084.pcap
NAT_ENH_EXP_WEB_ENV_CLEAN_SESS_0084_W0004,DS1_NATIVE_IPSEC_ENHANCED,1,EXP_WEB_ENV_CLEAN,GRP_EXP_WEB_ENV_CLEAN_SESS_0084,SESS_0084,4,WEB,ENV_CLEAN,2.445302,35.5784,9020.5627,0.028434,0.119335,253.54,383.14,42.0,1478.0,112.0,134.0,134.0,294.0,0.0112,EXP_WEB_ENV_CLEAN_SESS_0084.pcap
NAT_ENH_EXP_WEB_ENV_CLEAN_SESS_0084_W0005,DS1_NATIVE_IPSEC_ENHANCED,1,EXP_WEB_ENV_CLEAN,GRP_EXP_WEB_ENV_CLEAN_SESS_0084,SESS_0084,5,WEB,ENV_CLEAN,1.857335,63.5319,17019.0076,0.015875,0.049832,267.88,399.95,42.0,1478.0,134.0,134.0,194.0,629.0999999999968,0.0071,EXP_WEB_ENV_CLEAN_SESS_0084.pcap
NAT_ENH_EXP_WEB_ENV_CLEAN_SESS_0084_W0006,DS1_NATIVE_IPSEC_ENHANCED,1,EXP_WEB_ENV_CLEAN,GRP_EXP_WEB_ENV_CLEAN_SESS_0084,SESS_0084,6,WEB,ENV_CLEAN,2.25035,60.8794,16371.2312,0.016547,0.051588,268.91,400.65,42.0,1478.0,134.0,134.0,214.0,740.8000000000063,0.0061,EXP_WEB_ENV_CLEAN_SESS_0084.pcap
NAT_ENH_EXP_WEB_ENV_CLEAN_SESS_0084_W0007,DS1_NATIVE_IPSEC_ENHANCED,1,EXP_WEB_ENV_CLEAN,GRP_EXP_WEB_ENV_CLEAN_SESS_0084,SESS_0084,7,WEB,ENV_CLEAN,2.968295,57.9457,15823.5615,0.017358,0.053228,273.08,404.5,42.0,1478.0,134.0,134.0,214.0,1299.3000000000063,0.0048,EXP_WEB_ENV_CLEAN_SESS_0084.pcap
NAT_ENH_EXP_WEB_ENV_CLEAN_SESS_0084_W0008,DS1_NATIVE_IPSEC_ENHANCED,1,EXP_WEB_ENV_CLEAN,GRP_EXP_WEB_ENV_CLEAN_SESS_0084,SESS_0084,8,WEB,ENV_CLEAN,2.825317,57.3387,16232.1614,0.017549,0.053697,283.09,414.52,66.0,1478.0,134.0,134.0,214.0,1411.0,0.0031,EXP_WEB_ENV_CLEAN_SESS_0084.pcap
NAT_ENH_EXP_WEB_ENV_CLEAN_SESS_0084_W0009,DS1_NATIVE_IPSEC_ENHANCED,1,EXP_WEB_ENV_CLEAN,GRP_EXP_WEB_ENV_CLEAN_SESS_0084,SESS_0084,9,WEB,ENV_CLEAN,2.918008,53.8038,14533.8882,0.018705,0.055827,270.13,399.55,66.0,1478.0,134.0,134.0,214.0,740.8000000000063,0.0033,EXP_WEB_ENV_CLEAN_SESS_0084.pcap
NAT_ENH_EXP_WEB_ENV_CLEAN_SESS_0084_W0010,DS1_NATIVE_IPSEC_ENHANCED,1,EXP_WEB_ENV_CLEAN,GRP_EXP_WEB_ENV_CLEAN_SESS_0084,SESS_0084,10,WEB,ENV_CLEAN,2.814501,52.5848,14679.689,0.019146,0.058172,279.16,409.64,66.0,1478.0,134.0,134.0,214.0,1411.0,0.0017,EXP_WEB_ENV_CLEAN_SESS_0084.pcap
NAT_ENH_EXP_WEB_ENV_CLEAN_SESS_0084_W0011,DS1_NATIVE_IPSEC_ENHANCED,1,EXP_WEB_ENV_CLEAN,GRP_EXP_WEB_ENV_CLEAN_SESS_0084,SESS_0084,11,WEB,ENV_CLEAN,2.753086,52.6682,14884.3887,0.019119,0.057374,282.61,413.12,66.0,1478.0,134.0,134.0,214.0,1411.0,0.2231,EXP_WEB_ENV_CLEAN_SESS_0084.pcap
NAT_ENH_EXP_WEB_ENV_CLEAN_SESS_0084_W0012,DS1_NATIVE_IPSEC_ENHANCED,1,EXP_WEB_ENV_CLEAN,GRP_EXP_WEB_ENV_CLEAN_SESS_0084,SESS_0084,12,WEB,ENV_CLEAN,2.950123,51.1843,14146.5285,0.019667,0.058343,276.38,406.1,66.0,1478.0,134.0,134.0,214.0,1411.0,0.2307,EXP_WEB_ENV_CLEAN_SESS_0084.pcap
NAT_ENH_EXP_WEB_ENV_CLEAN_SESS_0084_W0013,DS1_NATIVE_IPSEC_ENHANCED,1,EXP_WEB_ENV_CLEAN,GRP_EXP_WEB_ENV_CLEAN_SESS_0084,SESS_0084,13,WEB,ENV_CLEAN,2.728726,53.8713,15090.5592,0.01869,0.056703,280.12,410.87,66.0,1478.0,134.0,134.0,214.0,1411.0,0.2218,EXP_WEB_ENV_CLEAN_SESS_0084.pcap
NAT_ENH_EXP_WEB_ENV_CLEAN_SESS_0084_W0014,DS1_NATIVE_IPSEC_ENHANCED,1,EXP_WEB_ENV_CLEAN,GRP_EXP_WEB_ENV_CLEAN_SESS_0084,SESS_0084,14,WEB,ENV_CLEAN,2.72958,53.8544,15085.8378,0.018696,0.056714,280.12,410.87,66.0,1478.0,134.0,134.0,214.0,1411.0,0.2218,EXP_WEB_ENV_CLEAN_SESS_0084.pcap
NAT_ENH_EXP_WEB_ENV_CLEAN_SESS_0084_W0015,DS1_NATIVE_IPSEC_ENHANCED,1,EXP_WEB_ENV_CLEAN,GRP_EXP_WEB_ENV_CLEAN_SESS_0084,SESS_0084,15,WEB,ENV_CLEAN,2.804037,52.4244,14685.2563,0.019206,0.058213,280.12,410.87,66.0,1478.0,134.0,134.0,214.0,1411.0,0.2218,EXP_WEB_ENV_CLEAN_SESS_0084.pcap
NAT_ENH_EXP_WEB_ENV_CLEAN_SESS_0084_W0016,DS1_NATIVE_IPSEC_ENHANCED,1,EXP_WEB_ENV_CLEAN,GRP_EXP_WEB_ENV_CLEAN_SESS_0084,SESS_0084,16,WEB,ENV_CLEAN,2.915589,54.1915,15589.6466,0.018571,0.056714,287.68,418.69,66.0,1478.0,134.0,134.0,214.0,1411.0,0.2183,EXP_WEB_ENV_CLEAN_SESS_0084.pcap
NAT_ENH_EXP_WEB_ENV_CLEAN_SESS_0084_W0017,DS1_NATIVE_IPSEC_ENHANCED,1,EXP_WEB_ENV_CLEAN,GRP_EXP_WEB_ENV_CLEAN_SESS_0084,SESS_0084,17,WEB,ENV_CLEAN,2.69874,54.8404,15333.0827,0.018359,0.055974,279.59,409.45,66.0,1478.0,134.0,134.0,214.0,1411.0,0.2351,EXP_WEB_ENV_CLEAN_SESS_0084.pcap
NAT_ENH_EXP_WEB_ENV_CLEAN_SESS_0084_W0018,DS1_NATIVE_IPSEC_ENHANCED,1,EXP_WEB_ENV_CLEAN,GRP_EXP_WEB_ENV_CLEAN_SESS_0084,SESS_0084,18,WEB,ENV_CLEAN,2.774371,53.7059,14963.3922,0.018746,0.057201,278.62,408.25,66.0,1478.0,134.0,134.0,214.0,1411.0,0.2391,EXP_WEB_ENV_CLEAN_SESS_0084.pcap
NAT_ENH_EXP_WEB_ENV_CLEAN_SESS_0084_W0019,DS1_NATIVE_IPSEC_ENHANCED,1,EXP_WEB_ENV_CLEAN,GRP_EXP_WEB_ENV_CLEAN_SESS_0084,SESS_0084,19,WEB,ENV_CLEAN,2.702744,54.7592,15310.366,0.018386,0.055806,279.59,409.45,66.0,1478.0,134.0,134.0,214.0,1411.0,0.2351,EXP_WEB_ENV_CLEAN_SESS_0084.pcap
NAT_ENH_EXP_WEB_ENV_CLEAN_SESS_0084_W0020,DS1_NATIVE_IPSEC_ENHANCED,1,EXP_WEB_ENV_CLEAN,GRP_EXP_WEB_ENV_CLEAN_SESS_0084,SESS_0084,20,WEB,ENV_CLEAN,2.94481,53.3141,14401.6087,0.018877,0.056196,270.13,399.55,66.0,1478.0,134.0,134.0,214.0,740.8000000000063,0.0033,EXP_WEB_ENV_CLEAN_SESS_0084.pcap
NAT_ENH_EXP_WEB_ENV_CLEAN_SESS_0084_W0021,DS1_NATIVE_IPSEC_ENHANCED,1,EXP_WEB_ENV_CLEAN,GRP_EXP_WEB_ENV_CLEAN_SESS_0084,SESS_0084,21,WEB,ENV_CLEAN,2.841872,57.0047,16137.6024,0.017651,0.054076,283.09,414.52,66.0,1478.0,134.0,134.0,214.0,1411.0,0.0031,EXP_WEB_ENV_CLEAN_SESS_0084.pcap
NAT_ENH_EXP_WEB_ENV_HIGH_LATENCY_SESS_W0000,DS1_NATIVE_IPSEC_ENHANCED,1,EXP_WEB_ENV_HIGH,GRP_EXP_WEB_ENV_HIGH_LATENCY_SESS,LATENCY_SESS,0,WEB,ENV_HIGH,2.998986,20.6737,5281.4518,0.049164,0.148004,255.47,393.5,42.0,1478.0,90.0,134.0,134.0,294.0,0.0507,EXP_WEB_ENV_HIGH_LATENCY_SESS_0091.pcap
NAT_ENH_EXP_WEB_ENV_HIGH_LATENCY_SESS_W0001,DS1_NATIVE_IPSEC_ENHANCED,1,EXP_WEB_ENV_HIGH,GRP_EXP_WEB_ENV_HIGH_LATENCY_SESS,LATENCY_SESS,1,WEB,ENV_HIGH,2.275046,37.8014,9624.4213,0.026765,0.0924,254.6,385.23,42.0,1478.0,97.0,134.0,134.0,294.0,0.0122,EXP_WEB_ENV_HIGH_LATENCY_SESS_0091.pcap
NAT_ENH_EXP_WEB_ENV_HIGH_LATENCY_SESS_W0002,DS1_NATIVE_IPSEC_ENHANCED,1,EXP_WEB_ENV_HIGH,GRP_EXP_WEB_ENV_HIGH_LATENCY_SESS,LATENCY_SESS,2,WEB,ENV_HIGH,2.736894,42.0184,11399.7843,0.024008,0.081709,271.3,404.53,42.0,1478.0,118.0,134.0,214.0,964.2000000000096,0.0085,EXP_WEB_ENV_HIGH_LATENCY_SESS_0091.pcap
NAT_ENH_EXP_WEB_ENV_HIGH_LATENCY_SESS_W0003,DS1_NATIVE_IPSEC_ENHANCED,1,EXP_WEB_ENV_HIGH,GRP_EXP_WEB_ENV_HIGH_LATENCY_SESS,LATENCY_SESS,3,WEB,ENV_HIGH,2.397423,59.2303,15597.9982,0.017003,0.035424,263.35,394.73,42.0,1478.0,118.0,134.0,194.0,294.0,0.0041,EXP_WEB_ENV_HIGH_LATENCY_SESS_0091.pcap
NAT_ENH_EXP_WEB_ENV_HIGH_LATENCY_SESS_W0004,DS1_NATIVE_IPSEC_ENHANCED,1,EXP_WEB_ENV_HIGH,GRP_EXP_WEB_ENV_HIGH_LATENCY_SESS,LATENCY_SESS,4,WEB,ENV_HIGH,2.895647,60.4355,16261.3051,0.016642,0.034258,269.07,402.08,42.0,1478.0,118.0,134.0,214.0,964.1999999999937,0.0048,EXP_WEB_ENV_HIGH_LATENCY_SESS_0091.pcap
NAT_ENH_EXP_WEB_ENV_HIGH_LATENCY_SESS_W0000,DS1_NATIVE_IPSEC_ENHANCED,1,EXP_WEB_ENV_HIGH,GRP_EXP_WEB_ENV_HIGH_LATENCY_SESS,LATENCY_SESS,0,WEB,ENV_HIGH,2.88942,12.4592,2366.2188,0.082555,0.167482,189.92,308.91,42.0,1478.0,74.0,134.0,134.0,218.0,0.142,EXP_WEB_ENV_HIGH_LATENCY_SESS_0092.pcap
NAT_ENH_EXP_WEB_ENV_HIGH_LATENCY_SESS_W0001,DS1_NATIVE_IPSEC_ENHANCED,1,EXP_WEB_ENV_HIGH,GRP_EXP_WEB_ENV_HIGH_LATENCY_SESS,LATENCY_SESS,1,WEB,ENV_HIGH,2.75658,25.3938,6124.6179,0.03995,0.11907,241.19,372.76,42.0,1478.0,78.0,134.0,134.0,294.0,0.0358,EXP_WEB_ENV_HIGH_LATENCY_SESS_0092.pcap
NAT_ENH_EXP_WEB_ENV_HIGH_LATENCY_SESS_W0002,DS1_NATIVE_IPSEC_ENHANCED,1,EXP_WEB_ENV_HIGH,GRP_EXP_WEB_ENV_HIGH_LATENCY_SESS,LATENCY_SESS,2,WEB,ENV_HIGH,2.628045,31.9629,8226.6481,0.031663,0.097961,257.38,389.38,42.0,1478.0,90.0,134.0,154.0,294.0,0.02,EXP_WEB_ENV_HIGH_LATENCY_SESS_0092.pcap
NAT_ENH_EXP_WEB_ENV_HIGH_LATENCY_SESS_W0003,DS1_NATIVE_IPSEC_ENHANCED,1,EXP_WEB_ENV_HIGH,GRP_EXP_WEB_ENV_HIGH_LATENCY_SESS,LATENCY_SESS,3,WEB,ENV_HIGH,2.848507,39.6699,10888.5113,0.025433,0.082365,274.48,407.39,42.0,1478.0,134.0,134.0,214.0,1187.5999999999967,0.0056,EXP_WEB_ENV_HIGH_LATENCY_SESS_0092.pcap
NAT_ENH_EXP_WEB_ENV_HIGH_LATENCY_SESS_W0004,DS1_NATIVE_IPSEC_ENHANCED,1,EXP_WEB_ENV_HIGH,GRP_EXP_WEB_ENV_HIGH_LATENCY_SESS,LATENCY_SESS,4,WEB,ENV_HIGH,2.570066,55.6406,15732.6701,0.018099,0.037546,282.76,416.5,42.0,1478.0,126.0,134.0,214.0,1411.0,0.0056,EXP_WEB_ENV_HIGH_LATENCY_SESS_0092.pcap
NAT_ENH_EXP_WEB_ENV_HIGH_LATENCY_SESS_W0005,DS1_NATIVE_IPSEC_ENHANCED,1,EXP_WEB_ENV_HIGH,GRP_EXP_WEB_ENV_HIGH_LATENCY_SESS,LATENCY_SESS,5,WEB,ENV_HIGH,2.933878,57.6029,15922.6119,0.017464,0.036066,276.42,407.3,66.0,1478.0,134.0,134.0,214.0,1411.0,0.003,EXP_WEB_ENV_HIGH_LATENCY_SESS_0092.pcap
NAT_ENH_EXP_WEB_ENV_HIGH_LATENCY_SESS_W0000,DS1_NATIVE_IPSEC_ENHANCED,1,EXP_WEB_ENV_HIGH,GRP_EXP_WEB_ENV_HIGH_LATENCY_SESS,LATENCY_SESS,0,WEB,ENV_HIGH,2.977394,16.7932,3817.4325,0.060763,0.137747,227.32,363.18,42.0,1478.0,86.0,134.0,134.0,294.0,0.0897,EXP_WEB_ENV_HIGH_LATENCY_SESS_0093.pcap
NAT_ENH_EXP_WEB_ENV_HIGH_LATENCY_SESS_W0001,DS1_NATIVE_IPSEC_ENHANCED,1,EXP_WEB_ENV_HIGH,GRP_EXP_WEB_ENV_HIGH_LATENCY_SESS,LATENCY_SESS,1,WEB,ENV_HIGH,2.822291,26.2198,6128.0,0.038662,0.110497,233.72,363.9,42.0,1478.0,87.0,134.0,134.0,294.0,0.046,EXP_WEB_ENV_HIGH_LATENCY_SESS_0093.pcap
NAT_ENH_EXP_WEB_ENV_HIGH_LATENCY_SESS_W0002,DS1_NATIVE_IPSEC_ENHANCED,1,EXP_WEB_ENV_HIGH,GRP_EXP_WEB_ENV_HIGH_LATENCY_SESS,LATENCY_SESS,2,WEB,ENV_HIGH,2.665108,40.8989,10292.6412,0.024677,0.072016,251.66,383.26,42.0,1478.0,90.0,134.0,134.0,294.0,0.0218,EXP_WEB_ENV_HIGH_LATENCY_SESS_0093.pcap
NAT_ENH_EXP_WEB_ENV_HIGH_LATENCY_SESS_W0003,DS1_NATIVE_IPSEC_ENHANCED,1,EXP_WEB_ENV_HIGH,GRP_EXP_WEB_ENV_HIGH_LATENCY_SESS,LATENCY_SESS,3,WEB,ENV_HIGH,2.866506,43.956,11332.9613,0.022932,0.068781,257.83,389.1,42.0,1478.0,97.0,134.0,134.0,294.0,0.0132,EXP_WEB_ENV_HIGH_LATENCY_SESS_0093.pcap
NAT_ENH_EXP_WEB_ENV_HIGH_LATENCY_SESS_W0004,DS1_NATIVE_IPSEC_ENHANCED,1,EXP_WEB_ENV_HIGH,GRP_EXP_WEB_ENV_HIGH_LATENCY_SESS,LATENCY_SESS,4,WEB,ENV_HIGH,2.804862,55.6177,14955.4594,0.018096,0.043352,268.9,401.46,42.0,1478.0,118.0,134.0,214.0,852.5,0.0063,EXP_WEB_ENV_HIGH_LATENCY_SESS_0093.pcap
NAT_ENH_EXP_WEB_ENV_HIGH_LATENCY_SESS_W0005,DS1_NATIVE_IPSEC_ENHANCED,1,EXP_WEB_ENV_HIGH,GRP_EXP_WEB_ENV_HIGH_LATENCY_SESS,LATENCY_SESS,5,WEB,ENV_HIGH,2.928402,60.4425,17242.1686,0.016639,0.039991,285.27,417.69,66.0,1478.0,118.0,134.0,214.0,1411.0,0.0014,EXP_WEB_ENV_HIGH_LATENCY_SESS_0093.pcap
NAT_ENH_EXP_WEB_ENV_HIGH_LATENCY_SESS_W0000,DS1_NATIVE_IPSEC_ENHANCED,1,EXP_WEB_ENV_HIGH,GRP_EXP_WEB_ENV_HIGH_LATENCY_SESS,LATENCY_SESS,0,WEB,ENV_HIGH,2.979601,18.4588,4051.549,0.055178,0.156535,219.49,347.49,42.0,1478.0,74.0,134.0,134.0,265.2000000000001,0.0588,EXP_WEB_ENV_HIGH_LATENCY_SESS_0094.pcap
NAT_ENH_EXP_WEB_ENV_HIGH_LATENCY_SESS_W0001,DS1_NATIVE_IPSEC_ENHANCED,1,EXP_WEB_ENV_HIGH,GRP_EXP_WEB_ENV_HIGH_LATENCY_SESS,LATENCY_SESS,1,WEB,ENV_HIGH,2.760915,32.5979,7993.0022,0.031022,0.101094,245.2,378.75,42.0,1478.0,78.0,134.0,134.0,294.0,0.0272,EXP_WEB_ENV_HIGH_LATENCY_SESS_0094.pcap
NAT_ENH_EXP_WEB_ENV_HIGH_LATENCY_SESS_W0002,DS1_NATIVE_IPSEC_ENHANCED,1,EXP_WEB_ENV_HIGH,GRP_EXP_WEB_ENV_HIGH_LATENCY_SESS,LATENCY_SESS,2,WEB,ENV_HIGH,2.946614,41.4035,10818.5191,0.024352,0.084866,261.3,394.91,42.0,1478.0,90.0,134.0,134.0,294.0,0.0135,EXP_WEB_ENV_HIGH_LATENCY_SESS_0094.pcap
NAT_ENH_EXP_WEB_ENV_HIGH_LATENCY_SESS_W0003,DS1_NATIVE_IPSEC_ENHANCED,1,EXP_WEB_ENV_HIGH,GRP_EXP_WEB_ENV_HIGH_LATENCY_SESS,LATENCY_SESS,3,WEB,ENV_HIGH,2.910444,52.9129,14298.8491,0.019023,0.064559,270.23,403.93,42.0,1478.0,118.0,134.0,214.0,1075.9000000000192,0.0081,EXP_WEB_ENV_HIGH_LATENCY_SESS_0094.pcap
NAT_ENH_EXP_WEB_ENV_HIGH_LATENCY_SESS_W0004,DS1_NATIVE_IPSEC_ENHANCED,1,EXP_WEB_ENV_HIGH,GRP_EXP_WEB_ENV_HIGH_LATENCY_SESS,LATENCY_SESS,4,WEB,ENV_HIGH,2.67344,70.3214,19307.7086,0.014296,0.028118,274.56,407.74,42.0,1478.0,118.0,134.0,214.0,1411.0,0.0044,EXP_WEB_ENV_HIGH_LATENCY_SESS_0094.pcap
NAT_ENH_EXP_WEB_ENV_HIGH_LATENCY_SESS_W0005,DS1_NATIVE_IPSEC_ENHANCED,1,EXP_WEB_ENV_HIGH,GRP_EXP_WEB_ENV_HIGH_LATENCY_SESS,LATENCY_SESS,5,WEB,ENV_HIGH,2.916096,73.7287,19844.6829,0.013627,0.027458,269.16,400.78,66.0,1478.0,118.0,134.0,214.0,964.1999999999937,0.0024,EXP_WEB_ENV_HIGH_LATENCY_SESS_0094.pcap
NAT_ENH_EXP_WEB_ENV_HIGH_LATENCY_SESS_W0000,DS1_NATIVE_IPSEC_ENHANCED,1,EXP_WEB_ENV_HIGH,GRP_EXP_WEB_ENV_HIGH_LATENCY_SESS,LATENCY_SESS,0,WEB,ENV_HIGH,2.987721,11.3799,2173.2284,0.090537,0.176704,190.97,317.58,42.0,1478.0,77.0,104.0,134.0,219.6,0.1684,EXP_WEB_ENV_HIGH_LATENCY_SESS_0095.pcap
NAT_ENH_EXP_WEB_ENV_HIGH_LATENCY_SESS_W0001,DS1_NATIVE_IPSEC_ENHANCED,1,EXP_WEB_ENV_HIGH,GRP_EXP_WEB_ENV_HIGH_LATENCY_SESS,LATENCY_SESS,1,WEB,ENV_HIGH,2.846769,18.9689,4201.9565,0.053713,0.134685,221.52,350.32,42.0,1478.0,77.0,134.0,134.0,272.4000000000002,0.0678,EXP_WEB_ENV_HIGH_LATENCY_SESS_0095.pcap
NAT_ENH_EXP_WEB_ENV_HIGH_LATENCY_SESS_W0002,DS1_NATIVE_IPSEC_ENHANCED,1,EXP_WEB_ENV_HIGH,GRP_EXP_WEB_ENV_HIGH_LATENCY_SESS,LATENCY_SESS,2,WEB,ENV_HIGH,2.951284,30.4952,7515.3725,0.03316,0.103614,246.44,378.47,42.0,1478.0,78.0,134.0,134.0,294.0,0.027,EXP_WEB_ENV_HIGH_LATENCY_SESS_0095.pcap
NAT_ENH_EXP_WEB_ENV_HIGH_LATENCY_SESS_W0003,DS1_NATIVE_IPSEC_ENHANCED,1,EXP_WEB_ENV_HIGH,GRP_EXP_WEB_ENV_HIGH_LATENCY_SESS,LATENCY_SESS,3,WEB,ENV_HIGH,2.773578,46.8709,11843.9063,0.021501,0.066444,252.69,384.21,42.0,1478.0,90.0,134.0,134.0,294.0,0.0131,EXP_WEB_ENV_HIGH_LATENCY_SESS_0095.pcap
NAT_ENH_EXP_WEB_ENV_HIGH_LATENCY_SESS_W0004,DS1_NATIVE_IPSEC_ENHANCED,1,EXP_WEB_ENV_HIGH,GRP_EXP_WEB_ENV_HIGH_LATENCY_SESS,LATENCY_SESS,4,WEB,ENV_HIGH,2.578465,63.9916,16669.6078,0.015722,0.035316,260.5,392.09,42.0,1478.0,118.0,134.0,134.0,294.0,0.0057,EXP_WEB_ENV_HIGH_LATENCY_SESS_0095.pcap
NAT_ENH_EXP_WEB_ENV_HIGH_LATENCY_SESS_W0005,DS1_NATIVE_IPSEC_ENHANCED,1,EXP_WEB_ENV_HIGH,GRP_EXP_WEB_ENV_HIGH_LATENCY_SESS,LATENCY_SESS,5,WEB,ENV_HIGH,2.947916,67.8445,18007.9756,0.014814,0.033014,265.43,397.11,42.0,1478.0,118.0,134.0,214.0,405.6999999999937,0.0029,EXP_WEB_ENV_HIGH_LATENCY_SESS_0095.pcap
NAT_ENH_EXP_WEB_ENV_HIGH_LATENCY_SESS_W0006,DS1_NATIVE_IPSEC_ENHANCED,1,EXP_WEB_ENV_HIGH,GRP_EXP_WEB_ENV_HIGH_LATENCY_SESS,LATENCY_SESS,6,WEB,ENV_HIGH,2.954285,69.0522,19181.2915,0.014553,0.031377,277.78,409.63,66.0,1478.0,134.0,134.0,214.0,1411.0,0.0012,EXP_WEB_ENV_HIGH_LATENCY_SESS_0095.pcap
NAT_ENH_EXP_WEB_ENV_HIGH_LATENCY_SESS_W0007,DS1_NATIVE_IPSEC_ENHANCED,1,EXP_WEB_ENV_HIGH,GRP_EXP_WEB_ENV_HIGH_LATENCY_SESS,LATENCY_SESS,7,WEB,ENV_HIGH,2.933877,77.7129,21260.6051,0.012925,0.025884,273.58,405.62,66.0,1478.0,130.0,134.0,214.0,1411.0,0.0022,EXP_WEB_ENV_HIGH_LATENCY_SESS_0095.pcap
NAT_ENH_EXP_WEB_ENV_HIGH_LATENCY_SESS_W0008,DS1_NATIVE_IPSEC_ENHANCED,1,EXP_WEB_ENV_HIGH,GRP_EXP_WEB_ENV_HIGH_LATENCY_SESS,LATENCY_SESS,8,WEB,ENV_HIGH,2.934738,74.6234,20882.9533,0.013462,0.028079,279.84,412.57,66.0,1478.0,134.0,134.0,214.0,1411.0,0.0023,EXP_WEB_ENV_HIGH_LATENCY_SESS_0095.pcap
NAT_ENH_EXP_WEB_ENV_HIGH_LATENCY_SESS_W0009,DS1_NATIVE_IPSEC_ENHANCED,1,EXP_WEB_ENV_HIGH,GRP_EXP_WEB_ENV_HIGH_LATENCY_SESS,LATENCY_SESS,9,WEB,ENV_HIGH,2.899801,74.143,20996.6131,0.01355,0.027799,283.19,415.63,66.0,1478.0,134.0,134.0,214.0,1411.0,0.0023,EXP_WEB_ENV_HIGH_LATENCY_SESS_0095.pcap
NAT_ENH_EXP_WEB_ENV_HIGH_LATENCY_SESS_W0000,DS1_NATIVE_IPSEC_ENHANCED,1,EXP_WEB_ENV_HIGH,GRP_EXP_WEB_ENV_HIGH_LATENCY_SESS,LATENCY_SESS,0,WEB,ENV_HIGH,2.95958,29.0582,7294.2778,0.034819,0.093016,251.02,386.42,42.0,1478.0,90.0,134.0,134.0,294.0,0.0367,EXP_WEB_ENV_HIGH_LATENCY_SESS_0096.pcap
NAT_ENH_EXP_WEB_ENV_HIGH_LATENCY_SESS_W0001,DS1_NATIVE_IPSEC_ENHANCED,1,EXP_WEB_ENV_HIGH,GRP_EXP_WEB_ENV_HIGH_LATENCY_SESS,LATENCY_SESS,1,WEB,ENV_HIGH,2.973723,39.0083,10467.0141,0.025858,0.068623,268.33,403.69,42.0,1478.0,90.0,134.0,214.0,852.5,0.0221,EXP_WEB_ENV_HIGH_LATENCY_SESS_0096.pcap
NAT_ENH_EXP_WEB_ENV_HIGH_LATENCY_SESS_W0002,DS1_NATIVE_IPSEC_ENHANCED,1,EXP_WEB_ENV_HIGH,GRP_EXP_WEB_ENV_HIGH_LATENCY_SESS,LATENCY_SESS,2,WEB,ENV_HIGH,2.583088,46.0689,12247.3559,0.021891,0.061509,265.85,398.78,42.0,1478.0,118.0,134.0,174.0,517.4000000000032,0.0084,EXP_WEB_ENV_HIGH_LATENCY_SESS_0096.pcap
NAT_ENH_EXP_WEB_ENV_HIGH_LATENCY_SESS_W0003,DS1_NATIVE_IPSEC_ENHANCED,1,EXP_WEB_ENV_HIGH,GRP_EXP_WEB_ENV_HIGH_LATENCY_SESS,LATENCY_SESS,3,WEB,ENV_HIGH,1.731553,67.5694,18166.3504,0.014927,0.031419,268.85,401.5,42.0,1478.0,118.0,134.0,214.0,740.8000000000063,0.0027,EXP_WEB_ENV_HIGH_LATENCY_SESS_0096.pcap
NAT_ENH_EXP_WEB_ENV_HIGH_LATENCY_SESS_W0004,DS1_NATIVE_IPSEC_ENHANCED,1,EXP_WEB_ENV_HIGH,GRP_EXP_WEB_ENV_HIGH_LATENCY_SESS,LATENCY_SESS,4,WEB,ENV_HIGH,2.817262,46.854,12898.6941,0.021506,0.086666,275.3,406.67,66.0,1478.0,118.0,134.0,214.0,1299.3000000000063,0.0019,EXP_WEB_ENV_HIGH_LATENCY_SESS_0096.pcap
NAT_ENH_EXP_WEB_ENV_HIGH_LATENCY_SESS_W0005,DS1_NATIVE_IPSEC_ENHANCED,1,EXP_WEB_ENV_HIGH,GRP_EXP_WEB_ENV_HIGH_LATENCY_SESS,LATENCY_SESS,5,WEB,ENV_HIGH,2.981643,45.9478,12402.8935,0.021924,0.085787,269.93,400.25,66.0,1478.0,118.0,134.0,214.0,740.8000000000063,0.0038,EXP_WEB_ENV_HIGH_LATENCY_SESS_0096.pcap
NAT_ENH_EXP_WEB_ENV_HIGH_LATENCY_SESS_W0006,DS1_NATIVE_IPSEC_ENHANCED,1,EXP_WEB_ENV_HIGH,GRP_EXP_WEB_ENV_HIGH_LATENCY_SESS,LATENCY_SESS,6,WEB,ENV_HIGH,2.969195,46.1405,12454.8904,0.021832,0.085622,269.93,400.25,66.0,1478.0,118.0,134.0,214.0,740.8000000000063,0.0038,EXP_WEB_ENV_HIGH_LATENCY_SESS_0096.pcap
NAT_ENH_EXP_WEB_ENV_HIGH_LATENCY_SESS_W0007,DS1_NATIVE_IPSEC_ENHANCED,1,EXP_WEB_ENV_HIGH,GRP_EXP_WEB_ENV_HIGH_LATENCY_SESS,LATENCY_SESS,7,WEB,ENV_HIGH,2.921576,46.5502,12587.3842,0.021641,0.086171,270.4,401.68,66.0,1478.0,130.0,134.0,214.0,852.5,0.0038,EXP_WEB_ENV_HIGH_LATENCY_SESS_0096.pcap
NAT_ENH_EXP_WEB_ENV_HIGH_LATENCY_SESS_W0000,DS1_NATIVE_IPSEC_ENHANCED,1,EXP_WEB_ENV_HIGH,GRP_EXP_WEB_ENV_HIGH_LATENCY_SESS,LATENCY_SESS,0,WEB,ENV_HIGH,2.785194,20.1063,4358.0448,0.05064,0.136281,216.75,344.89,42.0,1478.0,83.0,134.0,134.0,258.0,0.0836,EXP_WEB_ENV_HIGH_LATENCY_SESS_0097.pcap
NAT_ENH_EXP_WEB_ENV_HIGH_LATENCY_SESS_W0001,DS1_NATIVE_IPSEC_ENHANCED,1,EXP_WEB_ENV_HIGH,GRP_EXP_WEB_ENV_HIGH_LATENCY_SESS,LATENCY_SESS,1,WEB,ENV_HIGH,2.903987,29.2701,7402.9259,0.034571,0.111146,252.92,388.28,42.0,1478.0,90.0,134.0,134.0,294.0,0.0324,EXP_WEB_ENV_HIGH_LATENCY_SESS_0097.pcap
NAT_ENH_EXP_WEB_ENV_HIGH_LATENCY_SESS_W0002,DS1_NATIVE_IPSEC_ENHANCED,1,EXP_WEB_ENV_HIGH,GRP_EXP_WEB_ENV_HIGH_LATENCY_SESS,LATENCY_SESS,2,WEB,ENV_HIGH,2.610375,42.1395,10539.8653,0.023948,0.070151,250.12,381.87,42.0,1478.0,90.0,134.0,134.0,294.0,0.0217,EXP_WEB_ENV_HIGH_LATENCY_SESS_0097.pcap
NAT_ENH_EXP_WEB_ENV_HIGH_LATENCY_SESS_W0003,DS1_NATIVE_IPSEC_ENHANCED,1,EXP_WEB_ENV_HIGH,GRP_EXP_WEB_ENV_HIGH_LATENCY_SESS,LATENCY_SESS,3,WEB,ENV_HIGH,2.332128,60.8886,16043.2872,0.01654,0.040475,263.49,394.67,42.0,1478.0,118.0,134.0,194.0,294.0,0.0047,EXP_WEB_ENV_HIGH_LATENCY_SESS_0097.pcap
NAT_ENH_EXP_WEB_ENV_HIGH_LATENCY_SESS_W0004,DS1_NATIVE_IPSEC_ENHANCED,1,EXP_WEB_ENV_HIGH,GRP_EXP_WEB_ENV_HIGH_LATENCY_SESS,LATENCY_SESS,4,WEB,ENV_HIGH,2.924831,59.8325,16130.5051,0.016809,0.040046,269.59,401.85,42.0,1478.0,118.0,134.0,214.0,964.1999999999937,0.0037,EXP_WEB_ENV_HIGH_LATENCY_SESS_0097.pcap
NAT_ENH_EXP_WEB_ENV_HIGH_LATENCY_SESS_W0005,DS1_NATIVE_IPSEC_ENHANCED,1,EXP_WEB_ENV_HIGH,GRP_EXP_WEB_ENV_HIGH_LATENCY_SESS,LATENCY_SESS,5,WEB,ENV_HIGH,2.813651,61.1305,16680.4634,0.016454,0.040239,272.87,404.53,66.0,1478.0,118.0,134.0,214.0,1299.3000000000063,0.0015,EXP_WEB_ENV_HIGH_LATENCY_SESS_0097.pcap
NAT_ENH_EXP_WEB_ENV_HIGH_LATENCY_SESS_W0006,DS1_NATIVE_IPSEC_ENHANCED,1,EXP_WEB_ENV_HIGH,GRP_EXP_WEB_ENV_HIGH_LATENCY_SESS,LATENCY_SESS,6,WEB,ENV_HIGH,2.920211,64.3789,17693.9264,0.015616,0.035921,274.84,407.52,66.0,1478.0,118.0,134.0,214.0,1411.0,0.0027,EXP_WEB_ENV_HIGH_LATENCY_SESS_0097.pcap
NAT_ENH_EXP_WEB_ENV_HIGH_LATENCY_SESS_W0007,DS1_NATIVE_IPSEC_ENHANCED,1,EXP_WEB_ENV_HIGH,GRP_EXP_WEB_ENV_HIGH_LATENCY_SESS,LATENCY_SESS,7,WEB,ENV_HIGH,2.961835,64.1494,17562.7615,0.015671,0.034839,273.78,405.52,66.0,1478.0,118.0,134.0,214.0,1411.0,0.0027,EXP_WEB_ENV_HIGH_LATENCY_SESS_0097.pcap
NAT_ENH_EXP_WEB_ENV_HIGH_LATENCY_SESS_W0008,DS1_NATIVE_IPSEC_ENHANCED,1,EXP_WEB_ENV_HIGH,GRP_EXP_WEB_ENV_HIGH_LATENCY_SESS,LATENCY_SESS,8,WEB,ENV_HIGH,2.918055,64.4265,17757.7184,0.015605,0.033959,275.63,407.26,66.0,1478.0,118.0,134.0,214.0,1411.0,0.0027,EXP_WEB_ENV_HIGH_LATENCY_SESS_0097.pcap
NAT_ENH_EXP_WEB_ENV_HIGH_LATENCY_SESS_W0009,DS1_NATIVE_IPSEC_ENHANCED,1,EXP_WEB_ENV_HIGH,GRP_EXP_WEB_ENV_HIGH_LATENCY_SESS,LATENCY_SESS,9,WEB,ENV_HIGH,2.867299,63.8231,17891.4033,0.015754,0.032936,280.33,411.74,66.0,1478.0,134.0,134.0,214.0,1411.0,0.0027,EXP_WEB_ENV_HIGH_LATENCY_SESS_0097.pcap
NAT_ENH_EXP_WEB_ENV_HIGH_LATENCY_SESS_W0000,DS1_NATIVE_IPSEC_ENHANCED,1,EXP_WEB_ENV_HIGH,GRP_EXP_WEB_ENV_HIGH_LATENCY_SESS,LATENCY_SESS,0,WEB,ENV_HIGH,2.995025,29.3821,7282.7441,0.034426,0.119442,247.86,382.57,42.0,1478.0,86.0,134.0,134.0,294.0,0.0404,EXP_WEB_ENV_HIGH_LATENCY_SESS_0098.pcap
NAT_ENH_EXP_WEB_ENV_HIGH_LATENCY_SESS_W0001,DS1_NATIVE_IPSEC_ENHANCED,1,EXP_WEB_ENV_HIGH,GRP_EXP_WEB_ENV_HIGH_LATENCY_SESS,LATENCY_SESS,1,WEB,ENV_HIGH,2.039987,52.9415,13388.8118,0.019065,0.045264,252.9,384.81,42.0,1478.0,90.0,134.0,134.0,294.0,0.0218,EXP_WEB_ENV_HIGH_LATENCY_SESS_0098.pcap
NAT_ENH_EXP_WEB_ENV_HIGH_LATENCY_SESS_W0002,DS1_NATIVE_IPSEC_ENHANCED,1,EXP_WEB_ENV_HIGH,GRP_EXP_WEB_ENV_HIGH_LATENCY_SESS,LATENCY_SESS,2,WEB,ENV_HIGH,2.635174,53.8864,14157.3192,0.018689,0.042883,262.73,394.96,42.0,1478.0,90.0,134.0,194.0,294.0,0.0159,EXP_WEB_ENV_HIGH_LATENCY_SESS_0098.pcap
NAT_ENH_EXP_WEB_ENV_HIGH_LATENCY_SESS_W0003,DS1_NATIVE_IPSEC_ENHANCED,1,EXP_WEB_ENV_HIGH,GRP_EXP_WEB_ENV_HIGH_LATENCY_SESS,LATENCY_SESS,3,WEB,ENV_HIGH,2.663925,58.9356,16967.0697,0.017076,0.035163,287.89,420.28,42.0,1478.0,134.0,134.0,214.0,1411.0,0.0039,EXP_WEB_ENV_HIGH_LATENCY_SESS_0098.pcap
NAT_ENH_EXP_WEB_ENV_HIGH_LATENCY_SESS_W0004,DS1_NATIVE_IPSEC_ENHANCED,1,EXP_WEB_ENV_HIGH,GRP_EXP_WEB_ENV_HIGH_LATENCY_SESS,LATENCY_SESS,4,WEB,ENV_HIGH,2.874797,61.5696,17595.6765,0.016334,0.034068,285.79,417.47,66.0,1478.0,134.0,134.0,214.0,1411.0,0.0018,EXP_WEB_ENV_HIGH_LATENCY_SESS_0098.pcap
NAT_ENH_EXP_WEB_ENV_HIGH_LATENCY_SESS_W0005,DS1_NATIVE_IPSEC_ENHANCED,1,EXP_WEB_ENV_HIGH,GRP_EXP_WEB_ENV_HIGH_LATENCY_SESS,LATENCY_SESS,5,WEB,ENV_HIGH,2.850808,58.5799,16337.474,0.017174,0.036889,278.89,409.1,66.0,1478.0,134.0,134.0,214.0,1411.0,0.2283,EXP_WEB_ENV_HIGH_LATENCY_SESS_0098.pcap
NAT_ENH_EXP_WEB_ENV_HIGH_LATENCY_SESS_W0006,DS1_NATIVE_IPSEC_ENHANCED,1,EXP_WEB_ENV_HIGH,GRP_EXP_WEB_ENV_HIGH_LATENCY_SESS,LATENCY_SESS,6,WEB,ENV_HIGH,2.939984,58.8439,16037.8419,0.017093,0.037589,272.55,403.37,66.0,1478.0,118.0,134.0,214.0,1187.6000000000126,0.003,EXP_WEB_ENV_HIGH_LATENCY_SESS_0098.pcap
NAT_ENH_EXP_WEB_ENV_HIGH_LATENCY_SESS_W0007,DS1_NATIVE_IPSEC_ENHANCED,1,EXP_WEB_ENV_HIGH,GRP_EXP_WEB_ENV_HIGH_LATENCY_SESS,LATENCY_SESS,7,WEB,ENV_HIGH,2.829412,59.3763,16429.2087,0.016943,0.038083,276.7,408.52,66.0,1478.0,130.0,134.0,214.0,1411.0,0.003,EXP_WEB_ENV_HIGH_LATENCY_SESS_0098.pcap
NAT_ENH_EXP_WEB_ENV_HIGH_LATENCY_SESS_W0008,DS1_NATIVE_IPSEC_ENHANCED,1,EXP_WEB_ENV_HIGH,GRP_EXP_WEB_ENV_HIGH_LATENCY_SESS,LATENCY_SESS,8,WEB,ENV_HIGH,2.802486,62.0877,16814.0005,0.016199,0.036401,270.81,402.65,66.0,1478.0,118.0,134.0,214.0,1075.9000000000192,0.003,EXP_WEB_ENV_HIGH_LATENCY_SESS_0098.pcap
NAT_ENH_EXP_WEB_ENV_HIGH_LATENCY_SESS_W0009,DS1_NATIVE_IPSEC_ENHANCED,1,EXP_WEB_ENV_HIGH,GRP_EXP_WEB_ENV_HIGH_LATENCY_SESS,LATENCY_SESS,9,WEB,ENV_HIGH,2.956941,59.8592,16043.2696,0.016801,0.038319,268.02,399.81,66.0,1478.0,118.0,134.0,214.0,740.8000000000063,0.003,EXP_WEB_ENV_HIGH_LATENCY_SESS_0098.pcap
NAT_ENH_EXP_WEB_ENV_HIGH_LATENCY_SESS_W0010,DS1_NATIVE_IPSEC_ENHANCED,1,EXP_WEB_ENV_HIGH,GRP_EXP_WEB_ENV_HIGH_LATENCY_SESS,LATENCY_SESS,10,WEB,ENV_HIGH,2.974908,62.1868,16265.0415,0.016168,0.036712,261.55,392.38,66.0,1478.0,118.0,134.0,134.0,294.0,0.0029,EXP_WEB_ENV_HIGH_LATENCY_SESS_0098.pcap
NAT_ENH_EXP_WEB_ENV_HIGH_LATENCY_SESS_W0011,DS1_NATIVE_IPSEC_ENHANCED,1,EXP_WEB_ENV_HIGH,GRP_EXP_WEB_ENV_HIGH_LATENCY_SESS,LATENCY_SESS,11,WEB,ENV_HIGH,2.939641,62.2525,17369.4679,0.016152,0.035355,279.02,412.24,66.0,1478.0,118.0,134.0,214.0,1411.0,0.0027,EXP_WEB_ENV_HIGH_LATENCY_SESS_0098.pcap
NAT_ENH_EXP_WEB_ENV_HIGH_LATENCY_SESS_W0012,DS1_NATIVE_IPSEC_ENHANCED,1,EXP_WEB_ENV_HIGH,GRP_EXP_WEB_ENV_HIGH_LATENCY_SESS,LATENCY_SESS,12,WEB,ENV_HIGH,2.830355,62.8896,16810.9658,0.015991,0.035004,267.31,398.8,66.0,1478.0,118.0,134.0,194.0,629.1000000000126,0.2226,EXP_WEB_ENV_HIGH_LATENCY_SESS_0098.pcap
NAT_ENH_EXP_WEB_ENV_HIGH_LATENCY_SESS_W0013,DS1_NATIVE_IPSEC_ENHANCED,1,EXP_WEB_ENV_HIGH,GRP_EXP_WEB_ENV_HIGH_LATENCY_SESS,LATENCY_SESS,13,WEB,ENV_HIGH,2.986542,64.9581,17571.4925,0.015474,0.032992,270.51,401.98,66.0,1478.0,118.0,134.0,214.0,1075.9000000000192,0.2224,EXP_WEB_ENV_HIGH_LATENCY_SESS_0098.pcap
NAT_ENH_EXP_WEB_ENV_HIGH_LATENCY_SESS_W0000,DS1_NATIVE_IPSEC_ENHANCED,1,EXP_WEB_ENV_HIGH,GRP_EXP_WEB_ENV_HIGH_LATENCY_SESS,LATENCY_SESS,0,WEB,ENV_HIGH,2.961101,13.8462,2483.8736,0.074028,0.215299,179.39,291.04,42.0,1478.0,74.0,134.0,134.0,214.0,0.1307,EXP_WEB_ENV_HIGH_LATENCY_SESS_0099.pcap
NAT_ENH_EXP_WEB_ENV_HIGH_LATENCY_SESS_W0001,DS1_NATIVE_IPSEC_ENHANCED,1,EXP_WEB_ENV_HIGH,GRP_EXP_WEB_ENV_HIGH_LATENCY_SESS,LATENCY_SESS,1,WEB,ENV_HIGH,2.932218,24.2138,5739.3412,0.041889,0.15941,237.03,371.08,42.0,1478.0,74.0,134.0,134.0,294.0,0.0359,EXP_WEB_ENV_HIGH_LATENCY_SESS_0099.pcap
NAT_ENH_EXP_WEB_ENV_HIGH_LATENCY_SESS_W0002,DS1_NATIVE_IPSEC_ENHANCED,1,EXP_WEB_ENV_HIGH,GRP_EXP_WEB_ENV_HIGH_LATENCY_SESS,LATENCY_SESS,2,WEB,ENV_HIGH,2.898867,33.8063,8999.7226,0.029885,0.130725,266.21,401.39,42.0,1478.0,90.0,134.0,194.0,629.0999999999968,0.013,EXP_WEB_ENV_HIGH_LATENCY_SESS_0099.pcap
NAT_ENH_EXP_WEB_ENV_HIGH_LATENCY_SESS_W0003,DS1_NATIVE_IPSEC_ENHANCED,1,EXP_WEB_ENV_HIGH,GRP_EXP_WEB_ENV_HIGH_LATENCY_SESS,LATENCY_SESS,3,WEB,ENV_HIGH,1.869138,66.3407,17213.2823,0.015196,0.029501,259.47,391.96,42.0,1478.0,118.0,134.0,134.0,294.0,0.0026,EXP_WEB_ENV_HIGH_LATENCY_SESS_0099.pcap
NAT_ENH_EXP_WEB_ENV_HIGH_LATENCY_SESS_W0004,DS1_NATIVE_IPSEC_ENHANCED,1,EXP_WEB_ENV_HIGH,GRP_EXP_WEB_ENV_HIGH_LATENCY_SESS,LATENCY_SESS,4,WEB,ENV_HIGH,2.363248,63.472,16177.3112,0.015861,0.031766,254.87,385.78,42.0,1478.0,118.0,134.0,134.0,294.0,0.004,EXP_WEB_ENV_HIGH_LATENCY_SESS_0099.pcap
NAT_ENH_EXP_WEB_ENV_HIGH_LATENCY_SESS_W0005,DS1_NATIVE_IPSEC_ENHANCED,1,EXP_WEB_ENV_HIGH,GRP_EXP_WEB_ENV_HIGH_LATENCY_SESS,LATENCY_SESS,5,WEB,ENV_HIGH,2.893952,60.8165,16282.5789,0.016537,0.033204,267.73,401.29,42.0,1478.0,118.0,134.0,214.0,852.5,0.0048,EXP_WEB_ENV_HIGH_LATENCY_SESS_0099.pcap
NAT_ENH_EXP_WEB_ENV_HIGH_LATENCY_SESS_W0006,DS1_NATIVE_IPSEC_ENHANCED,1,EXP_WEB_ENV_HIGH,GRP_EXP_WEB_ENV_HIGH_LATENCY_SESS,LATENCY_SESS,6,WEB,ENV_HIGH,2.941637,58.8108,15940.4438,0.017103,0.03507,271.05,403.83,66.0,1478.0,118.0,134.0,214.0,1187.6000000000126,0.003,EXP_WEB_ENV_HIGH_LATENCY_SESS_0099.pcap
NAT_ENH_EXP_WEB_ENV_HIGH_LATENCY_SESS_W0007,DS1_NATIVE_IPSEC_ENHANCED,1,EXP_WEB_ENV_HIGH,GRP_EXP_WEB_ENV_HIGH_LATENCY_SESS,LATENCY_SESS,7,WEB,ENV_HIGH,2.877569,57.3401,14982.786,0.017546,0.036271,261.3,391.72,66.0,1478.0,118.0,134.0,134.0,294.0,0.0033,EXP_WEB_ENV_HIGH_LATENCY_SESS_0099.pcap
NAT_ENH_EXP_WEB_ENV_HIGH_LATENCY_SESS_W0008,DS1_NATIVE_IPSEC_ENHANCED,1,EXP_WEB_ENV_HIGH,GRP_EXP_WEB_ENV_HIGH_LATENCY_SESS,LATENCY_SESS,8,WEB,ENV_HIGH,2.966115,54.6169,14398.6326,0.018423,0.03956,263.63,394.87,66.0,1478.0,118.0,134.0,134.0,294.0,0.0033,EXP_WEB_ENV_HIGH_LATENCY_SESS_0099.pcap
NAT_ENH_EXP_WEB_ENV_HIGH_LATENCY_SESS_W0009,DS1_NATIVE_IPSEC_ENHANCED,1,EXP_WEB_ENV_HIGH,GRP_EXP_WEB_ENV_HIGH_LATENCY_SESS,LATENCY_SESS,9,WEB,ENV_HIGH,2.993475,53.1155,14190.1972,0.018946,0.039729,267.16,397.82,66.0,1478.0,118.0,134.0,214.0,517.4000000000191,0.0033,EXP_WEB_ENV_HIGH_LATENCY_SESS_0099.pcap
NAT_ENH_EXP_WEB_ENV_HIGH_LATENCY_SESS_W0010,DS1_NATIVE_IPSEC_ENHANCED,1,EXP_WEB_ENV_HIGH,GRP_EXP_WEB_ENV_HIGH_LATENCY_SESS,LATENCY_SESS,10,WEB,ENV_HIGH,2.88254,54.8128,15694.8373,0.01836,0.037891,286.34,419.26,66.0,1478.0,122.0,134.0,214.0,1411.0,0.0015,EXP_WEB_ENV_HIGH_LATENCY_SESS_0099.pcap
NAT_ENH_EXP_WEB_ENV_HIGH_LATENCY_SESS_W0011,DS1_NATIVE_IPSEC_ENHANCED,1,EXP_WEB_ENV_HIGH,GRP_EXP_WEB_ENV_HIGH_LATENCY_SESS,LATENCY_SESS,11,WEB,ENV_HIGH,2.933604,54.8813,14550.7028,0.018335,0.038468,265.13,395.67,66.0,1478.0,118.0,134.0,134.0,294.0,0.2371,EXP_WEB_ENV_HIGH_LATENCY_SESS_0099.pcap
NAT_ENH_EXP_WEB_ENV_HIGH_LATENCY_SESS_W0012,DS1_NATIVE_IPSEC_ENHANCED,1,EXP_WEB_ENV_HIGH,GRP_EXP_WEB_ENV_HIGH_LATENCY_SESS,LATENCY_SESS,12,WEB,ENV_HIGH,2.879712,54.8666,14734.8063,0.018342,0.037908,268.56,398.7,66.0,1478.0,118.0,134.0,214.0,629.1000000000126,0.2369,EXP_WEB_ENV_HIGH_LATENCY_SESS_0099.pcap
NAT_ENH_EXP_WEB_ENV_HIGH_LATENCY_SESS_W0013,DS1_NATIVE_IPSEC_ENHANCED,1,EXP_WEB_ENV_HIGH,GRP_EXP_WEB_ENV_HIGH_LATENCY_SESS,LATENCY_SESS,13,WEB,ENV_HIGH,2.905495,56.4448,15835.1666,0.017825,0.036028,280.54,412.59,66.0,1478.0,118.0,134.0,214.0,1411.0,0.2201,EXP_WEB_ENV_HIGH_LATENCY_SESS_0099.pcap
NAT_ENH_EXP_WEB_ENV_HIGH_LATENCY_SESS_W0000,DS1_NATIVE_IPSEC_ENHANCED,1,EXP_WEB_ENV_HIGH,GRP_EXP_WEB_ENV_HIGH_LATENCY_SESS,LATENCY_SESS,0,WEB,ENV_HIGH,2.90627,21.3332,4393.9482,0.047644,0.118758,205.97,329.6,42.0,1478.0,74.0,134.0,134.0,222.0,0.0713,EXP_WEB_ENV_HIGH_LATENCY_SESS_0100.pcap
NAT_ENH_EXP_WEB_ENV_HIGH_LATENCY_SESS_W0001,DS1_NATIVE_IPSEC_ENHANCED,1,EXP_WEB_ENV_HIGH,GRP_EXP_WEB_ENV_HIGH_LATENCY_SESS,LATENCY_SESS,1,WEB,ENV_HIGH,2.924576,31.7995,7625.7207,0.031789,0.085494,239.81,373.77,42.0,1478.0,74.0,134.0,134.0,294.0,0.0353,EXP_WEB_ENV_HIGH_LATENCY_SESS_0100.pcap
NAT_ENH_EXP_WEB_ENV_HIGH_LATENCY_SESS_W0002,DS1_NATIVE_IPSEC_ENHANCED,1,EXP_WEB_ENV_HIGH,GRP_EXP_WEB_ENV_HIGH_LATENCY_SESS,LATENCY_SESS,2,WEB,ENV_HIGH,2.51246,41.7917,10691.9115,0.024158,0.057545,255.84,389.8,42.0,1478.0,90.0,134.0,134.0,294.0,0.016,EXP_WEB_ENV_HIGH_LATENCY_SESS_0100.pcap
NAT_ENH_EXP_WEB_ENV_HIGH_LATENCY_SESS_W0003,DS1_NATIVE_IPSEC_ENHANCED,1,EXP_WEB_ENV_HIGH,GRP_EXP_WEB_ENV_HIGH_LATENCY_SESS,LATENCY_SESS,3,WEB,ENV_HIGH,2.931716,44.0015,11141.5977,0.022904,0.05355,253.21,385.6,42.0,1478.0,90.0,134.0,134.0,294.0,0.0103,EXP_WEB_ENV_HIGH_LATENCY_SESS_0100.pcap
NAT_ENH_EXP_WEB_ENV_HIGH_LATENCY_SESS_W0004,DS1_NATIVE_IPSEC_ENHANCED,1,EXP_WEB_ENV_HIGH,GRP_EXP_WEB_ENV_HIGH_LATENCY_SESS,LATENCY_SESS,4,WEB,ENV_HIGH,2.895522,50.0773,13054.9868,0.020108,0.041173,260.7,391.0,66.0,1478.0,118.0,134.0,134.0,294.0,0.0043,EXP_WEB_ENV_HIGH_LATENCY_SESS_0100.pcap
NAT_ENH_EXP_WEB_ENV_HIGH_LATENCY_SESS_W0005,DS1_NATIVE_IPSEC_ENHANCED,1,EXP_WEB_ENV_HIGH,GRP_EXP_WEB_ENV_HIGH_LATENCY_SESS,LATENCY_SESS,5,WEB,ENV_HIGH,2.924415,49.2406,13883.1191,0.02045,0.042589,281.94,414.99,66.0,1478.0,130.0,134.0,214.0,1411.0,0.004,EXP_WEB_ENV_HIGH_LATENCY_SESS_0100.pcap
NAT_ENH_EXP_WEB_ENV_HIGH_LATENCY_SESS_W0006,DS1_NATIVE_IPSEC_ENHANCED,1,EXP_WEB_ENV_HIGH,GRP_EXP_WEB_ENV_HIGH_LATENCY_SESS,LATENCY_SESS,6,WEB,ENV_HIGH,2.938973,48.9967,13807.5446,0.020552,0.043681,281.81,415.06,66.0,1478.0,130.0,134.0,214.0,1411.0,0.0035,EXP_WEB_ENV_HIGH_LATENCY_SESS_0100.pcap
NAT_ENH_EXP_WEB_ENV_HIGH_LATENCY_SESS_W0007,DS1_NATIVE_IPSEC_ENHANCED,1,EXP_WEB_ENV_HIGH,GRP_EXP_WEB_ENV_HIGH_LATENCY_SESS,LATENCY_SESS,7,WEB,ENV_HIGH,2.86258,46.4616,12714.7536,0.021686,0.04549,273.66,405.58,66.0,1478.0,134.0,134.0,214.0,1187.5999999999967,0.0039,EXP_WEB_ENV_HIGH_LATENCY_SESS_0100.pcap
NAT_ENH_EXP_WEB_ENV_HIGH_LATENCY_SESS_W0008,DS1_NATIVE_IPSEC_ENHANCED,1,EXP_WEB_ENV_HIGH,GRP_EXP_WEB_ENV_HIGH_LATENCY_SESS,LATENCY_SESS,8,WEB,ENV_HIGH,2.909273,47.0908,12699.0493,0.021392,0.044831,269.67,400.38,66.0,1478.0,134.0,134.0,214.0,740.8000000000063,0.0038,EXP_WEB_ENV_HIGH_LATENCY_SESS_0100.pcap
NAT_ENH_EXP_WEB_ENV_HIGH_LATENCY_SESS_W0009,DS1_NATIVE_IPSEC_ENHANCED,1,EXP_WEB_ENV_HIGH,GRP_EXP_WEB_ENV_HIGH_LATENCY_SESS,LATENCY_SESS,9,WEB,ENV_HIGH,2.874727,46.2653,12686.0741,0.021778,0.045753,274.2,405.46,66.0,1478.0,134.0,134.0,214.0,1187.5999999999967,0.0039,EXP_WEB_ENV_HIGH_LATENCY_SESS_0100.pcap
NAT_ENH_EXP_WEB_ENV_HIGH_LATENCY_SESS_W0010,DS1_NATIVE_IPSEC_ENHANCED,1,EXP_WEB_ENV_HIGH,GRP_EXP_WEB_ENV_HIGH_LATENCY_SESS,LATENCY_SESS,10,WEB,ENV_HIGH,2.907868,48.1452,13821.8096,0.02092,0.045407,287.09,419.72,66.0,1478.0,134.0,134.0,214.0,1411.0,0.0017,EXP_WEB_ENV_HIGH_LATENCY_SESS_0100.pcap
NAT_ENH_EXP_WEB_ENV_HIGH_LATENCY_SESS_W0011,DS1_NATIVE_IPSEC_ENHANCED,1,EXP_WEB_ENV_HIGH,GRP_EXP_WEB_ENV_HIGH_LATENCY_SESS,LATENCY_SESS,11,WEB,ENV_HIGH,2.765669,47.3665,13096.6499,0.021274,0.044406,276.5,407.98,66.0,1478.0,126.0,134.0,214.0,1411.0,0.0019,EXP_WEB_ENV_HIGH_LATENCY_SESS_0100.pcap
NAT_ENH_EXP_WEB_ENV_HIGH_LATENCY_SESS_W0012,DS1_NATIVE_IPSEC_ENHANCED,1,EXP_WEB_ENV_HIGH,GRP_EXP_WEB_ENV_HIGH_LATENCY_SESS,LATENCY_SESS,12,WEB,ENV_HIGH,2.909508,46.0559,12616.2224,0.021876,0.044695,273.93,403.78,66.0,1478.0,134.0,134.0,214.0,1075.9000000000033,0.236,EXP_WEB_ENV_HIGH_LATENCY_SESS_0100.pcap
NAT_ENH_EXP_WEB_ENV_HIGH_LATENCY_SESS_W0000,DS1_NATIVE_IPSEC_ENHANCED,1,EXP_WEB_ENV_HIGH,GRP_EXP_WEB_ENV_HIGH_LATENCY_SESS,LATENCY_SESS,0,WEB,ENV_HIGH,2.949853,30.849,7540.0363,0.032776,0.079747,244.42,376.83,42.0,1478.0,86.0,134.0,134.0,294.0,0.0395,EXP_WEB_ENV_HIGH_LATENCY_SESS_0101.pcap
NAT_ENH_EXP_WEB_ENV_HIGH_LATENCY_SESS_W0001,DS1_NATIVE_IPSEC_ENHANCED,1,EXP_WEB_ENV_HIGH,GRP_EXP_WEB_ENV_HIGH_LATENCY_SESS,LATENCY_SESS,1,WEB,ENV_HIGH,2.454722,49.2928,12922.0339,0.020456,0.045138,262.15,396.44,42.0,1478.0,90.0,134.0,134.0,294.0,0.0188,EXP_WEB_ENV_HIGH_LATENCY_SESS_0101.pcap
NAT_ENH_EXP_WEB_ENV_HIGH_LATENCY_SESS_W0002,DS1_NATIVE_IPSEC_ENHANCED,1,EXP_WEB_ENV_HIGH,GRP_EXP_WEB_ENV_HIGH_LATENCY_SESS,LATENCY_SESS,2,WEB,ENV_HIGH,2.454722,49.2928,12922.0339,0.020456,0.045138,262.15,396.44,42.0,1478.0,90.0,134.0,134.0,294.0,0.0188,EXP_WEB_ENV_HIGH_LATENCY_SESS_0101.pcap
NAT_ENH_EXP_WEB_ENV_HIGH_LATENCY_SESS_W0003,DS1_NATIVE_IPSEC_ENHANCED,1,EXP_WEB_ENV_HIGH,GRP_EXP_WEB_ENV_HIGH_LATENCY_SESS,LATENCY_SESS,3,WEB,ENV_HIGH,1.895618,61.1938,16517.0412,0.016484,0.035627,269.91,403.08,42.0,1478.0,118.0,134.0,214.0,852.5,0.0056,EXP_WEB_ENV_HIGH_LATENCY_SESS_0101.pcap
NAT_ENH_EXP_WEB_ENV_HIGH_LATENCY_SESS_W0000,DS1_NATIVE_IPSEC_ENHANCED,1,EXP_WEB_ENV_HIGH,GRP_EXP_WEB_ENV_HIGH_LATENCY_SESS,LATENCY_SESS,0,WEB,ENV_HIGH,2.967266,27.9719,7168.2152,0.036186,0.120216,256.27,392.27,42.0,1478.0,88.0,134.0,134.0,294.0,0.0414,EXP_WEB_ENV_HIGH_LATENCY_SESS_0102.pcap
NAT_ENH_EXP_WEB_ENV_HIGH_LATENCY_SESS_W0001,DS1_NATIVE_IPSEC_ENHANCED,1,EXP_WEB_ENV_HIGH,GRP_EXP_WEB_ENV_HIGH_LATENCY_SESS,LATENCY_SESS,1,WEB,ENV_HIGH,2.953574,37.243,9305.6753,0.027097,0.095546,249.86,381.95,42.0,1478.0,87.0,134.0,134.0,294.0,0.0283,EXP_WEB_ENV_HIGH_LATENCY_SESS_0102.pcap
NAT_ENH_EXP_WEB_ENV_HIGH_LATENCY_SESS_W0002,DS1_NATIVE_IPSEC_ENHANCED,1,EXP_WEB_ENV_HIGH,GRP_EXP_WEB_ENV_HIGH_LATENCY_SESS,LATENCY_SESS,2,WEB,ENV_HIGH,2.456052,56.1877,14956.9305,0.017927,0.035654,266.2,400.02,42.0,1478.0,90.0,134.0,194.0,629.0999999999968,0.0162,EXP_WEB_ENV_HIGH_LATENCY_SESS_0102.pcap
NAT_ENH_EXP_WEB_ENV_HIGH_LATENCY_SESS_W0003,DS1_NATIVE_IPSEC_ENHANCED,1,EXP_WEB_ENV_HIGH,GRP_EXP_WEB_ENV_HIGH_LATENCY_SESS,LATENCY_SESS,3,WEB,ENV_HIGH,2.939722,56.4679,14640.8399,0.017816,0.035401,259.28,391.19,42.0,1478.0,90.0,134.0,134.0,294.0,0.0138,EXP_WEB_ENV_HIGH_LATENCY_SESS_0102.pcap
NAT_ENH_EXP_WEB_ENV_HIGH_LATENCY_SESS_W0004,DS1_NATIVE_IPSEC_ENHANCED,1,EXP_WEB_ENV_HIGH,GRP_EXP_WEB_ENV_HIGH_LATENCY_SESS,LATENCY_SESS,4,WEB,ENV_HIGH,2.766049,56.7597,15274.4936,0.017731,0.035373,269.11,399.84,66.0,1478.0,118.0,134.0,214.0,740.8000000000063,0.0021,EXP_WEB_ENV_HIGH_LATENCY_SESS_0102.pcap
NAT_ENH_EXP_WEB_ENV_HIGH_LATENCY_SESS_W0000,DS1_NATIVE_IPSEC_ENHANCED,1,EXP_WEB_ENV_HIGH,GRP_EXP_WEB_ENV_HIGH_LATENCY_SESS,LATENCY_SESS,0,WEB,ENV_HIGH,2.892063,38.3809,9541.6312,0.026291,0.077036,248.6,380.5,42.0,1478.0,82.0,134.0,134.0,294.0,0.0216,EXP_WEB_ENV_HIGH_LATENCY_SESS_0103.pcap
NAT_ENH_EXP_WEB_ENV_HIGH_LATENCY_SESS_W0001,DS1_NATIVE_IPSEC_ENHANCED,1,EXP_WEB_ENV_HIGH,GRP_EXP_WEB_ENV_HIGH_LATENCY_SESS,LATENCY_SESS,1,WEB,ENV_HIGH,2.856101,48.3176,12895.5522,0.020847,0.056397,266.89,399.76,42.0,1478.0,118.0,134.0,194.0,629.0999999999968,0.0072,EXP_WEB_ENV_HIGH_LATENCY_SESS_0103.pcap
NAT_ENH_EXP_WEB_ENV_HIGH_LATENCY_SESS_W0002,DS1_NATIVE_IPSEC_ENHANCED,1,EXP_WEB_ENV_HIGH,GRP_EXP_WEB_ENV_HIGH_LATENCY_SESS,LATENCY_SESS,2,WEB,ENV_HIGH,2.607373,62.8986,16450.2739,0.015996,0.033153,261.54,393.06,42.0,1478.0,118.0,134.0,154.0,294.0,0.0036,EXP_WEB_ENV_HIGH_LATENCY_SESS_0103.pcap
NAT_ENH_EXP_WEB_ENV_HIGH_LATENCY_SESS_W0003,DS1_NATIVE_IPSEC_ENHANCED,1,EXP_WEB_ENV_HIGH,GRP_EXP_WEB_ENV_HIGH_LATENCY_SESS,LATENCY_SESS,3,WEB,ENV_HIGH,2.934853,62.3541,16376.6303,0.016126,0.034449,262.64,394.34,66.0,1478.0,118.0,134.0,134.0,294.0,0.0029,EXP_WEB_ENV_HIGH_LATENCY_SESS_0103.pcap
NAT_ENH_EXP_WEB_ENV_HIGH_LATENCY_SESS_W0004,DS1_NATIVE_IPSEC_ENHANCED,1,EXP_WEB_ENV_HIGH,GRP_EXP_WEB_ENV_HIGH_LATENCY_SESS,LATENCY_SESS,4,WEB,ENV_HIGH,2.827538,64.0133,16918.9591,0.015709,0.033691,264.3,396.17,66.0,1478.0,118.0,134.0,134.0,294.0,0.0029,EXP_WEB_ENV_HIGH_LATENCY_SESS_0103.pcap
NAT_ENH_EXP_WEB_ENV_HIGH_LATENCY_SESS_W0005,DS1_NATIVE_IPSEC_ENHANCED,1,EXP_WEB_ENV_HIGH,GRP_EXP_WEB_ENV_HIGH_LATENCY_SESS,LATENCY_SESS,5,WEB,ENV_HIGH,2.954532,62.2772,16307.4888,0.016145,0.034701,261.85,393.41,66.0,1478.0,118.0,134.0,134.0,294.0,0.0029,EXP_WEB_ENV_HIGH_LATENCY_SESS_0103.pcap
NAT_ENH_EXP_WEB_ENV_HIGH_LATENCY_SESS_W0006,DS1_NATIVE_IPSEC_ENHANCED,1,EXP_WEB_ENV_HIGH,GRP_EXP_WEB_ENV_HIGH_LATENCY_SESS,LATENCY_SESS,6,WEB,ENV_HIGH,2.935233,65.0715,17703.5342,0.015449,0.032645,272.06,404.92,66.0,1478.0,118.0,134.0,214.0,1411.0,0.0027,EXP_WEB_ENV_HIGH_LATENCY_SESS_0103.pcap
NAT_ENH_EXP_WEB_ENV_HIGH_LATENCY_SESS_W0007,DS1_NATIVE_IPSEC_ENHANCED,1,EXP_WEB_ENV_HIGH,GRP_EXP_WEB_ENV_HIGH_LATENCY_SESS,LATENCY_SESS,7,WEB,ENV_HIGH,2.998972,62.6881,17250.5782,0.016037,0.033117,275.18,407.45,66.0,1478.0,118.0,134.0,214.0,1411.0,0.0027,EXP_WEB_ENV_HIGH_LATENCY_SESS_0103.pcap
NAT_ENH_EXP_WEB_ENV_HIGH_LATENCY_SESS_W0008,DS1_NATIVE_IPSEC_ENHANCED,1,EXP_WEB_ENV_HIGH,GRP_EXP_WEB_ENV_HIGH_LATENCY_SESS,LATENCY_SESS,8,WEB,ENV_HIGH,2.928373,65.5654,17848.1355,0.015332,0.031851,272.22,403.69,66.0,1478.0,118.0,134.0,214.0,1299.3000000000063,0.0013,EXP_WEB_ENV_HIGH_LATENCY_SESS_0103.pcap
NAT_ENH_EXP_WEB_ENV_HIGH_LATENCY_SESS_W0009,DS1_NATIVE_IPSEC_ENHANCED,1,EXP_WEB_ENV_HIGH,GRP_EXP_WEB_ENV_HIGH_LATENCY_SESS,LATENCY_SESS,9,WEB,ENV_HIGH,2.972919,63.2375,17442.1167,0.015898,0.032956,275.82,407.18,66.0,1478.0,118.0,134.0,214.0,1411.0,0.2252,EXP_WEB_ENV_HIGH_LATENCY_SESS_0103.pcap
NAT_ENH_EXP_WEB_ENV_HIGH_LATENCY_SESS_W0010,DS1_NATIVE_IPSEC_ENHANCED,1,EXP_WEB_ENV_HIGH,GRP_EXP_WEB_ENV_HIGH_LATENCY_SESS,LATENCY_SESS,10,WEB,ENV_HIGH,2.925082,65.9811,17912.659,0.015235,0.031423,271.48,402.78,66.0,1478.0,118.0,134.0,214.0,1187.6000000000126,0.2262,EXP_WEB_ENV_HIGH_LATENCY_SESS_0103.pcap
NAT_ENH_EXP_WEB_ENV_HIGH_LATENCY_SESS_W0011,DS1_NATIVE_IPSEC_ENHANCED,1,EXP_WEB_ENV_HIGH,GRP_EXP_WEB_ENV_HIGH_LATENCY_SESS,LATENCY_SESS,11,WEB,ENV_HIGH,2.978709,64.7932,17582.1137,0.015514,0.032325,271.36,402.83,66.0,1478.0,118.0,134.0,214.0,1187.6000000000126,0.2259,EXP_WEB_ENV_HIGH_LATENCY_SESS_0103.pcap
NAT_ENH_EXP_WEB_ENV_HIGH_LATENCY_SESS_W0012,DS1_NATIVE_IPSEC_ENHANCED,1,EXP_WEB_ENV_HIGH,GRP_EXP_WEB_ENV_HIGH_LATENCY_SESS,LATENCY_SESS,12,WEB,ENV_HIGH,2.901521,62.3811,16567.5163,0.01612,0.033796,265.59,395.73,66.0,1478.0,118.0,134.0,214.0,294.0,0.235,EXP_WEB_ENV_HIGH_LATENCY_SESS_0103.pcap
NAT_ENH_EXP_WEB_ENV_HIGH_LATENCY_SESS_W0000,DS1_NATIVE_IPSEC_ENHANCED,1,EXP_WEB_ENV_HIGH,GRP_EXP_WEB_ENV_HIGH_LATENCY_SESS,LATENCY_SESS,0,WEB,ENV_HIGH,2.834847,27.5147,6232.0824,0.036816,0.080059,226.5,355.88,42.0,1478.0,77.0,134.0,134.0,294.0,0.0505,EXP_WEB_ENV_HIGH_LATENCY_SESS_0104.pcap
NAT_ENH_EXP_WEB_ENV_HIGH_LATENCY_SESS_W0001,DS1_NATIVE_IPSEC_ENHANCED,1,EXP_WEB_ENV_HIGH,GRP_EXP_WEB_ENV_HIGH_LATENCY_SESS,LATENCY_SESS,1,WEB,ENV_HIGH,2.663999,41.2913,10272.1516,0.02444,0.056253,248.77,382.26,42.0,1478.0,78.0,134.0,134.0,294.0,0.0218,EXP_WEB_ENV_HIGH_LATENCY_SESS_0104.pcap
NAT_ENH_EXP_WEB_ENV_HIGH_LATENCY_SESS_W0002,DS1_NATIVE_IPSEC_ENHANCED,1,EXP_WEB_ENV_HIGH,GRP_EXP_WEB_ENV_HIGH_LATENCY_SESS,LATENCY_SESS,2,WEB,ENV_HIGH,2.949589,39.3275,10563.5056,0.025649,0.059021,268.6,403.61,42.0,1478.0,90.0,134.0,214.0,852.5,0.0138,EXP_WEB_ENV_HIGH_LATENCY_SESS_0104.pcap
NAT_ENH_EXP_WEB_ENV_HIGH_LATENCY_SESS_W0003,DS1_NATIVE_IPSEC_ENHANCED,1,EXP_WEB_ENV_HIGH,GRP_EXP_WEB_ENV_HIGH_LATENCY_SESS,LATENCY_SESS,3,WEB,ENV_HIGH,2.834414,50.4513,13189.6752,0.019961,0.043282,261.43,393.79,42.0,1478.0,118.0,134.0,134.0,294.0,0.0047,EXP_WEB_ENV_HIGH_LATENCY_SESS_0104.pcap
NAT_ENH_EXP_WEB_ENV_HIGH_LATENCY_SESS_W0000,DS1_NATIVE_IPSEC_ENHANCED,1,EXP_WEB_ENV_HIGH,GRP_EXP_WEB_ENV_HIGH_LATENCY_SESS,LATENCY_SESS,0,WEB,ENV_HIGH,2.996497,28.7002,7203.0771,0.035253,0.101665,250.98,386.41,42.0,1478.0,87.0,134.0,134.0,294.0,0.0453,EXP_WEB_ENV_HIGH_LATENCY_SESS_0105.pcap
NAT_ENH_EXP_WEB_ENV_HIGH_LATENCY_SESS_W0001,DS1_NATIVE_IPSEC_ENHANCED,1,EXP_WEB_ENV_HIGH,GRP_EXP_WEB_ENV_HIGH_LATENCY_SESS,LATENCY_SESS,1,WEB,ENV_HIGH,2.145695,49.4012,12619.2214,0.020435,0.043612,255.44,387.98,42.0,1478.0,90.0,134.0,134.0,294.0,0.022,EXP_WEB_ENV_HIGH_LATENCY_SESS_0105.pcap
NAT_ENH_EXP_WEB_ENV_HIGH_LATENCY_SESS_W0002,DS1_NATIVE_IPSEC_ENHANCED,1,EXP_WEB_ENV_HIGH,GRP_EXP_WEB_ENV_HIGH_LATENCY_SESS,LATENCY_SESS,2,WEB,ENV_HIGH,2.702703,48.47,13312.9685,0.02079,0.044058,274.66,408.79,42.0,1478.0,90.0,134.0,214.0,1411.0,0.0165,EXP_WEB_ENV_HIGH_LATENCY_SESS_0105.pcap
NAT_ENH_EXP_WEB_ENV_HIGH_LATENCY_SESS_W0003,DS1_NATIVE_IPSEC_ENHANCED,1,EXP_WEB_ENV_HIGH,GRP_EXP_WEB_ENV_HIGH_LATENCY_SESS,LATENCY_SESS,3,WEB,ENV_HIGH,2.766169,55.3112,15098.8602,0.018198,0.038109,272.98,404.43,42.0,1478.0,134.0,134.0,214.0,1187.6000000000126,0.0064,EXP_WEB_ENV_HIGH_LATENCY_SESS_0105.pcap
NAT_ENH_EXP_WEB_ENV_HIGH_LATENCY_SESS_W0004,DS1_NATIVE_IPSEC_ENHANCED,1,EXP_WEB_ENV_HIGH,GRP_EXP_WEB_ENV_HIGH_LATENCY_SESS,LATENCY_SESS,4,WEB,ENV_HIGH,2.960277,54.049,15435.3794,0.018618,0.039213,285.58,416.55,66.0,1478.0,134.0,134.0,214.0,1411.0,0.002,EXP_WEB_ENV_HIGH_LATENCY_SESS_0105.pcap
NAT_ENH_EXP_WEB_ENV_HIGH_LATENCY_SESS_W0005,DS1_NATIVE_IPSEC_ENHANCED,1,EXP_WEB_ENV_HIGH,GRP_EXP_WEB_ENV_HIGH_LATENCY_SESS,LATENCY_SESS,5,WEB,ENV_HIGH,2.919686,56.1704,15784.2312,0.017912,0.036948,281.01,412.49,66.0,1478.0,134.0,134.0,214.0,1411.0,0.003,EXP_WEB_ENV_HIGH_LATENCY_SESS_0105.pcap
NAT_ENH_EXP_WEB_ENV_HIGH_LATENCY_SESS_W0006,DS1_NATIVE_IPSEC_ENHANCED,1,EXP_WEB_ENV_HIGH,GRP_EXP_WEB_ENV_HIGH_LATENCY_SESS,LATENCY_SESS,6,WEB,ENV_HIGH,2.961676,56.0493,15619.8714,0.01795,0.03824,278.68,410.55,66.0,1478.0,122.0,134.0,214.0,1411.0,0.003,EXP_WEB_ENV_HIGH_LATENCY_SESS_0105.pcap
NAT_ENH_EXP_WEB_ENV_HIGH_LATENCY_SESS_W0007,DS1_NATIVE_IPSEC_ENHANCED,1,EXP_WEB_ENV_HIGH,GRP_EXP_WEB_ENV_HIGH_LATENCY_SESS,LATENCY_SESS,7,WEB,ENV_HIGH,2.957085,57.8272,16843.6152,0.017395,0.036657,291.27,423.67,66.0,1478.0,134.0,134.0,214.0,1411.0,0.0028,EXP_WEB_ENV_HIGH_LATENCY_SESS_0105.pcap
NAT_ENH_EXP_WEB_ENV_HIGH_LATENCY_SESS_W0008,DS1_NATIVE_IPSEC_ENHANCED,1,EXP_WEB_ENV_HIGH,GRP_EXP_WEB_ENV_HIGH_LATENCY_SESS,LATENCY_SESS,8,WEB,ENV_HIGH,2.985965,57.6028,15721.8855,0.017462,0.037118,272.94,404.49,66.0,1478.0,118.0,134.0,214.0,1299.3000000000063,0.003,EXP_WEB_ENV_HIGH_LATENCY_SESS_0105.pcap
NAT_ENH_EXP_WEB_ENV_HIGH_LATENCY_SESS_W0009,DS1_NATIVE_IPSEC_ENHANCED,1,EXP_WEB_ENV_HIGH,GRP_EXP_WEB_ENV_HIGH_LATENCY_SESS,LATENCY_SESS,9,WEB,ENV_HIGH,2.856971,58.1035,16200.7243,0.017315,0.036844,278.83,410.49,66.0,1478.0,134.0,134.0,214.0,1411.0,0.003,EXP_WEB_ENV_HIGH_LATENCY_SESS_0105.pcap
NAT_ENH_EXP_WEB_ENV_HIGH_LATENCY_SESS_W0010,DS1_NATIVE_IPSEC_ENHANCED,1,EXP_WEB_ENV_HIGH,GRP_EXP_WEB_ENV_HIGH_LATENCY_SESS,LATENCY_SESS,10,WEB,ENV_HIGH,2.906646,56.0784,15814.4472,0.017942,0.03832,282.01,413.56,66.0,1478.0,134.0,134.0,214.0,1411.0,0.0031,EXP_WEB_ENV_HIGH_LATENCY_SESS_0105.pcap
NAT_ENH_EXP_WEB_ENV_HIGH_LATENCY_SESS_W0011,DS1_NATIVE_IPSEC_ENHANCED,1,EXP_WEB_ENV_HIGH,GRP_EXP_WEB_ENV_HIGH_LATENCY_SESS,LATENCY_SESS,11,WEB,ENV_HIGH,2.901675,57.2083,15971.8095,0.017586,0.038224,279.19,410.34,66.0,1478.0,134.0,134.0,214.0,1411.0,0.2223,EXP_WEB_ENV_HIGH_LATENCY_SESS_0105.pcap
NAT_ENH_EXP_WEB_ENV_LOSSY_SESS_0106_W0000,DS1_NATIVE_IPSEC_ENHANCED,1,EXP_WEB_ENV_LOSSY,GRP_EXP_WEB_ENV_LOSSY_SESS_0106,SESS_0106,0,WEB,ENV_LOSSY,2.985299,34.1674,8862.4285,0.029557,0.088563,259.38,394.88,42.0,1478.0,90.0,134.0,134.0,294.0,0.0367,EXP_WEB_ENV_LOSSY_SESS_0106.pcap
NAT_ENH_EXP_WEB_ENV_LOSSY_SESS_0106_W0001,DS1_NATIVE_IPSEC_ENHANCED,1,EXP_WEB_ENV_LOSSY,GRP_EXP_WEB_ENV_LOSSY_SESS_0106,SESS_0106,1,WEB,ENV_LOSSY,2.944358,44.8315,12231.8681,0.022476,0.065354,272.84,407.7,42.0,1478.0,90.0,134.0,214.0,1299.3000000000063,0.0242,EXP_WEB_ENV_LOSSY_SESS_0106.pcap
NAT_ENH_EXP_WEB_ENV_LOSSY_SESS_0106_W0002,DS1_NATIVE_IPSEC_ENHANCED,1,EXP_WEB_ENV_LOSSY,GRP_EXP_WEB_ENV_LOSSY_SESS_0106,SESS_0106,2,WEB,ENV_LOSSY,2.84507,56.9406,14969.0523,0.017671,0.054609,262.89,395.28,42.0,1478.0,90.0,134.0,194.0,294.0,0.0139,EXP_WEB_ENV_LOSSY_SESS_0106.pcap
NAT_ENH_EXP_WEB_ENV_LOSSY_SESS_0106_W0003,DS1_NATIVE_IPSEC_ENHANCED,1,EXP_WEB_ENV_LOSSY,GRP_EXP_WEB_ENV_LOSSY_SESS_0106,SESS_0106,3,WEB,ENV_LOSSY,2.825968,69.3568,18620.8775,0.014492,0.034983,268.48,400.51,42.0,1478.0,118.0,134.0,214.0,852.5,0.0081,EXP_WEB_ENV_LOSSY_SESS_0106.pcap
NAT_ENH_EXP_WEB_ENV_LOSSY_SESS_0106_W0004,DS1_NATIVE_IPSEC_ENHANCED,1,EXP_WEB_ENV_LOSSY,GRP_EXP_WEB_ENV_LOSSY_SESS_0106,SESS_0106,4,WEB,ENV_LOSSY,2.967298,71.7825,20496.0875,0.013997,0.034218,285.53,416.97,66.0,1478.0,134.0,134.0,214.0,1411.0,0.2126,EXP_WEB_ENV_LOSSY_SESS_0106.pcap
NAT_ENH_EXP_WEB_ENV_LOSSY_SESS_0106_W0005,DS1_NATIVE_IPSEC_ENHANCED,1,EXP_WEB_ENV_LOSSY,GRP_EXP_WEB_ENV_LOSSY_SESS_0106,SESS_0106,5,WEB,ENV_LOSSY,2.829284,76.3444,20541.9466,0.013159,0.032899,269.07,399.8,66.0,1478.0,118.0,134.0,214.0,852.5,0.0012,EXP_WEB_ENV_LOSSY_SESS_0106.pcap
NAT_ENH_EXP_WEB_ENV_LOSSY_SESS_0106_W0006,DS1_NATIVE_IPSEC_ENHANCED,1,EXP_WEB_ENV_LOSSY,GRP_EXP_WEB_ENV_LOSSY_SESS_0106,SESS_0106,6,WEB,ENV_LOSSY,2.882465,77.7113,20436.3287,0.012926,0.032255,262.98,393.92,66.0,1478.0,118.0,134.0,154.0,294.0,0.0024,EXP_WEB_ENV_LOSSY_SESS_0106.pcap
NAT_ENH_EXP_WEB_ENV_LOSSY_SESS_0106_W0007,DS1_NATIVE_IPSEC_ENHANCED,1,EXP_WEB_ENV_LOSSY,GRP_EXP_WEB_ENV_LOSSY_SESS_0106,SESS_0106,7,WEB,ENV_LOSSY,2.871643,81.1382,20856.7007,0.012378,0.030811,257.05,387.42,66.0,1478.0,118.0,134.0,134.0,294.0,0.0023,EXP_WEB_ENV_LOSSY_SESS_0106.pcap
NAT_ENH_EXP_WEB_ENV_LOSSY_SESS_0107_W0000,DS1_NATIVE_IPSEC_ENHANCED,1,EXP_WEB_ENV_LOSSY,GRP_EXP_WEB_ENV_LOSSY_SESS_0107,SESS_0107,0,WEB,ENV_LOSSY,2.960744,25.6692,5910.3385,0.039477,0.117505,230.25,359.74,42.0,1478.0,86.0,134.0,134.0,294.0,0.0457,EXP_WEB_ENV_LOSSY_SESS_0107.pcap
NAT_ENH_EXP_WEB_ENV_LOSSY_SESS_0107_W0001,DS1_NATIVE_IPSEC_ENHANCED,1,EXP_WEB_ENV_LOSSY,GRP_EXP_WEB_ENV_LOSSY_SESS_0107,SESS_0107,1,WEB,ENV_LOSSY,2.702868,37.3677,9775.9122,0.027029,0.089009,261.61,396.27,42.0,1478.0,90.0,134.0,134.0,294.0,0.0226,EXP_WEB_ENV_LOSSY_SESS_0107.pcap
NAT_ENH_EXP_WEB_ENV_LOSSY_SESS_0107_W0002,DS1_NATIVE_IPSEC_ENHANCED,1,EXP_WEB_ENV_LOSSY,GRP_EXP_WEB_ENV_LOSSY_SESS_0107,SESS_0107,2,WEB,ENV_LOSSY,2.766493,41.9303,11317.5776,0.024056,0.082757,269.91,403.08,42.0,1478.0,118.0,134.0,214.0,852.5,0.0056,EXP_WEB_ENV_LOSSY_SESS_0107.pcap
NAT_ENH_EXP_WEB_ENV_LOSSY_SESS_0107_W0003,DS1_NATIVE_IPSEC_ENHANCED,1,EXP_WEB_ENV_LOSSY,GRP_EXP_WEB_ENV_LOSSY_SESS_0107,SESS_0107,3,WEB,ENV_LOSSY,2.543966,55.8184,14704.2056,0.018042,0.045316,263.43,394.71,42.0,1478.0,118.0,134.0,194.0,294.0,0.0023,EXP_WEB_ENV_LOSSY_SESS_0107.pcap
NAT_ENH_EXP_WEB_ENV_LOSSY_SESS_0107_W0004,DS1_NATIVE_IPSEC_ENHANCED,1,EXP_WEB_ENV_LOSSY,GRP_EXP_WEB_ENV_LOSSY_SESS_0107,SESS_0107,4,WEB,ENV_LOSSY,2.933014,54.5514,15521.5765,0.018447,0.045314,284.53,416.93,66.0,1478.0,134.0,134.0,214.0,1411.0,0.0015,EXP_WEB_ENV_LOSSY_SESS_0107.pcap
NAT_ENH_EXP_WEB_ENV_LOSSY_SESS_0107_W0005,DS1_NATIVE_IPSEC_ENHANCED,1,EXP_WEB_ENV_LOSSY,GRP_EXP_WEB_ENV_LOSSY_SESS_0107,SESS_0107,5,WEB,ENV_LOSSY,2.903968,55.097,14655.8084,0.018264,0.044611,266.0,396.86,66.0,1478.0,118.0,134.0,214.0,405.6999999999937,0.0033,EXP_WEB_ENV_LOSSY_SESS_0107.pcap
NAT_ENH_EXP_WEB_ENV_LOSSY_SESS_0107_W0006,DS1_NATIVE_IPSEC_ENHANCED,1,EXP_WEB_ENV_LOSSY,GRP_EXP_WEB_ENV_LOSSY_SESS_0107,SESS_0107,6,WEB,ENV_LOSSY,2.875759,57.0284,15953.0051,0.017643,0.043754,279.74,412.97,66.0,1478.0,130.0,134.0,214.0,1411.0,0.0031,EXP_WEB_ENV_LOSSY_SESS_0107.pcap
NAT_ENH_EXP_WEB_ENV_LOSSY_SESS_0107_W0007,DS1_NATIVE_IPSEC_ENHANCED,1,EXP_WEB_ENV_LOSSY,GRP_EXP_WEB_ENV_LOSSY_SESS_0107,SESS_0107,7,WEB,ENV_LOSSY,2.723111,57.6546,15462.4624,0.017456,0.042573,268.19,400.24,66.0,1478.0,118.0,134.0,214.0,740.8000000000063,0.0033,EXP_WEB_ENV_LOSSY_SESS_0107.pcap
NAT_ENH_EXP_WEB_ENV_LOSSY_SESS_0107_W0008,DS1_NATIVE_IPSEC_ENHANCED,1,EXP_WEB_ENV_LOSSY,GRP_EXP_WEB_ENV_LOSSY_SESS_0107,SESS_0107,8,WEB,ENV_LOSSY,2.89839,56.9282,14875.1545,0.017673,0.04256,261.3,391.72,66.0,1478.0,118.0,134.0,134.0,294.0,0.0033,EXP_WEB_ENV_LOSSY_SESS_0107.pcap
NAT_ENH_EXP_WEB_ENV_LOSSY_SESS_0107_W0009,DS1_NATIVE_IPSEC_ENHANCED,1,EXP_WEB_ENV_LOSSY,GRP_EXP_WEB_ENV_LOSSY_SESS_0107,SESS_0107,9,WEB,ENV_LOSSY,2.929433,56.6663,15753.5612,0.017754,0.042688,278.01,410.74,66.0,1478.0,118.0,134.0,214.0,1411.0,0.003,EXP_WEB_ENV_LOSSY_SESS_0107.pcap
NAT_ENH_EXP_WEB_ENV_LOSSY_SESS_0107_W0010,DS1_NATIVE_IPSEC_ENHANCED,1,EXP_WEB_ENV_LOSSY,GRP_EXP_WEB_ENV_LOSSY_SESS_0107,SESS_0107,10,WEB,ENV_LOSSY,2.934998,53.1517,14342.7694,0.018935,0.045625,269.85,401.03,66.0,1478.0,118.0,134.0,214.0,852.5,0.0017,EXP_WEB_ENV_LOSSY_SESS_0107.pcap
NAT_ENH_EXP_WEB_ENV_LOSSY_SESS_0107_W0011,DS1_NATIVE_IPSEC_ENHANCED,1,EXP_WEB_ENV_LOSSY,GRP_EXP_WEB_ENV_LOSSY_SESS_0107,SESS_0107,11,WEB,ENV_LOSSY,2.767304,53.843,14948.1218,0.018698,0.046012,277.62,408.65,66.0,1478.0,134.0,134.0,214.0,1411.0,0.2273,EXP_WEB_ENV_LOSSY_SESS_0107.pcap
NAT_ENH_EXP_WEB_ENV_LOSSY_SESS_0107_W0012,DS1_NATIVE_IPSEC_ENHANCED,1,EXP_WEB_ENV_LOSSY,GRP_EXP_WEB_ENV_LOSSY_SESS_0107,SESS_0107,12,WEB,ENV_LOSSY,2.903368,50.2864,14138.0631,0.020023,0.048273,281.15,412.06,66.0,1478.0,134.0,134.0,214.0,1411.0,0.2252,EXP_WEB_ENV_LOSSY_SESS_0107.pcap
NAT_ENH_EXP_WEB_ENV_LOSSY_SESS_0107_W0013,DS1_NATIVE_IPSEC_ENHANCED,1,EXP_WEB_ENV_LOSSY,GRP_EXP_WEB_ENV_LOSSY_SESS_0107,SESS_0107,13,WEB,ENV_LOSSY,2.947846,50.8846,14101.144,0.019784,0.048541,277.12,407.37,66.0,1478.0,134.0,134.0,214.0,1411.0,0.2258,EXP_WEB_ENV_LOSSY_SESS_0107.pcap
NAT_ENH_EXP_WEB_ENV_LOSSY_SESS_0108_W0000,DS1_NATIVE_IPSEC_ENHANCED,1,EXP_WEB_ENV_LOSSY,GRP_EXP_WEB_ENV_LOSSY_SESS_0108,SESS_0108,0,WEB,ENV_LOSSY,2.946155,34.6214,8962.5289,0.02917,0.091944,258.87,395.1,42.0,1478.0,87.0,134.0,134.0,294.0,0.0368,EXP_WEB_ENV_LOSSY_SESS_0108.pcap
NAT_ENH_EXP_WEB_ENV_LOSSY_SESS_0108_W0001,DS1_NATIVE_IPSEC_ENHANCED,1,EXP_WEB_ENV_LOSSY,GRP_EXP_WEB_ENV_LOSSY_SESS_0108,SESS_0108,1,WEB,ENV_LOSSY,2.355217,56.895,15390.0895,0.017708,0.041366,270.5,405.16,42.0,1478.0,90.0,134.0,214.0,1075.9000000000033,0.0164,EXP_WEB_ENV_LOSSY_SESS_0108.pcap
NAT_ENH_EXP_WEB_ENV_LOSSY_SESS_0108_W0002,DS1_NATIVE_IPSEC_ENHANCED,1,EXP_WEB_ENV_LOSSY,GRP_EXP_WEB_ENV_LOSSY_SESS_0108,SESS_0108,2,WEB,ENV_LOSSY,2.85803,59.8314,16290.5927,0.016812,0.039624,272.27,406.18,42.0,1478.0,90.0,134.0,214.0,1411.0,0.0127,EXP_WEB_ENV_LOSSY_SESS_0108.pcap
NAT_ENH_EXP_WEB_ENV_LOSSY_SESS_0108_W0003,DS1_NATIVE_IPSEC_ENHANCED,1,EXP_WEB_ENV_LOSSY,GRP_EXP_WEB_ENV_LOSSY_SESS_0108,SESS_0108,3,WEB,ENV_LOSSY,2.937906,67.7353,19071.0661,0.014838,0.036147,281.55,413.96,66.0,1478.0,134.0,134.0,214.0,1411.0,0.0016,EXP_WEB_ENV_LOSSY_SESS_0108.pcap
NAT_ENH_EXP_WEB_ENV_LOSSY_SESS_0108_W0004,DS1_NATIVE_IPSEC_ENHANCED,1,EXP_WEB_ENV_LOSSY,GRP_EXP_WEB_ENV_LOSSY_SESS_0108,SESS_0108,4,WEB,ENV_LOSSY,2.89146,77.1237,21416.8625,0.013025,0.032327,277.7,409.17,66.0,1478.0,134.0,134.0,214.0,1411.0,0.0015,EXP_WEB_ENV_LOSSY_SESS_0108.pcap
NAT_ENH_EXP_WEB_ENV_LOSSY_SESS_0108_W0005,DS1_NATIVE_IPSEC_ENHANCED,1,EXP_WEB_ENV_LOSSY,GRP_EXP_WEB_ENV_LOSSY_SESS_0108,SESS_0108,5,WEB,ENV_LOSSY,2.803072,89.9014,25399.9899,0.011168,0.02634,282.53,414.78,66.0,1478.0,134.0,134.0,214.0,1411.0,0.002,EXP_WEB_ENV_LOSSY_SESS_0108.pcap
NAT_ENH_EXP_WEB_ENV_LOSSY_SESS_0108_W0006,DS1_NATIVE_IPSEC_ENHANCED,1,EXP_WEB_ENV_LOSSY,GRP_EXP_WEB_ENV_LOSSY_SESS_0108,SESS_0108,6,WEB,ENV_LOSSY,2.944754,88.6322,24548.0597,0.011326,0.027338,276.97,408.71,66.0,1478.0,134.0,134.0,214.0,1411.0,0.0019,EXP_WEB_ENV_LOSSY_SESS_0108.pcap
NAT_ENH_EXP_WEB_ENV_LOSSY_SESS_0108_W0007,DS1_NATIVE_IPSEC_ENHANCED,1,EXP_WEB_ENV_LOSSY,GRP_EXP_WEB_ENV_LOSSY_SESS_0108,SESS_0108,7,WEB,ENV_LOSSY,2.781309,89.8857,24478.0435,0.01117,0.026593,272.32,403.34,66.0,1478.0,134.0,134.0,214.0,1411.0,0.0021,EXP_WEB_ENV_LOSSY_SESS_0108.pcap
NAT_ENH_EXP_WEB_ENV_LOSSY_SESS_0109_W0000,DS1_NATIVE_IPSEC_ENHANCED,1,EXP_WEB_ENV_LOSSY,GRP_EXP_WEB_ENV_LOSSY_SESS_0109,SESS_0109,0,WEB,ENV_LOSSY,2.98436,28.4818,7202.2143,0.035528,0.091458,252.87,388.28,42.0,1478.0,86.0,134.0,134.0,294.0,0.041,EXP_WEB_ENV_LOSSY_SESS_0109.pcap
NAT_ENH_EXP_WEB_ENV_LOSSY_SESS_0109_W0001,DS1_NATIVE_IPSEC_ENHANCED,1,EXP_WEB_ENV_LOSSY,GRP_EXP_WEB_ENV_LOSSY_SESS_0109,SESS_0109,1,WEB,ENV_LOSSY,2.818248,39.741,10918.1306,0.02539,0.071836,274.73,409.37,42.0,1478.0,90.0,134.0,214.0,1299.3000000000063,0.0223,EXP_WEB_ENV_LOSSY_SESS_0109.pcap
NAT_ENH_EXP_WEB_ENV_LOSSY_SESS_0109_W0002,DS1_NATIVE_IPSEC_ENHANCED,1,EXP_WEB_ENV_LOSSY,GRP_EXP_WEB_ENV_LOSSY_SESS_0109,SESS_0109,2,WEB,ENV_LOSSY,2.925233,50.9361,14042.6426,0.019765,0.057589,275.69,409.51,42.0,1478.0,90.0,134.0,214.0,1411.0,0.0144,EXP_WEB_ENV_LOSSY_SESS_0109.pcap
NAT_ENH_EXP_WEB_ENV_LOSSY_SESS_0109_W0003,DS1_NATIVE_IPSEC_ENHANCED,1,EXP_WEB_ENV_LOSSY,GRP_EXP_WEB_ENV_LOSSY_SESS_0109,SESS_0109,3,WEB,ENV_LOSSY,2.819921,68.4416,18563.6405,0.014687,0.036515,271.23,402.99,42.0,1478.0,118.0,134.0,214.0,1187.6000000000126,0.0064,EXP_WEB_ENV_LOSSY_SESS_0109.pcap
NAT_ENH_EXP_WEB_ENV_LOSSY_SESS_0109_W0004,DS1_NATIVE_IPSEC_ENHANCED,1,EXP_WEB_ENV_LOSSY,GRP_EXP_WEB_ENV_LOSSY_SESS_0109,SESS_0109,4,WEB,ENV_LOSSY,2.812044,73.6119,21378.7558,0.013651,0.032519,290.43,421.87,66.0,1478.0,134.0,134.0,214.0,1411.0,0.0015,EXP_WEB_ENV_LOSSY_SESS_0109.pcap
NAT_ENH_EXP_WEB_ENV_LOSSY_SESS_0109_W0005,DS1_NATIVE_IPSEC_ENHANCED,1,EXP_WEB_ENV_LOSSY,GRP_EXP_WEB_ENV_LOSSY_SESS_0109,SESS_0109,5,WEB,ENV_LOSSY,2.866441,72.9127,20018.2037,0.013781,0.032912,274.55,405.28,66.0,1478.0,134.0,134.0,214.0,1411.0,0.0012,EXP_WEB_ENV_LOSSY_SESS_0109.pcap
NAT_ENH_EXP_WEB_ENV_LOSSY_SESS_0109_W0006,DS1_NATIVE_IPSEC_ENHANCED,1,EXP_WEB_ENV_LOSSY,GRP_EXP_WEB_ENV_LOSSY_SESS_0109,SESS_0109,6,WEB,ENV_LOSSY,2.940911,71.0664,19503.14,0.014139,0.033744,274.44,405.32,66.0,1478.0,134.0,134.0,214.0,1411.0,0.0012,EXP_WEB_ENV_LOSSY_SESS_0109.pcap
NAT_ENH_EXP_WEB_ENV_LOSSY_SESS_0109_W0007,DS1_NATIVE_IPSEC_ENHANCED,1,EXP_WEB_ENV_LOSSY,GRP_EXP_WEB_ENV_LOSSY_SESS_0109,SESS_0109,7,WEB,ENV_LOSSY,2.938487,71.8057,19535.5649,0.013993,0.033853,272.06,403.99,66.0,1478.0,118.0,134.0,214.0,1411.0,0.0024,EXP_WEB_ENV_LOSSY_SESS_0109.pcap
NAT_ENH_EXP_WEB_ENV_LOSSY_SESS_0109_W0008,DS1_NATIVE_IPSEC_ENHANCED,1,EXP_WEB_ENV_LOSSY,GRP_EXP_WEB_ENV_LOSSY_SESS_0109,SESS_0109,8,WEB,ENV_LOSSY,2.941023,70.3837,19374.5502,0.014277,0.03481,275.27,407.18,66.0,1478.0,118.0,134.0,214.0,1411.0,0.0025,EXP_WEB_ENV_LOSSY_SESS_0109.pcap
NAT_ENH_EXP_WEB_ENV_LOSSY_SESS_0109_W0009,DS1_NATIVE_IPSEC_ENHANCED,1,EXP_WEB_ENV_LOSSY,GRP_EXP_WEB_ENV_LOSSY_SESS_0109,SESS_0109,9,WEB,ENV_LOSSY,2.82449,69.7471,19746.2192,0.014411,0.035222,283.11,415.75,66.0,1478.0,134.0,134.0,214.0,1411.0,0.0025,EXP_WEB_ENV_LOSSY_SESS_0109.pcap
NAT_ENH_EXP_WEB_ENV_LOSSY_SESS_0110_W0000,DS1_NATIVE_IPSEC_ENHANCED,1,EXP_WEB_ENV_LOSSY,GRP_EXP_WEB_ENV_LOSSY_SESS_0110,SESS_0110,0,WEB,ENV_LOSSY,2.921056,42.4504,11007.6629,0.023748,0.065794,259.31,392.12,42.0,1478.0,90.0,134.0,154.0,294.0,0.0243,EXP_WEB_ENV_LOSSY_SESS_0110.pcap
NAT_ENH_EXP_WEB_ENV_LOSSY_SESS_0110_W0001,DS1_NATIVE_IPSEC_ENHANCED,1,EXP_WEB_ENV_LOSSY,GRP_EXP_WEB_ENV_LOSSY_SESS_0110,SESS_0110,1,WEB,ENV_LOSSY,2.88015,54.511,14626.3211,0.018463,0.054098,268.32,400.31,42.0,1478.0,118.0,134.0,214.0,740.8000000000063,0.0102,EXP_WEB_ENV_LOSSY_SESS_0110.pcap
NAT_ENH_EXP_WEB_ENV_LOSSY_SESS_0110_W0002,DS1_NATIVE_IPSEC_ENHANCED,1,EXP_WEB_ENV_LOSSY,GRP_EXP_WEB_ENV_LOSSY_SESS_0110,SESS_0110,2,WEB,ENV_LOSSY,2.660435,72.5445,19691.5169,0.013856,0.035029,271.44,402.91,42.0,1478.0,134.0,134.0,214.0,1187.6000000000126,0.0033,EXP_WEB_ENV_LOSSY_SESS_0110.pcap
NAT_ENH_EXP_WEB_ENV_LOSSY_SESS_0111_W0000,DS1_NATIVE_IPSEC_ENHANCED,1,EXP_WEB_ENV_LOSSY,GRP_EXP_WEB_ENV_LOSSY_SESS_0111,SESS_0111,0,WEB,ENV_LOSSY,2.995439,34.3856,7840.5868,0.029367,0.082705,228.02,357.2,42.0,1478.0,80.0,134.0,134.0,294.0,0.0415,EXP_WEB_ENV_LOSSY_SESS_0111.pcap
NAT_ENH_EXP_WEB_ENV_LOSSY_SESS_0111_W0001,DS1_NATIVE_IPSEC_ENHANCED,1,EXP_WEB_ENV_LOSSY,GRP_EXP_WEB_ENV_LOSSY_SESS_0111,SESS_0111,1,WEB,ENV_LOSSY,2.419706,53.3123,13454.5265,0.018904,0.048755,252.37,385.9,42.0,1478.0,90.0,134.0,134.0,294.0,0.0183,EXP_WEB_ENV_LOSSY_SESS_0111.pcap
NAT_ENH_EXP_WEB_ENV_LOSSY_SESS_0111_W0002,DS1_NATIVE_IPSEC_ENHANCED,1,EXP_WEB_ENV_LOSSY,GRP_EXP_WEB_ENV_LOSSY_SESS_0111,SESS_0111,2,WEB,ENV_LOSSY,2.912022,53.571,13304.5006,0.018787,0.048069,248.35,379.71,42.0,1478.0,86.0,134.0,134.0,294.0,0.0153,EXP_WEB_ENV_LOSSY_SESS_0111.pcap
NAT_ENH_EXP_WEB_ENV_LOSSY_SESS_0111_W0003,DS1_NATIVE_IPSEC_ENHANCED,1,EXP_WEB_ENV_LOSSY,GRP_EXP_WEB_ENV_LOSSY_SESS_0111,SESS_0111,3,WEB,ENV_LOSSY,2.859032,62.6086,16615.0632,0.016062,0.040359,265.38,398.34,42.0,1478.0,118.0,134.0,174.0,517.4000000000191,0.0037,EXP_WEB_ENV_LOSSY_SESS_0111.pcap
NAT_ENH_EXP_WEB_ENV_LOSSY_SESS_0111_W0004,DS1_NATIVE_IPSEC_ENHANCED,1,EXP_WEB_ENV_LOSSY,GRP_EXP_WEB_ENV_LOSSY_SESS_0111,SESS_0111,4,WEB,ENV_LOSSY,2.986196,61.282,16129.8854,0.016408,0.040994,263.21,394.19,66.0,1478.0,118.0,134.0,174.0,294.0,0.0019,EXP_WEB_ENV_LOSSY_SESS_0111.pcap
NAT_ENH_EXP_WEB_ENV_LOSSY_SESS_0111_W0005,DS1_NATIVE_IPSEC_ENHANCED,1,EXP_WEB_ENV_LOSSY,GRP_EXP_WEB_ENV_LOSSY_SESS_0111,SESS_0111,5,WEB,ENV_LOSSY,2.99353,60.4637,15995.4968,0.016631,0.041508,264.55,396.09,66.0,1478.0,118.0,134.0,134.0,294.0,0.0015,EXP_WEB_ENV_LOSSY_SESS_0111.pcap
NAT_ENH_EXP_WEB_ENV_LOSSY_SESS_0111_W0006,DS1_NATIVE_IPSEC_ENHANCED,1,EXP_WEB_ENV_LOSSY,GRP_EXP_WEB_ENV_LOSSY_SESS_0111,SESS_0111,6,WEB,ENV_LOSSY,2.833826,61.4011,16596.996,0.01638,0.040767,270.3,402.89,66.0,1478.0,118.0,134.0,214.0,1075.9000000000192,0.003,EXP_WEB_ENV_LOSSY_SESS_0111.pcap
NAT_ENH_EXP_WEB_ENV_LOSSY_SESS_0111_W0007,DS1_NATIVE_IPSEC_ENHANCED,1,EXP_WEB_ENV_LOSSY,GRP_EXP_WEB_ENV_LOSSY_SESS_0111,SESS_0111,7,WEB,ENV_LOSSY,2.861143,61.1644,16479.7768,0.016443,0.040829,269.43,401.9,66.0,1478.0,118.0,134.0,214.0,964.1999999999937,0.003,EXP_WEB_ENV_LOSSY_SESS_0111.pcap
NAT_ENH_EXP_WEB_ENV_LOSSY_SESS_0111_W0008,DS1_NATIVE_IPSEC_ENHANCED,1,EXP_WEB_ENV_LOSSY,GRP_EXP_WEB_ENV_LOSSY_SESS_0111,SESS_0111,8,WEB,ENV_LOSSY,2.836141,62.0562,16666.6601,0.016207,0.039972,268.57,400.92,66.0,1478.0,118.0,134.0,214.0,852.5,0.003,EXP_WEB_ENV_LOSSY_SESS_0111.pcap
NAT_ENH_EXP_WEB_ENV_LOSSY_SESS_0112_W0000,DS1_NATIVE_IPSEC_ENHANCED,1,EXP_WEB_ENV_LOSSY,GRP_EXP_WEB_ENV_LOSSY_SESS_0112,SESS_0112,0,WEB,ENV_LOSSY,2.926947,28.6988,7305.9058,0.035264,0.09321,254.57,390.26,42.0,1478.0,89.0,134.0,134.0,294.0,0.0369,EXP_WEB_ENV_LOSSY_SESS_0112.pcap
NAT_ENH_EXP_WEB_ENV_LOSSY_SESS_0112_W0001,DS1_NATIVE_IPSEC_ENHANCED,1,EXP_WEB_ENV_LOSSY,GRP_EXP_WEB_ENV_LOSSY_SESS_0112,SESS_0112,1,WEB,ENV_LOSSY,2.554267,39.1502,10298.4529,0.025801,0.071095,263.05,397.99,42.0,1478.0,90.0,134.0,154.0,405.70000000000954,0.0227,EXP_WEB_ENV_LOSSY_SESS_0112.pcap
NAT_ENH_EXP_WEB_ENV_LOSSY_SESS_0112_W0002,DS1_NATIVE_IPSEC_ENHANCED,1,EXP_WEB_ENV_LOSSY,GRP_EXP_WEB_ENV_LOSSY_SESS_0112,SESS_0112,2,WEB,ENV_LOSSY,2.252953,43.0546,11564.8215,0.023468,0.06945,268.61,402.82,42.0,1478.0,90.0,134.0,214.0,740.8000000000063,0.013,EXP_WEB_ENV_LOSSY_SESS_0112.pcap
NAT_ENH_EXP_WEB_ENV_LOSSY_SESS_0112_W0003,DS1_NATIVE_IPSEC_ENHANCED,1,EXP_WEB_ENV_LOSSY,GRP_EXP_WEB_ENV_LOSSY_SESS_0112,SESS_0112,3,WEB,ENV_LOSSY,2.918422,35.6357,9246.4353,0.028334,0.122798,259.47,390.67,42.0,1478.0,111.0,134.0,154.0,294.0,0.0065,EXP_WEB_ENV_LOSSY_SESS_0112.pcap
NAT_ENH_EXP_WEB_ENV_LOSSY_SESS_0112_W0004,DS1_NATIVE_IPSEC_ENHANCED,1,EXP_WEB_ENV_LOSSY,GRP_EXP_WEB_ENV_LOSSY_SESS_0112,SESS_0112,4,WEB,ENV_LOSSY,2.936548,34.7347,10181.3422,0.029075,0.124474,293.12,424.43,66.0,1478.0,134.0,134.0,214.0,1411.0,0.2018,EXP_WEB_ENV_LOSSY_SESS_0112.pcap
NAT_ENH_EXP_WEB_ENV_LOSSY_SESS_0112_W0005,DS1_NATIVE_IPSEC_ENHANCED,1,EXP_WEB_ENV_LOSSY,GRP_EXP_WEB_ENV_LOSSY_SESS_0112,SESS_0112,5,WEB,ENV_LOSSY,2.873952,35.8391,10392.6574,0.028176,0.123287,289.98,423.22,66.0,1478.0,134.0,134.0,214.0,1411.0,0.0047,EXP_WEB_ENV_LOSSY_SESS_0112.pcap
NAT_ENH_EXP_WEB_ENV_LOSSY_SESS_0112_W0006,DS1_NATIVE_IPSEC_ENHANCED,1,EXP_WEB_ENV_LOSSY,GRP_EXP_WEB_ENV_LOSSY_SESS_0112,SESS_0112,6,WEB,ENV_LOSSY,2.806624,37.4115,9673.9003,0.026987,0.121456,258.58,388.82,66.0,1478.0,118.0,134.0,134.0,294.0,0.0052,EXP_WEB_ENV_LOSSY_SESS_0112.pcap
NAT_ENH_EXP_WEB_ENV_LOSSY_SESS_0112_W0007,DS1_NATIVE_IPSEC_ENHANCED,1,EXP_WEB_ENV_LOSSY,GRP_EXP_WEB_ENV_LOSSY_SESS_0112,SESS_0112,7,WEB,ENV_LOSSY,1.975614,57.7036,15763.2001,0.017483,0.043167,273.18,405.78,66.0,1478.0,118.0,134.0,214.0,1075.9000000000033,0.0045,EXP_WEB_ENV_LOSSY_SESS_0112.pcap
NAT_ENH_EXP_WEB_ENV_LOSSY_SESS_0112_W0008,DS1_NATIVE_IPSEC_ENHANCED,1,EXP_WEB_ENV_LOSSY,GRP_EXP_WEB_ENV_LOSSY_SESS_0112,SESS_0112,8,WEB,ENV_LOSSY,2.441402,57.3441,15256.398,0.017564,0.042908,266.05,396.84,66.0,1478.0,118.0,134.0,214.0,405.70000000000954,0.0038,EXP_WEB_ENV_LOSSY_SESS_0112.pcap
NAT_ENH_EXP_WEB_ENV_LOSSY_SESS_0112_W0009,DS1_NATIVE_IPSEC_ENHANCED,1,EXP_WEB_ENV_LOSSY,GRP_EXP_WEB_ENV_LOSSY_SESS_0112,SESS_0112,9,WEB,ENV_LOSSY,2.831755,57.2083,16137.3415,0.017589,0.04288,282.08,414.93,66.0,1478.0,118.0,134.0,214.0,1411.0,0.0031,EXP_WEB_ENV_LOSSY_SESS_0112.pcap
NAT_ENH_EXP_WEB_ENV_LOSSY_SESS_0112_W0010,DS1_NATIVE_IPSEC_ENHANCED,1,EXP_WEB_ENV_LOSSY,GRP_EXP_WEB_ENV_LOSSY_SESS_0112,SESS_0112,10,WEB,ENV_LOSSY,2.966416,55.6227,14556.9597,0.018088,0.043522,261.71,391.55,66.0,1478.0,118.0,134.0,134.0,294.0,0.0033,EXP_WEB_ENV_LOSSY_SESS_0112.pcap
NAT_ENH_EXP_WEB_ENV_LOSSY_SESS_0112_W0011,DS1_NATIVE_IPSEC_ENHANCED,1,EXP_WEB_ENV_LOSSY,GRP_EXP_WEB_ENV_LOSSY_SESS_0112,SESS_0112,11,WEB,ENV_LOSSY,2.960829,54.3767,15443.9853,0.018505,0.04515,284.02,415.7,66.0,1478.0,134.0,134.0,214.0,1411.0,0.2124,EXP_WEB_ENV_LOSSY_SESS_0112.pcap
NAT_ENH_EXP_WEB_ENV_LOSSY_SESS_0113_W0000,DS1_NATIVE_IPSEC_ENHANCED,1,EXP_WEB_ENV_LOSSY,GRP_EXP_WEB_ENV_LOSSY_SESS_0113,SESS_0113,0,WEB,ENV_LOSSY,2.986758,35.49,8986.6672,0.028445,0.0853,253.22,388.66,42.0,1478.0,87.0,134.0,134.0,294.0,0.0361,EXP_WEB_ENV_LOSSY_SESS_0113.pcap
NAT_ENH_EXP_WEB_ENV_LOSSY_SESS_0113_W0001,DS1_NATIVE_IPSEC_ENHANCED,1,EXP_WEB_ENV_LOSSY,GRP_EXP_WEB_ENV_LOSSY_SESS_0113,SESS_0113,1,WEB,ENV_LOSSY,2.271627,56.3473,14348.3066,0.017887,0.042317,254.64,386.85,42.0,1478.0,90.0,134.0,134.0,294.0,0.0182,EXP_WEB_ENV_LOSSY_SESS_0113.pcap
NAT_ENH_EXP_WEB_ENV_LOSSY_SESS_0113_W0002,DS1_NATIVE_IPSEC_ENHANCED,1,EXP_WEB_ENV_LOSSY,GRP_EXP_WEB_ENV_LOSSY_SESS_0113,SESS_0113,2,WEB,ENV_LOSSY,2.784361,57.1047,15132.3775,0.017623,0.041996,264.99,398.62,42.0,1478.0,90.0,134.0,174.0,517.4000000000191,0.0141,EXP_WEB_ENV_LOSSY_SESS_0113.pcap
NAT_ENH_EXP_WEB_ENV_LOSSY_SESS_0113_W0003,DS1_NATIVE_IPSEC_ENHANCED,1,EXP_WEB_ENV_LOSSY,GRP_EXP_WEB_ENV_LOSSY_SESS_0113,SESS_0113,3,WEB,ENV_LOSSY,2.83757,58.8532,16312.197,0.017094,0.04081,277.17,409.77,42.0,1478.0,118.0,134.0,214.0,1411.0,0.0038,EXP_WEB_ENV_LOSSY_SESS_0113.pcap
NAT_ENH_EXP_WEB_ENV_LOSSY_SESS_0113_W0004,DS1_NATIVE_IPSEC_ENHANCED,1,EXP_WEB_ENV_LOSSY,GRP_EXP_WEB_ENV_LOSSY_SESS_0113,SESS_0113,4,WEB,ENV_LOSSY,2.845737,58.6843,16321.6068,0.017143,0.040728,278.13,409.33,66.0,1478.0,126.0,134.0,214.0,1411.0,0.225,EXP_WEB_ENV_LOSSY_SESS_0113.pcap
NAT_ENH_EXP_WEB_ENV_LOSSY_SESS_0113_W0005,DS1_NATIVE_IPSEC_ENHANCED,1,EXP_WEB_ENV_LOSSY,GRP_EXP_WEB_ENV_LOSSY_SESS_0113,SESS_0113,5,WEB,ENV_LOSSY,2.870499,59.5715,16315.9777,0.016885,0.040155,273.89,405.47,66.0,1478.0,118.0,134.0,214.0,1411.0,0.0015,EXP_WEB_ENV_LOSSY_SESS_0113.pcap
NAT_ENH_EXP_WEB_ENV_LOSSY_SESS_0113_W0006,DS1_NATIVE_IPSEC_ENHANCED,1,EXP_WEB_ENV_LOSSY,GRP_EXP_WEB_ENV_LOSSY_SESS_0113,SESS_0113,6,WEB,ENV_LOSSY,2.880097,60.4146,16360.9064,0.016648,0.039907,270.81,402.65,66.0,1478.0,118.0,134.0,214.0,1075.9000000000192,0.003,EXP_WEB_ENV_LOSSY_SESS_0113.pcap
NAT_ENH_EXP_WEB_ENV_LOSSY_SESS_0113_W0007,DS1_NATIVE_IPSEC_ENHANCED,1,EXP_WEB_ENV_LOSSY,GRP_EXP_WEB_ENV_LOSSY_SESS_0113,SESS_0113,7,WEB,ENV_LOSSY,2.827257,61.5438,16666.6848,0.016343,0.039041,270.81,402.65,66.0,1478.0,118.0,134.0,214.0,1075.9000000000192,0.003,EXP_WEB_ENV_LOSSY_SESS_0113.pcap
NAT_ENH_EXP_WEB_ENV_LOSSY_SESS_0113_W0008,DS1_NATIVE_IPSEC_ENHANCED,1,EXP_WEB_ENV_LOSSY,GRP_EXP_WEB_ENV_LOSSY_SESS_0113,SESS_0113,8,WEB,ENV_LOSSY,2.963265,60.7438,16162.2403,0.016555,0.039442,266.07,396.81,66.0,1478.0,118.0,134.0,214.0,405.6999999999937,0.0029,EXP_WEB_ENV_LOSSY_SESS_0113.pcap
NAT_ENH_EXP_WEB_ENV_LOSSY_SESS_0113_W0009,DS1_NATIVE_IPSEC_ENHANCED,1,EXP_WEB_ENV_LOSSY,GRP_EXP_WEB_ENV_LOSSY_SESS_0113,SESS_0113,9,WEB,ENV_LOSSY,2.936193,68.1154,18074.425,0.014755,0.035748,265.35,397.02,66.0,1478.0,118.0,134.0,154.0,405.6999999999937,0.0026,EXP_WEB_ENV_LOSSY_SESS_0113.pcap
NAT_ENH_EXP_WEB_ENV_LOSSY_SESS_0113_W0010,DS1_NATIVE_IPSEC_ENHANCED,1,EXP_WEB_ENV_LOSSY,GRP_EXP_WEB_ENV_LOSSY_SESS_0113,SESS_0113,10,WEB,ENV_LOSSY,2.867669,69.3943,18459.5929,0.014483,0.035454,266.01,397.91,66.0,1478.0,118.0,134.0,174.0,517.4000000000191,0.0027,EXP_WEB_ENV_LOSSY_SESS_0113.pcap
NAT_ENH_EXP_WEB_ENV_LOSSY_SESS_0113_W0011,DS1_NATIVE_IPSEC_ENHANCED,1,EXP_WEB_ENV_LOSSY,GRP_EXP_WEB_ENV_LOSSY_SESS_0113,SESS_0113,11,WEB,ENV_LOSSY,2.835244,68.0717,18463.3128,0.014767,0.035979,271.23,402.89,66.0,1478.0,118.0,134.0,214.0,1187.6000000000126,0.0013,EXP_WEB_ENV_LOSSY_SESS_0113.pcap
NAT_ENH_EXP_WEB_ENV_LOSSY_SESS_0114_W0000,DS1_NATIVE_IPSEC_ENHANCED,1,EXP_WEB_ENV_LOSSY,GRP_EXP_WEB_ENV_LOSSY_SESS_0114,SESS_0114,0,WEB,ENV_LOSSY,2.981249,32.8721,8738.9551,0.030735,0.079543,265.85,401.5,42.0,1478.0,90.0,134.0,194.0,629.0999999999968,0.0337,EXP_WEB_ENV_LOSSY_SESS_0114.pcap
NAT_ENH_EXP_WEB_ENV_LOSSY_SESS_0114_W0001,DS1_NATIVE_IPSEC_ENHANCED,1,EXP_WEB_ENV_LOSSY,GRP_EXP_WEB_ENV_LOSSY_SESS_0114,SESS_0114,1,WEB,ENV_LOSSY,2.75035,46.1759,12906.3574,0.021828,0.061312,279.5,414.22,42.0,1478.0,90.0,134.0,214.0,1411.0,0.0167,EXP_WEB_ENV_LOSSY_SESS_0114.pcap
NAT_ENH_EXP_WEB_ENV_LOSSY_SESS_0114_W0002,DS1_NATIVE_IPSEC_ENHANCED,1,EXP_WEB_ENV_LOSSY,GRP_EXP_WEB_ENV_LOSSY_SESS_0114,SESS_0114,2,WEB,ENV_LOSSY,2.768111,57.4399,15303.5771,0.01752,0.04897,266.43,398.14,42.0,1478.0,118.0,134.0,214.0,517.4000000000191,0.0101,EXP_WEB_ENV_LOSSY_SESS_0114.pcap
NAT_ENH_EXP_WEB_ENV_LOSSY_SESS_0114_W0003,DS1_NATIVE_IPSEC_ENHANCED,1,EXP_WEB_ENV_LOSSY,GRP_EXP_WEB_ENV_LOSSY_SESS_0114,SESS_0114,3,WEB,ENV_LOSSY,2.821175,62.3854,16807.5367,0.016121,0.038003,269.41,400.66,42.0,1478.0,118.0,134.0,214.0,852.5,0.0056,EXP_WEB_ENV_LOSSY_SESS_0114.pcap
NAT_ENH_EXP_WEB_ENV_LOSSY_SESS_0114_W0004,DS1_NATIVE_IPSEC_ENHANCED,1,EXP_WEB_ENV_LOSSY,GRP_EXP_WEB_ENV_LOSSY_SESS_0114,SESS_0114,4,WEB,ENV_LOSSY,2.847619,69.1806,18600.8026,0.014529,0.036202,268.87,399.14,66.0,1478.0,118.0,134.0,214.0,740.8000000000063,0.2336,EXP_WEB_ENV_LOSSY_SESS_0114.pcap
NAT_ENH_EXP_WEB_ENV_LOSSY_SESS_0114_W0005,DS1_NATIVE_IPSEC_ENHANCED,1,EXP_WEB_ENV_LOSSY,GRP_EXP_WEB_ENV_LOSSY_SESS_0114,SESS_0114,5,WEB,ENV_LOSSY,2.94463,67.9202,18075.6147,0.014797,0.035976,266.13,396.77,66.0,1478.0,118.0,134.0,214.0,405.6999999999937,0.0026,EXP_WEB_ENV_LOSSY_SESS_0114.pcap
NAT_ENH_EXP_WEB_ENV_LOSSY_SESS_0114_W0006,DS1_NATIVE_IPSEC_ENHANCED,1,EXP_WEB_ENV_LOSSY,GRP_EXP_WEB_ENV_LOSSY_SESS_0114,SESS_0114,6,WEB,ENV_LOSSY,2.885147,70.3604,18558.4992,0.014283,0.035299,263.76,394.31,66.0,1478.0,118.0,134.0,174.0,294.0,0.0026,EXP_WEB_ENV_LOSSY_SESS_0114.pcap
NAT_ENH_EXP_WEB_ENV_LOSSY_SESS_0114_W0007,DS1_NATIVE_IPSEC_ENHANCED,1,EXP_WEB_ENV_LOSSY,GRP_EXP_WEB_ENV_LOSSY_SESS_0114,SESS_0114,7,WEB,ENV_LOSSY,2.978612,69.1597,18111.1205,0.01453,0.035633,261.87,391.74,66.0,1478.0,118.0,134.0,134.0,294.0,0.0026,EXP_WEB_ENV_LOSSY_SESS_0114.pcap
NAT_ENH_EXP_WEB_ENV_LOSSY_SESS_0115_W0000,DS1_NATIVE_IPSEC_ENHANCED,1,EXP_WEB_ENV_LOSSY,GRP_EXP_WEB_ENV_LOSSY_SESS_0115,SESS_0115,0,WEB,ENV_LOSSY,2.959301,36.1572,9115.3283,0.027918,0.103035,252.1,387.0,42.0,1478.0,88.0,134.0,134.0,294.0,0.0359,EXP_WEB_ENV_LOSSY_SESS_0115.pcap
NAT_ENH_EXP_WEB_ENV_LOSSY_SESS_0115_W0001,DS1_NATIVE_IPSEC_ENHANCED,1,EXP_WEB_ENV_LOSSY,GRP_EXP_WEB_ENV_LOSSY_SESS_0115,SESS_0115,1,WEB,ENV_LOSSY,2.91802,46.6069,12480.7232,0.021615,0.086251,267.79,402.77,42.0,1478.0,90.0,134.0,214.0,852.5,0.0187,EXP_WEB_ENV_LOSSY_SESS_0115.pcap
NAT_ENH_EXP_WEB_ENV_LOSSY_SESS_0115_W0002,DS1_NATIVE_IPSEC_ENHANCED,1,EXP_WEB_ENV_LOSSY,GRP_EXP_WEB_ENV_LOSSY_SESS_0115,SESS_0115,2,WEB,ENV_LOSSY,2.402841,69.9172,17995.364,0.014388,0.03356,257.38,389.25,42.0,1478.0,90.0,134.0,134.0,294.0,0.0137,EXP_WEB_ENV_LOSSY_SESS_0115.pcap
NAT_ENH_EXP_WEB_ENV_LOSSY_SESS_0115_W0003,DS1_NATIVE_IPSEC_ENHANCED,1,EXP_WEB_ENV_LOSSY,GRP_EXP_WEB_ENV_LOSSY_SESS_0115,SESS_0115,3,WEB,ENV_LOSSY,2.986198,67.9794,17860.8373,0.014783,0.034437,262.74,394.75,42.0,1478.0,104.0,134.0,174.0,294.0,0.0111,EXP_WEB_ENV_LOSSY_SESS_0115.pcap
NAT_ENH_EXP_WEB_ENV_LOSSY_SESS_0115_W0004,DS1_NATIVE_IPSEC_ENHANCED,1,EXP_WEB_ENV_LOSSY,GRP_EXP_WEB_ENV_LOSSY_SESS_0115,SESS_0115,4,WEB,ENV_LOSSY,2.977368,73.219,19611.6175,0.013721,0.033013,267.85,398.16,66.0,1478.0,118.0,134.0,214.0,629.1000000000126,0.0015,EXP_WEB_ENV_LOSSY_SESS_0115.pcap
NAT_ENH_EXP_WEB_ENV_LOSSY_SESS_0115_W0005,DS1_NATIVE_IPSEC_ENHANCED,1,EXP_WEB_ENV_LOSSY,GRP_EXP_WEB_ENV_LOSSY_SESS_0115,SESS_0115,5,WEB,ENV_LOSSY,2.927488,70.7091,19498.286,0.014211,0.033664,275.75,406.97,66.0,1478.0,118.0,134.0,214.0,1411.0,0.0012,EXP_WEB_ENV_LOSSY_SESS_0115.pcap
NAT_ENH_EXP_WEB_ENV_LOSSY_SESS_0115_W0006,DS1_NATIVE_IPSEC_ENHANCED,1,EXP_WEB_ENV_LOSSY,GRP_EXP_WEB_ENV_LOSSY_SESS_0115,SESS_0115,6,WEB,ENV_LOSSY,2.927981,73.771,19812.6292,0.013619,0.032487,268.57,399.94,66.0,1478.0,118.0,134.0,214.0,852.5,0.0024,EXP_WEB_ENV_LOSSY_SESS_0115.pcap
NAT_ENH_EXP_WEB_ENV_LOSSY_SESS_0115_W0007,DS1_NATIVE_IPSEC_ENHANCED,1,EXP_WEB_ENV_LOSSY,GRP_EXP_WEB_ENV_LOSSY_SESS_0115,SESS_0115,7,WEB,ENV_LOSSY,2.943125,74.0709,19799.0231,0.013563,0.032519,267.3,398.32,66.0,1478.0,118.0,134.0,194.0,629.1000000000126,0.0024,EXP_WEB_ENV_LOSSY_SESS_0115.pcap
NAT_ENH_EXP_WEB_ENV_LOSSY_SESS_0115_W0008,DS1_NATIVE_IPSEC_ENHANCED,1,EXP_WEB_ENV_LOSSY,GRP_EXP_WEB_ENV_LOSSY_SESS_0115,SESS_0115,8,WEB,ENV_LOSSY,2.853128,78.5103,21687.075,0.012794,0.030631,276.23,408.64,66.0,1478.0,118.0,134.0,214.0,1411.0,0.0023,EXP_WEB_ENV_LOSSY_SESS_0115.pcap
NAT_ENH_EXP_WEB_ENV_LOSSY_SESS_0115_W0009,DS1_NATIVE_IPSEC_ENHANCED,1,EXP_WEB_ENV_LOSSY,GRP_EXP_WEB_ENV_LOSSY_SESS_0115,SESS_0115,9,WEB,ENV_LOSSY,2.988423,75.6252,20760.1142,0.013282,0.03205,274.51,407.25,66.0,1478.0,118.0,134.0,214.0,1411.0,0.0023,EXP_WEB_ENV_LOSSY_SESS_0115.pcap
NAT_ENH_EXP_WEB_ENV_LOSSY_SESS_0115_W0010,DS1_NATIVE_IPSEC_ENHANCED,1,EXP_WEB_ENV_LOSSY,GRP_EXP_WEB_ENV_LOSSY_SESS_0115,SESS_0115,10,WEB,ENV_LOSSY,2.63351,75.5645,21254.1428,0.013301,0.032214,281.27,414.08,66.0,1478.0,126.0,134.0,214.0,1411.0,0.0025,EXP_WEB_ENV_LOSSY_SESS_0115.pcap
NAT_ENH_EXP_WEB_ENV_LOSSY_SESS_0115_W0011,DS1_NATIVE_IPSEC_ENHANCED,1,EXP_WEB_ENV_LOSSY,GRP_EXP_WEB_ENV_LOSSY_SESS_0115,SESS_0115,11,WEB,ENV_LOSSY,2.246752,75.6648,20777.1038,0.013294,0.032655,274.59,406.58,66.0,1478.0,122.0,134.0,214.0,1411.0,0.0015,EXP_WEB_ENV_LOSSY_SESS_0115.pcap
NAT_ENH_EXP_WEB_ENV_LOSSY_SESS_0115_W0012,DS1_NATIVE_IPSEC_ENHANCED,1,EXP_WEB_ENV_LOSSY,GRP_EXP_WEB_ENV_LOSSY_SESS_0115,SESS_0115,12,WEB,ENV_LOSSY,2.881777,46.1521,12675.8602,0.021832,0.100879,274.65,405.27,66.0,1478.0,134.0,134.0,214.0,1187.5999999999967,0.2221,EXP_WEB_ENV_LOSSY_SESS_0115.pcap
NAT_ENH_EXP_WEB_ENV_LOSSY_SESS_0116_W0000,DS1_NATIVE_IPSEC_ENHANCED,1,EXP_WEB_ENV_LOSSY,GRP_EXP_WEB_ENV_LOSSY_SESS_0116,SESS_0116,0,WEB,ENV_LOSSY,2.893532,29.0303,7391.6583,0.034862,0.102775,254.62,390.24,42.0,1478.0,90.0,134.0,134.0,294.0,0.037,EXP_WEB_ENV_LOSSY_SESS_0116.pcap
NAT_ENH_EXP_WEB_ENV_LOSSY_SESS_0116_W0001,DS1_NATIVE_IPSEC_ENHANCED,1,EXP_WEB_ENV_LOSSY,GRP_EXP_WEB_ENV_LOSSY_SESS_0116,SESS_0116,1,WEB,ENV_LOSSY,2.747253,36.764,9617.9705,0.027473,0.074405,261.61,396.27,42.0,1478.0,90.0,134.0,134.0,294.0,0.0226,EXP_WEB_ENV_LOSSY_SESS_0116.pcap
NAT_ENH_EXP_WEB_ENV_LOSSY_SESS_0116_W0002,DS1_NATIVE_IPSEC_ENHANCED,1,EXP_WEB_ENV_LOSSY,GRP_EXP_WEB_ENV_LOSSY_SESS_0116,SESS_0116,2,WEB,ENV_LOSSY,2.594039,49.7294,13829.0136,0.020266,0.054954,278.09,411.06,42.0,1478.0,118.0,134.0,214.0,1411.0,0.0049,EXP_WEB_ENV_LOSSY_SESS_0116.pcap
NAT_ENH_EXP_WEB_ENV_LOSSY_SESS_0116_W0003,DS1_NATIVE_IPSEC_ENHANCED,1,EXP_WEB_ENV_LOSSY,GRP_EXP_WEB_ENV_LOSSY_SESS_0116,SESS_0116,3,WEB,ENV_LOSSY,2.5787,60.1078,16277.1935,0.016745,0.040496,270.8,402.29,42.0,1478.0,126.0,134.0,214.0,964.1999999999937,0.0037,EXP_WEB_ENV_LOSSY_SESS_0116.pcap
NAT_ENH_EXP_WEB_ENV_LOSSY_SESS_0117_W0000,DS1_NATIVE_IPSEC_ENHANCED,1,EXP_WEB_ENV_LOSSY,GRP_EXP_WEB_ENV_LOSSY_SESS_0117,SESS_0117,0,WEB,ENV_LOSSY,2.868939,12.8968,2424.2412,0.079693,0.181933,187.97,304.93,42.0,1478.0,74.0,134.0,134.0,217.2,0.1392,EXP_WEB_ENV_LOSSY_SESS_0117.pcap
NAT_ENH_EXP_WEB_ENV_LOSSY_SESS_0117_W0001,DS1_NATIVE_IPSEC_ENHANCED,1,EXP_WEB_ENV_LOSSY,GRP_EXP_WEB_ENV_LOSSY_SESS_0117,SESS_0117,1,WEB,ENV_LOSSY,2.834635,27.164,7269.3662,0.037298,0.124727,267.61,405.02,42.0,1478.0,90.0,134.0,214.0,740.8000000000063,0.0292,EXP_WEB_ENV_LOSSY_SESS_0117.pcap
NAT_ENH_EXP_WEB_ENV_LOSSY_SESS_0117_W0002,DS1_NATIVE_IPSEC_ENHANCED,1,EXP_WEB_ENV_LOSSY,GRP_EXP_WEB_ENV_LOSSY_SESS_0117,SESS_0117,2,WEB,ENV_LOSSY,2.453434,43.6123,11094.2448,0.023146,0.078099,254.38,386.3,42.0,1478.0,90.0,134.0,134.0,294.0,0.0158,EXP_WEB_ENV_LOSSY_SESS_0117.pcap
NAT_ENH_EXP_WEB_ENV_LOSSY_SESS_0117_W0003,DS1_NATIVE_IPSEC_ENHANCED,1,EXP_WEB_ENV_LOSSY,GRP_EXP_WEB_ENV_LOSSY_SESS_0117,SESS_0117,3,WEB,ENV_LOSSY,2.933839,49.7641,13898.5128,0.020233,0.068938,279.29,412.89,42.0,1478.0,118.0,134.0,214.0,1411.0,0.0065,EXP_WEB_ENV_LOSSY_SESS_0117.pcap
NAT_ENH_EXP_WEB_ENV_LOSSY_SESS_0117_W0004,DS1_NATIVE_IPSEC_ENHANCED,1,EXP_WEB_ENV_LOSSY,GRP_EXP_WEB_ENV_LOSSY_SESS_0117,SESS_0117,4,WEB,ENV_LOSSY,2.659495,66.554,17890.2394,0.015111,0.047482,268.81,399.56,66.0,1478.0,118.0,134.0,214.0,740.8000000000063,0.0034,EXP_WEB_ENV_LOSSY_SESS_0117.pcap
NAT_ENH_EXP_WEB_ENV_LOSSY_SESS_0117_W0005,DS1_NATIVE_IPSEC_ENHANCED,1,EXP_WEB_ENV_LOSSY,GRP_EXP_WEB_ENV_LOSSY_SESS_0117,SESS_0117,5,WEB,ENV_LOSSY,2.637785,82.266,23235.4043,0.012212,0.028587,282.44,413.74,66.0,1478.0,134.0,134.0,214.0,1411.0,0.0011,EXP_WEB_ENV_LOSSY_SESS_0117.pcap
NAT_ENH_EXP_WEB_ENV_LOSSY_SESS_0117_W0006,DS1_NATIVE_IPSEC_ENHANCED,1,EXP_WEB_ENV_LOSSY,GRP_EXP_WEB_ENV_LOSSY_SESS_0117,SESS_0117,6,WEB,ENV_LOSSY,2.974825,82.3578,23658.5334,0.012192,0.02865,287.27,419.67,66.0,1478.0,134.0,134.0,214.0,1411.0,0.002,EXP_WEB_ENV_LOSSY_SESS_0117.pcap
NAT_ENH_EXP_WEB_ENV_LOSSY_SESS_0117_W0007,DS1_NATIVE_IPSEC_ENHANCED,1,EXP_WEB_ENV_LOSSY,GRP_EXP_WEB_ENV_LOSSY_SESS_0117,SESS_0117,7,WEB,ENV_LOSSY,2.991725,81.224,22476.329,0.012363,0.028776,276.72,408.18,66.0,1478.0,134.0,134.0,214.0,1411.0,0.0021,EXP_WEB_ENV_LOSSY_SESS_0117.pcap
NAT_ENH_EXP_WEB_ENV_LOSSY_SESS_0117_W0008,DS1_NATIVE_IPSEC_ENHANCED,1,EXP_WEB_ENV_LOSSY,GRP_EXP_WEB_ENV_LOSSY_SESS_0117,SESS_0117,8,WEB,ENV_LOSSY,2.833795,83.2805,23451.59,0.012059,0.027987,281.6,413.16,66.0,1478.0,134.0,134.0,214.0,1411.0,0.0021,EXP_WEB_ENV_LOSSY_SESS_0117.pcap
NAT_ENH_EXP_WEB_ENV_LOSSY_SESS_0117_W0009,DS1_NATIVE_IPSEC_ENHANCED,1,EXP_WEB_ENV_LOSSY,GRP_EXP_WEB_ENV_LOSSY_SESS_0117,SESS_0117,9,WEB,ENV_LOSSY,2.885488,79.3627,21741.2096,0.012656,0.029257,273.95,404.48,66.0,1478.0,134.0,134.0,214.0,1411.0,0.0022,EXP_WEB_ENV_LOSSY_SESS_0117.pcap
NAT_ENH_EXP_WEB_ENV_LOSSY_SESS_0117_W0010,DS1_NATIVE_IPSEC_ENHANCED,1,EXP_WEB_ENV_LOSSY,GRP_EXP_WEB_ENV_LOSSY_SESS_0117,SESS_0117,10,WEB,ENV_LOSSY,2.858933,74.1535,21238.6931,0.013549,0.031779,286.42,417.75,66.0,1478.0,134.0,134.0,214.0,1411.0,0.0012,EXP_WEB_ENV_LOSSY_SESS_0117.pcap
NAT_ENH_EXP_WEB_ENV_LOSSY_SESS_0117_W0011,DS1_NATIVE_IPSEC_ENHANCED,1,EXP_WEB_ENV_LOSSY,GRP_EXP_WEB_ENV_LOSSY_SESS_0117,SESS_0117,11,WEB,ENV_LOSSY,2.923749,69.4314,19346.7362,0.014474,0.034539,278.65,410.44,66.0,1478.0,134.0,134.0,214.0,1411.0,0.0012,EXP_WEB_ENV_LOSSY_SESS_0117.pcap
NAT_ENH_EXP_WEB_ENV_LOSSY_SESS_0118_W0000,DS1_NATIVE_IPSEC_ENHANCED,1,EXP_WEB_ENV_LOSSY,GRP_EXP_WEB_ENV_LOSSY_SESS_0118,SESS_0118,0,WEB,ENV_LOSSY,2.946997,36.6475,9201.5705,0.027542,0.083588,251.08,385.36,42.0,1478.0,89.0,134.0,134.0,294.0,0.0288,EXP_WEB_ENV_LOSSY_SESS_0118.pcap
NAT_ENH_EXP_WEB_ENV_LOSSY_SESS_0118_W0001,DS1_NATIVE_IPSEC_ENHANCED,1,EXP_WEB_ENV_LOSSY,GRP_EXP_WEB_ENV_LOSSY_SESS_0118,SESS_0118,1,WEB,ENV_LOSSY,2.856538,49.3604,12971.2958,0.020404,0.062016,262.79,396.44,42.0,1478.0,90.0,134.0,134.0,294.0,0.016,EXP_WEB_ENV_LOSSY_SESS_0118.pcap
NAT_ENH_EXP_WEB_ENV_LOSSY_SESS_0118_W0002,DS1_NATIVE_IPSEC_ENHANCED,1,EXP_WEB_ENV_LOSSY,GRP_EXP_WEB_ENV_LOSSY_SESS_0118,SESS_0118,2,WEB,ENV_LOSSY,2.827099,58.7174,15238.2362,0.017134,0.048705,259.52,391.1,42.0,1478.0,97.0,134.0,134.0,294.0,0.0099,EXP_WEB_ENV_LOSSY_SESS_0118.pcap
NAT_ENH_EXP_WEB_ENV_LOSSY_SESS_0118_W0003,DS1_NATIVE_IPSEC_ENHANCED,1,EXP_WEB_ENV_LOSSY,GRP_EXP_WEB_ENV_LOSSY_SESS_0118,SESS_0118,3,WEB,ENV_LOSSY,2.896489,67.3229,18168.2035,0.01493,0.037784,269.87,401.14,42.0,1478.0,118.0,134.0,214.0,964.1999999999937,0.0033,EXP_WEB_ENV_LOSSY_SESS_0118.pcap
NAT_ENH_EXP_WEB_ENV_LOSSY_SESS_0118_W0004,DS1_NATIVE_IPSEC_ENHANCED,1,EXP_WEB_ENV_LOSSY,GRP_EXP_WEB_ENV_LOSSY_SESS_0118,SESS_0118,4,WEB,ENV_LOSSY,2.91752,70.6079,19524.4588,0.014232,0.032725,276.52,407.8,66.0,1478.0,122.0,134.0,214.0,1411.0,0.0012,EXP_WEB_ENV_LOSSY_SESS_0118.pcap
NAT_ENH_EXP_WEB_ENV_LOSSY_SESS_0118_W0005,DS1_NATIVE_IPSEC_ENHANCED,1,EXP_WEB_ENV_LOSSY,GRP_EXP_WEB_ENV_LOSSY_SESS_0118,SESS_0118,5,WEB,ENV_LOSSY,2.916589,69.9447,19444.2891,0.014367,0.033663,278.0,409.52,66.0,1478.0,130.0,134.0,214.0,1411.0,0.0012,EXP_WEB_ENV_LOSSY_SESS_0118.pcap
NAT_ENH_EXP_WEB_ENV_LOSSY_SESS_0119_W0000,DS1_NATIVE_IPSEC_ENHANCED,1,EXP_WEB_ENV_LOSSY,GRP_EXP_WEB_ENV_LOSSY_SESS_0119,SESS_0119,0,WEB,ENV_LOSSY,2.973577,22.5318,5496.7468,0.045054,0.121602,243.96,380.78,42.0,1478.0,86.0,134.0,134.0,294.0,0.0607,EXP_WEB_ENV_LOSSY_SESS_0119.pcap
NAT_ENH_EXP_WEB_ENV_LOSSY_SESS_0119_W0001,DS1_NATIVE_IPSEC_ENHANCED,1,EXP_WEB_ENV_LOSSY,GRP_EXP_WEB_ENV_LOSSY_SESS_0119,SESS_0119,1,WEB,ENV_LOSSY,2.814181,32.6916,7954.002,0.030925,0.099147,243.3,374.93,42.0,1478.0,83.0,134.0,134.0,294.0,0.0309,EXP_WEB_ENV_LOSSY_SESS_0119.pcap
NAT_ENH_EXP_WEB_ENV_LOSSY_SESS_0119_W0002,DS1_NATIVE_IPSEC_ENHANCED,1,EXP_WEB_ENV_LOSSY,GRP_EXP_WEB_ENV_LOSSY_SESS_0119,SESS_0119,2,WEB,ENV_LOSSY,2.484654,48.6989,12766.3653,0.020705,0.051764,262.15,396.44,42.0,1478.0,90.0,134.0,134.0,294.0,0.0188,EXP_WEB_ENV_LOSSY_SESS_0119.pcap
NAT_ENH_EXP_WEB_ENV_LOSSY_SESS_0119_W0003,DS1_NATIVE_IPSEC_ENHANCED,1,EXP_WEB_ENV_LOSSY,GRP_EXP_WEB_ENV_LOSSY_SESS_0119,SESS_0119,3,WEB,ENV_LOSSY,2.742841,52.1357,13656.2783,0.019316,0.049429,261.94,393.69,42.0,1478.0,104.0,134.0,174.0,294.0,0.009,EXP_WEB_ENV_LOSSY_SESS_0119.pcap
NAT_ENH_EXP_WEB_ENV_LOSSY_SESS_0119_W0004,DS1_NATIVE_IPSEC_ENHANCED,1,EXP_WEB_ENV_LOSSY,GRP_EXP_WEB_ENV_LOSSY_SESS_0119,SESS_0119,4,WEB,ENV_LOSSY,2.877654,56.9909,16025.9012,0.017654,0.042722,281.2,412.41,66.0,1478.0,134.0,134.0,214.0,1411.0,0.002,EXP_WEB_ENV_LOSSY_SESS_0119.pcap
NAT_ENH_EXP_WEB_ENV_LOSSY_SESS_0119_W0005,DS1_NATIVE_IPSEC_ENHANCED,1,EXP_WEB_ENV_LOSSY,GRP_EXP_WEB_ENV_LOSSY_SESS_0119,SESS_0119,5,WEB,ENV_LOSSY,2.818006,63.1652,17963.7656,0.015921,0.038674,284.39,416.7,66.0,1478.0,134.0,134.0,214.0,1411.0,0.0014,EXP_WEB_ENV_LOSSY_SESS_0119.pcap
NAT_ENH_EXP_WEB_ENV_LOSSY_SESS_0119_W0006,DS1_NATIVE_IPSEC_ENHANCED,1,EXP_WEB_ENV_LOSSY,GRP_EXP_WEB_ENV_LOSSY_SESS_0119,SESS_0119,6,WEB,ENV_LOSSY,2.809828,62.6373,16906.7286,0.016056,0.038716,269.91,400.44,66.0,1478.0,130.0,134.0,214.0,852.5,0.0015,EXP_WEB_ENV_LOSSY_SESS_0119.pcap
NAT_ENH_EXP_WEB_ENV_LOSSY_SESS_0119_W0007,DS1_NATIVE_IPSEC_ENHANCED,1,EXP_WEB_ENV_LOSSY,GRP_EXP_WEB_ENV_LOSSY_SESS_0119,SESS_0119,7,WEB,ENV_LOSSY,2.941419,62.5548,17468.4402,0.016073,0.03847,279.25,410.89,66.0,1478.0,134.0,134.0,214.0,1411.0,0.0027,EXP_WEB_ENV_LOSSY_SESS_0119.pcap
NAT_ENH_EXP_WEB_ENV_LOSSY_SESS_0119_W0008,DS1_NATIVE_IPSEC_ENHANCED,1,EXP_WEB_ENV_LOSSY,GRP_EXP_WEB_ENV_LOSSY_SESS_0119,SESS_0119,8,WEB,ENV_LOSSY,2.973041,62.2258,17322.3306,0.016158,0.038518,278.38,409.95,66.0,1478.0,134.0,134.0,214.0,1411.0,0.0027,EXP_WEB_ENV_LOSSY_SESS_0119.pcap
NAT_ENH_EXP_WEB_ENV_LOSSY_SESS_0119_W0009,DS1_NATIVE_IPSEC_ENHANCED,1,EXP_WEB_ENV_LOSSY,GRP_EXP_WEB_ENV_LOSSY_SESS_0119,SESS_0119,9,WEB,ENV_LOSSY,2.91954,64.3937,17748.6869,0.015613,0.037136,275.63,407.26,66.0,1478.0,118.0,134.0,214.0,1411.0,0.0027,EXP_WEB_ENV_LOSSY_SESS_0119.pcap
NAT_ENH_EXP_WEB_ENV_LOSSY_SESS_0119_W0010,DS1_NATIVE_IPSEC_ENHANCED,1,EXP_WEB_ENV_LOSSY,GRP_EXP_WEB_ENV_LOSSY_SESS_0119,SESS_0119,10,WEB,ENV_LOSSY,2.793151,65.1594,18275.4179,0.015432,0.036746,280.47,412.93,66.0,1478.0,118.0,134.0,214.0,1411.0,0.0028,EXP_WEB_ENV_LOSSY_SESS_0119.pcap
NAT_ENH_EXP_WEB_ENV_LOSSY_SESS_0119_W0011,DS1_NATIVE_IPSEC_ENHANCED,1,EXP_WEB_ENV_LOSSY,GRP_EXP_WEB_ENV_LOSSY_SESS_0119,SESS_0119,11,WEB,ENV_LOSSY,2.877717,67.0671,18203.3187,0.014988,0.036469,271.42,402.8,66.0,1478.0,118.0,134.0,214.0,1187.6000000000126,0.0013,EXP_WEB_ENV_LOSSY_SESS_0119.pcap
NAT_ENH_EXP_WEB_ENV_LOSSY_SESS_0119_W0012,DS1_NATIVE_IPSEC_ENHANCED,1,EXP_WEB_ENV_LOSSY,GRP_EXP_WEB_ENV_LOSSY_SESS_0119,SESS_0119,12,WEB,ENV_LOSSY,2.821865,67.6857,18492.7354,0.014852,0.035795,273.21,404.5,66.0,1478.0,118.0,134.0,214.0,1411.0,0.0013,EXP_WEB_ENV_LOSSY_SESS_0119.pcap
NAT_ENH_EXP_WEB_ENV_LOSSY_SESS_0120_W0000,DS1_NATIVE_IPSEC_ENHANCED,1,EXP_WEB_ENV_LOSSY,GRP_EXP_WEB_ENV_LOSSY_SESS_0120,SESS_0120,0,WEB,ENV_LOSSY,2.99658,38.3771,9320.9588,0.026286,0.074774,242.88,375.03,42.0,1478.0,86.0,134.0,134.0,294.0,0.0347,EXP_WEB_ENV_LOSSY_SESS_0120.pcap
NAT_ENH_EXP_WEB_ENV_LOSSY_SESS_0120_W0001,DS1_NATIVE_IPSEC_ENHANCED,1,EXP_WEB_ENV_LOSSY,GRP_EXP_WEB_ENV_LOSSY_SESS_0120,SESS_0120,1,WEB,ENV_LOSSY,2.467593,57.9512,15145.5287,0.017377,0.045795,261.35,393.91,42.0,1478.0,90.0,134.0,174.0,294.0,0.0159,EXP_WEB_ENV_LOSSY_SESS_0120.pcap
NAT_ENH_EXP_WEB_ENV_LOSSY_SESS_0120_W0002,DS1_NATIVE_IPSEC_ENHANCED,1,EXP_WEB_ENV_LOSSY,GRP_EXP_WEB_ENV_LOSSY_SESS_0120,SESS_0120,2,WEB,ENV_LOSSY,2.927854,59.4292,16022.9994,0.016924,0.044072,269.61,403.17,42.0,1478.0,97.0,134.0,214.0,1075.9000000000192,0.0126,EXP_WEB_ENV_LOSSY_SESS_0120.pcap
NAT_ENH_EXP_WEB_ENV_LOSSY_SESS_0120_W0003,DS1_NATIVE_IPSEC_ENHANCED,1,EXP_WEB_ENV_LOSSY,GRP_EXP_WEB_ENV_LOSSY_SESS_0120,SESS_0120,3,WEB,ENV_LOSSY,2.879039,69.815,19538.8111,0.014395,0.033689,279.87,412.33,42.0,1478.0,118.0,134.0,214.0,1411.0,0.0047,EXP_WEB_ENV_LOSSY_SESS_0120.pcap
NAT_ENH_EXP_WEB_ENV_LOSSY_SESS_0120_W0004,DS1_NATIVE_IPSEC_ENHANCED,1,EXP_WEB_ENV_LOSSY,GRP_EXP_WEB_ENV_LOSSY_SESS_0120,SESS_0120,4,WEB,ENV_LOSSY,2.853235,68.694,19599.8577,0.014632,0.033602,285.32,416.11,66.0,1478.0,134.0,134.0,214.0,1411.0,0.2225,EXP_WEB_ENV_LOSSY_SESS_0120.pcap
NAT_ENH_EXP_WEB_ENV_LOSSY_SESS_0120_W0005,DS1_NATIVE_IPSEC_ENHANCED,1,EXP_WEB_ENV_LOSSY,GRP_EXP_WEB_ENV_LOSSY_SESS_0120,SESS_0120,5,WEB,ENV_LOSSY,2.846228,60.4309,17570.6225,0.016645,0.038404,290.76,422.43,66.0,1478.0,134.0,134.0,214.0,1411.0,0.0028,EXP_WEB_ENV_LOSSY_SESS_0120.pcap
NAT_ENH_EXP_WEB_ENV_LOSSY_SESS_0120_W0006,DS1_NATIVE_IPSEC_ENHANCED,1,EXP_WEB_ENV_LOSSY,GRP_EXP_WEB_ENV_LOSSY_SESS_0120,SESS_0120,6,WEB,ENV_LOSSY,2.336731,57.3451,16938.1913,0.017569,0.04034,295.37,427.07,66.0,1478.0,134.0,134.0,214.0,1411.0,0.0035,EXP_WEB_ENV_LOSSY_SESS_0120.pcap
NAT_ENH_EXP_WEB_ENV_LOSSY_SESS_0120_W0007,DS1_NATIVE_IPSEC_ENHANCED,1,EXP_WEB_ENV_LOSSY,GRP_EXP_WEB_ENV_LOSSY_SESS_0120,SESS_0120,7,WEB,ENV_LOSSY,2.839725,46.4834,12779.7585,0.021677,0.075259,274.93,406.83,66.0,1478.0,118.0,134.0,214.0,1299.3000000000063,0.0039,EXP_WEB_ENV_LOSSY_SESS_0120.pcap
NAT_ENH_EXP_WEB_ENV_LOSSY_SESS_0120_W0008,DS1_NATIVE_IPSEC_ENHANCED,1,EXP_WEB_ENV_LOSSY,GRP_EXP_WEB_ENV_LOSSY_SESS_0120,SESS_0120,8,WEB,ENV_LOSSY,2.921929,45.8601,12488.6671,0.021969,0.07554,272.32,404.36,66.0,1478.0,118.0,134.0,214.0,1075.9000000000033,0.0039,EXP_WEB_ENV_LOSSY_SESS_0120.pcap
NAT_ENH_EXP_WEB_ENV_LOSSY_SESS_0120_W0009,DS1_NATIVE_IPSEC_ENHANCED,1,EXP_WEB_ENV_LOSSY,GRP_EXP_WEB_ENV_LOSSY_SESS_0120,SESS_0120,9,WEB,ENV_LOSSY,2.913072,47.0294,12641.2947,0.02142,0.074804,268.8,400.63,66.0,1478.0,118.0,134.0,214.0,740.8000000000063,0.0038,EXP_WEB_ENV_LOSSY_SESS_0120.pcap
NAT_ENH_EXP_WEB_ENV_LOSSY_SESS_0120_W0010,DS1_NATIVE_IPSEC_ENHANCED,1,EXP_WEB_ENV_LOSSY,GRP_EXP_WEB_ENV_LOSSY_SESS_0120,SESS_0120,10,WEB,ENV_LOSSY,2.958904,47.3148,13550.9633,0.021287,0.074293,286.4,420.01,66.0,1478.0,118.0,134.0,214.0,1411.0,0.0035,EXP_WEB_ENV_LOSSY_SESS_0120.pcap
NAT_ENH_EXP_WEB_ENV_LOSSY_SESS_0120_W0011,DS1_NATIVE_IPSEC_ENHANCED,1,EXP_WEB_ENV_LOSSY,GRP_EXP_WEB_ENV_LOSSY_SESS_0120,SESS_0120,11,WEB,ENV_LOSSY,2.306247,75.8809,20486.5308,0.013254,0.032834,269.98,401.66,66.0,1478.0,118.0,134.0,214.0,964.1999999999937,0.2203,EXP_WEB_ENV_LOSSY_SESS_0120.pcap
NAT_ENH_EXP_WEB_ENV_LOW_LATENCY_SESS_W0000,DS1_NATIVE_IPSEC_ENHANCED,1,EXP_WEB_ENV_LOW,GRP_EXP_WEB_ENV_LOW_LATENCY_SESS,LATENCY_SESS,0,WEB,ENV_LOW,2.767864,33.2386,8068.3155,0.030416,0.10536,242.74,375.12,42.0,1478.0,86.0,134.0,134.0,294.0,0.0437,EXP_WEB_ENV_LOW_LATENCY_SESS_0076.pcap
NAT_ENH_EXP_WEB_ENV_LOW_LATENCY_SESS_W0001,DS1_NATIVE_IPSEC_ENHANCED,1,EXP_WEB_ENV_LOW,GRP_EXP_WEB_ENV_LOW_LATENCY_SESS,LATENCY_SESS,1,WEB,ENV_LOW,2.4731,60.6526,16623.6711,0.016598,0.052768,274.08,408.57,42.0,1478.0,90.0,134.0,214.0,1411.0,0.0144,EXP_WEB_ENV_LOW_LATENCY_SESS_0076.pcap
NAT_ENH_EXP_WEB_ENV_LOW_LATENCY_SESS_W0002,DS1_NATIVE_IPSEC_ENHANCED,1,EXP_WEB_ENV_LOW,GRP_EXP_WEB_ENV_LOW_LATENCY_SESS,LATENCY_SESS,2,WEB,ENV_LOW,2.945174,66.5495,17812.8696,0.015103,0.048021,267.66,400.77,42.0,1478.0,111.0,134.0,214.0,852.5,0.0113,EXP_WEB_ENV_LOW_LATENCY_SESS_0076.pcap
NAT_ENH_EXP_WEB_ENV_LOW_LATENCY_SESS_W0003,DS1_NATIVE_IPSEC_ENHANCED,1,EXP_WEB_ENV_LOW,GRP_EXP_WEB_ENV_LOW_LATENCY_SESS,LATENCY_SESS,3,WEB,ENV_LOW,2.80947,81.866,22268.9694,0.012268,0.036174,272.02,404.22,42.0,1478.0,118.0,134.0,214.0,1411.0,0.0028,EXP_WEB_ENV_LOW_LATENCY_SESS_0076.pcap
NAT_ENH_EXP_WEB_ENV_LOW_LATENCY_SESS_W0004,DS1_NATIVE_IPSEC_ENHANCED,1,EXP_WEB_ENV_LOW,GRP_EXP_WEB_ENV_LOW_LATENCY_SESS,LATENCY_SESS,4,WEB,ENV_LOW,2.813817,90.6242,25433.0681,0.011078,0.030909,280.64,412.7,66.0,1478.0,134.0,134.0,214.0,1411.0,0.001,EXP_WEB_ENV_LOW_LATENCY_SESS_0076.pcap
NAT_ENH_EXP_WEB_ENV_LOW_LATENCY_SESS_W0005,DS1_NATIVE_IPSEC_ENHANCED,1,EXP_WEB_ENV_LOW,GRP_EXP_WEB_ENV_LOW_LATENCY_SESS,LATENCY_SESS,5,WEB,ENV_LOW,2.963437,90.0981,24648.4059,0.011141,0.030656,273.57,404.72,66.0,1478.0,126.0,134.0,214.0,1411.0,0.0019,EXP_WEB_ENV_LOW_LATENCY_SESS_0076.pcap
NAT_ENH_EXP_WEB_ENV_LOW_LATENCY_SESS_W0006,DS1_NATIVE_IPSEC_ENHANCED,1,EXP_WEB_ENV_LOW,GRP_EXP_WEB_ENV_LOW_LATENCY_SESS,LATENCY_SESS,6,WEB,ENV_LOW,2.917974,97.6705,26750.4097,0.010275,0.027347,273.88,405.48,66.0,1478.0,118.0,134.0,214.0,1411.0,0.0018,EXP_WEB_ENV_LOW_LATENCY_SESS_0076.pcap
NAT_ENH_EXP_WEB_ENV_LOW_LATENCY_SESS_W0007,DS1_NATIVE_IPSEC_ENHANCED,1,EXP_WEB_ENV_LOW,GRP_EXP_WEB_ENV_LOW_LATENCY_SESS,LATENCY_SESS,7,WEB,ENV_LOW,2.974412,90.438,24624.6992,0.011099,0.030097,272.28,403.5,66.0,1478.0,118.0,134.0,214.0,1411.0,0.0019,EXP_WEB_ENV_LOW_LATENCY_SESS_0076.pcap
NAT_ENH_EXP_WEB_ENV_LOW_LATENCY_SESS_W0008,DS1_NATIVE_IPSEC_ENHANCED,1,EXP_WEB_ENV_LOW,GRP_EXP_WEB_ENV_LOW_LATENCY_SESS,LATENCY_SESS,8,WEB,ENV_LOW,2.949269,91.209,24852.2595,0.011005,0.029956,272.48,403.47,66.0,1478.0,134.0,134.0,214.0,1411.0,0.0019,EXP_WEB_ENV_LOW_LATENCY_SESS_0076.pcap
NAT_ENH_EXP_WEB_ENV_LOW_LATENCY_SESS_W0000,DS1_NATIVE_IPSEC_ENHANCED,1,EXP_WEB_ENV_LOW,GRP_EXP_WEB_ENV_LOW_LATENCY_SESS,LATENCY_SESS,0,WEB,ENV_LOW,2.989187,21.745,5401.1342,0.046706,0.135888,248.38,385.69,42.0,1478.0,86.0,134.0,134.0,294.0,0.0615,EXP_WEB_ENV_LOW_LATENCY_SESS_0077.pcap
NAT_ENH_EXP_WEB_ENV_LOW_LATENCY_SESS_W0001,DS1_NATIVE_IPSEC_ENHANCED,1,EXP_WEB_ENV_LOW,GRP_EXP_WEB_ENV_LOW_LATENCY_SESS,LATENCY_SESS,1,WEB,ENV_LOW,2.449683,49.3941,12948.6144,0.020414,0.08763,262.15,396.44,42.0,1478.0,90.0,134.0,134.0,294.0,0.0188,EXP_WEB_ENV_LOW_LATENCY_SESS_0077.pcap
NAT_ENH_EXP_WEB_ENV_LOW_LATENCY_SESS_W0002,DS1_NATIVE_IPSEC_ENHANCED,1,EXP_WEB_ENV_LOW,GRP_EXP_WEB_ENV_LOW_LATENCY_SESS,LATENCY_SESS,2,WEB,ENV_LOW,2.928059,57.0344,14727.1618,0.017639,0.076635,258.22,390.27,42.0,1478.0,90.0,134.0,134.0,294.0,0.0137,EXP_WEB_ENV_LOW_LATENCY_SESS_0077.pcap
NAT_ENH_EXP_WEB_ENV_LOW_LATENCY_SESS_W0003,DS1_NATIVE_IPSEC_ENHANCED,1,EXP_WEB_ENV_LOW,GRP_EXP_WEB_ENV_LOW_LATENCY_SESS,LATENCY_SESS,3,WEB,ENV_LOW,2.35647,93.7844,24849.4584,0.010711,0.043649,264.96,396.23,42.0,1478.0,118.0,134.0,214.0,294.0,0.003,EXP_WEB_ENV_LOW_LATENCY_SESS_0077.pcap
NAT_ENH_EXP_WEB_ENV_LOW_LATENCY_SESS_W0004,DS1_NATIVE_IPSEC_ENHANCED,1,EXP_WEB_ENV_LOW,GRP_EXP_WEB_ENV_LOW_LATENCY_SESS,LATENCY_SESS,4,WEB,ENV_LOW,2.922548,99.5706,26893.3131,0.010078,0.039338,270.09,402.16,42.0,1478.0,118.0,134.0,214.0,1411.0,0.0031,EXP_WEB_ENV_LOW_LATENCY_SESS_0077.pcap
NAT_ENH_EXP_WEB_ENV_LOW_LATENCY_SESS_W0005,DS1_NATIVE_IPSEC_ENHANCED,1,EXP_WEB_ENV_LOW,GRP_EXP_WEB_ENV_LOW_LATENCY_SESS,LATENCY_SESS,5,WEB,ENV_LOW,2.83869,125.41,33534.4848,0.007996,0.021724,267.4,398.82,42.0,1478.0,118.0,134.0,214.0,852.5,0.0024,EXP_WEB_ENV_LOW_LATENCY_SESS_0077.pcap
NAT_ENH_EXP_WEB_ENV_LOW_LATENCY_SESS_W0000,DS1_NATIVE_IPSEC_ENHANCED,1,EXP_WEB_ENV_LOW,GRP_EXP_WEB_ENV_LOW_LATENCY_SESS,LATENCY_SESS,0,WEB,ENV_LOW,2.992223,26.0676,6908.5759,0.03886,0.114008,265.03,403.01,42.0,1478.0,90.0,134.0,194.0,629.0999999999968,0.0429,EXP_WEB_ENV_LOW_LATENCY_SESS_0078.pcap
NAT_ENH_EXP_WEB_ENV_LOW_LATENCY_SESS_W0001,DS1_NATIVE_IPSEC_ENHANCED,1,EXP_WEB_ENV_LOW,GRP_EXP_WEB_ENV_LOW_LATENCY_SESS,LATENCY_SESS,1,WEB,ENV_LOW,2.884947,40.5553,10846.6462,0.02487,0.088825,267.45,402.05,42.0,1478.0,90.0,134.0,214.0,740.8000000000063,0.022,EXP_WEB_ENV_LOW_LATENCY_SESS_0078.pcap
NAT_ENH_EXP_WEB_ENV_LOW_LATENCY_SESS_W0002,DS1_NATIVE_IPSEC_ENHANCED,1,EXP_WEB_ENV_LOW,GRP_EXP_WEB_ENV_LOW_LATENCY_SESS,LATENCY_SESS,2,WEB,ENV_LOW,2.610696,59.3711,16059.3186,0.016953,0.065042,270.49,402.41,42.0,1478.0,118.0,134.0,214.0,964.1999999999937,0.0102,EXP_WEB_ENV_LOW_LATENCY_SESS_0078.pcap
NAT_ENH_EXP_WEB_ENV_LOW_LATENCY_SESS_W0003,DS1_NATIVE_IPSEC_ENHANCED,1,EXP_WEB_ENV_LOW,GRP_EXP_WEB_ENV_LOW_LATENCY_SESS,LATENCY_SESS,3,WEB,ENV_LOW,2.213224,85.8476,23543.0311,0.01171,0.029503,274.24,405.43,42.0,1478.0,134.0,134.0,214.0,1411.0,0.0034,EXP_WEB_ENV_LOW_LATENCY_SESS_0078.pcap
NAT_ENH_EXP_WEB_ENV_LOW_LATENCY_SESS_W0004,DS1_NATIVE_IPSEC_ENHANCED,1,EXP_WEB_ENV_LOW,GRP_EXP_WEB_ENV_LOW_LATENCY_SESS,LATENCY_SESS,4,WEB,ENV_LOW,2.718405,83.137,22913.4363,0.012082,0.031162,275.61,406.93,42.0,1478.0,134.0,134.0,214.0,1411.0,0.0039,EXP_WEB_ENV_LOW_LATENCY_SESS_0078.pcap
NAT_ENH_EXP_WEB_ENV_LOW_LATENCY_SESS_W0005,DS1_NATIVE_IPSEC_ENHANCED,1,EXP_WEB_ENV_LOW,GRP_EXP_WEB_ENV_LOW_LATENCY_SESS,LATENCY_SESS,5,WEB,ENV_LOW,2.938587,87.457,24534.2389,0.011479,0.029419,280.53,410.95,66.0,1478.0,134.0,134.0,214.0,1411.0,0.0019,EXP_WEB_ENV_LOW_LATENCY_SESS_0078.pcap
NAT_ENH_EXP_WEB_ENV_LOW_LATENCY_SESS_W0006,DS1_NATIVE_IPSEC_ENHANCED,1,EXP_WEB_ENV_LOW,GRP_EXP_WEB_ENV_LOW_LATENCY_SESS,LATENCY_SESS,6,WEB,ENV_LOW,2.956967,89.2807,24652.9627,0.011243,0.028786,276.13,406.38,66.0,1478.0,134.0,134.0,214.0,1411.0,0.0019,EXP_WEB_ENV_LOW_LATENCY_SESS_0078.pcap
NAT_ENH_EXP_WEB_ENV_LOW_LATENCY_SESS_W0007,DS1_NATIVE_IPSEC_ENHANCED,1,EXP_WEB_ENV_LOW,GRP_EXP_WEB_ENV_LOW_LATENCY_SESS,LATENCY_SESS,7,WEB,ENV_LOW,2.882083,95.7641,26765.0174,0.01048,0.027024,279.49,410.78,66.0,1478.0,134.0,134.0,214.0,1411.0,0.0018,EXP_WEB_ENV_LOW_LATENCY_SESS_0078.pcap
NAT_ENH_EXP_WEB_ENV_LOW_LATENCY_SESS_W0008,DS1_NATIVE_IPSEC_ENHANCED,1,EXP_WEB_ENV_LOW,GRP_EXP_WEB_ENV_LOW_LATENCY_SESS,LATENCY_SESS,8,WEB,ENV_LOW,2.861651,98.1951,27137.1322,0.01022,0.026577,276.36,407.8,66.0,1478.0,118.0,134.0,214.0,1411.0,0.0018,EXP_WEB_ENV_LOW_LATENCY_SESS_0078.pcap
NAT_ENH_EXP_WEB_ENV_LOW_LATENCY_SESS_W0009,DS1_NATIVE_IPSEC_ENHANCED,1,EXP_WEB_ENV_LOW,GRP_EXP_WEB_ENV_LOW_LATENCY_SESS,LATENCY_SESS,9,WEB,ENV_LOW,2.943143,100.5728,28009.5133,0.009977,0.024996,278.5,409.9,66.0,1478.0,134.0,134.0,214.0,1411.0,0.0017,EXP_WEB_ENV_LOW_LATENCY_SESS_0078.pcap
NAT_ENH_EXP_WEB_ENV_LOW_LATENCY_SESS_W0000,DS1_NATIVE_IPSEC_ENHANCED,1,EXP_WEB_ENV_LOW,GRP_EXP_WEB_ENV_LOW_LATENCY_SESS,LATENCY_SESS,0,WEB,ENV_LOW,2.9999,29.6677,7348.912,0.03409,0.105046,247.71,380.36,42.0,1478.0,90.0,134.0,134.0,294.0,0.0401,EXP_WEB_ENV_LOW_LATENCY_SESS_0079.pcap
NAT_ENH_EXP_WEB_ENV_LOW_LATENCY_SESS_W0001,DS1_NATIVE_IPSEC_ENHANCED,1,EXP_WEB_ENV_LOW,GRP_EXP_WEB_ENV_LOW_LATENCY_SESS,LATENCY_SESS,1,WEB,ENV_LOW,2.820437,40.4193,10991.9129,0.02496,0.085,271.95,406.31,42.0,1478.0,90.0,134.0,214.0,1075.9000000000033,0.0192,EXP_WEB_ENV_LOW_LATENCY_SESS_0079.pcap
NAT_ENH_EXP_WEB_ENV_LOW_LATENCY_SESS_W0002,DS1_NATIVE_IPSEC_ENHANCED,1,EXP_WEB_ENV_LOW,GRP_EXP_WEB_ENV_LOW_LATENCY_SESS,LATENCY_SESS,2,WEB,ENV_LOW,2.87849,51.4158,14256.0858,0.019582,0.065722,277.27,410.46,42.0,1478.0,118.0,134.0,214.0,1411.0,0.0104,EXP_WEB_ENV_LOW_LATENCY_SESS_0079.pcap
NAT_ENH_EXP_WEB_ENV_LOW_LATENCY_SESS_W0003,DS1_NATIVE_IPSEC_ENHANCED,1,EXP_WEB_ENV_LOW,GRP_EXP_WEB_ENV_LOW_LATENCY_SESS,LATENCY_SESS,3,WEB,ENV_LOW,2.292357,66.7435,18228.3982,0.015081,0.043469,273.11,404.39,42.0,1478.0,134.0,134.0,214.0,1187.6000000000126,0.002,EXP_WEB_ENV_LOW_LATENCY_SESS_0079.pcap
NAT_ENH_EXP_WEB_ENV_LOW_LATENCY_SESS_W0004,DS1_NATIVE_IPSEC_ENHANCED,1,EXP_WEB_ENV_LOW,GRP_EXP_WEB_ENV_LOW_LATENCY_SESS,LATENCY_SESS,4,WEB,ENV_LOW,2.785157,62.474,18036.3248,0.016099,0.048745,288.7,420.45,66.0,1478.0,134.0,134.0,214.0,1411.0,0.2098,EXP_WEB_ENV_LOW_LATENCY_SESS_0079.pcap
NAT_ENH_EXP_WEB_ENV_LOW_LATENCY_SESS_W0005,DS1_NATIVE_IPSEC_ENHANCED,1,EXP_WEB_ENV_LOW,GRP_EXP_WEB_ENV_LOW_LATENCY_SESS,LATENCY_SESS,5,WEB,ENV_LOW,2.89861,56.2339,15862.4313,0.017893,0.051509,282.08,413.53,66.0,1478.0,134.0,134.0,214.0,1411.0,0.0015,EXP_WEB_ENV_LOW_LATENCY_SESS_0079.pcap
NAT_ENH_EXP_WEB_ENV_LOW_LATENCY_SESS_W0006,DS1_NATIVE_IPSEC_ENHANCED,1,EXP_WEB_ENV_LOW,GRP_EXP_WEB_ENV_LOW_LATENCY_SESS,LATENCY_SESS,6,WEB,ENV_LOW,2.727207,57.9347,16601.9671,0.017371,0.050954,286.56,419.17,66.0,1478.0,134.0,134.0,214.0,1411.0,0.0031,EXP_WEB_ENV_LOW_LATENCY_SESS_0079.pcap
NAT_ENH_EXP_WEB_ENV_LOW_LATENCY_SESS_W0007,DS1_NATIVE_IPSEC_ENHANCED,1,EXP_WEB_ENV_LOW,GRP_EXP_WEB_ENV_LOW_LATENCY_SESS,LATENCY_SESS,7,WEB,ENV_LOW,2.835726,53.9544,14755.3042,0.018656,0.05339,273.48,404.2,66.0,1478.0,134.0,134.0,214.0,1187.6000000000126,0.0034,EXP_WEB_ENV_LOW_LATENCY_SESS_0079.pcap
NAT_ENH_EXP_WEB_ENV_LOW_LATENCY_SESS_W0008,DS1_NATIVE_IPSEC_ENHANCED,1,EXP_WEB_ENV_LOW,GRP_EXP_WEB_ENV_LOW_LATENCY_SESS,LATENCY_SESS,8,WEB,ENV_LOW,2.654769,54.6187,15394.9368,0.018436,0.051917,281.86,413.43,66.0,1478.0,134.0,134.0,214.0,1411.0,0.0034,EXP_WEB_ENV_LOW_LATENCY_SESS_0079.pcap
NAT_ENH_EXP_WEB_ENV_LOW_LATENCY_SESS_W0009,DS1_NATIVE_IPSEC_ENHANCED,1,EXP_WEB_ENV_LOW,GRP_EXP_WEB_ENV_LOW_LATENCY_SESS,LATENCY_SESS,9,WEB,ENV_LOW,2.941649,62.8899,17507.1875,0.015987,0.043601,278.38,409.95,66.0,1478.0,134.0,134.0,214.0,1411.0,0.0027,EXP_WEB_ENV_LOW_LATENCY_SESS_0079.pcap
NAT_ENH_EXP_WEB_ENV_LOW_LATENCY_SESS_W0010,DS1_NATIVE_IPSEC_ENHANCED,1,EXP_WEB_ENV_LOW,GRP_EXP_WEB_ENV_LOW_LATENCY_SESS,LATENCY_SESS,10,WEB,ENV_LOW,2.867703,63.4654,17847.7326,0.015844,0.043093,281.22,412.7,66.0,1478.0,134.0,134.0,214.0,1411.0,0.0027,EXP_WEB_ENV_LOW_LATENCY_SESS_0079.pcap
NAT_ENH_EXP_WEB_ENV_LOW_LATENCY_SESS_W0011,DS1_NATIVE_IPSEC_ENHANCED,1,EXP_WEB_ENV_LOW,GRP_EXP_WEB_ENV_LOW_LATENCY_SESS,LATENCY_SESS,11,WEB,ENV_LOW,2.905486,68.1469,19258.3969,0.014749,0.041728,282.6,414.73,66.0,1478.0,134.0,134.0,214.0,1411.0,0.0013,EXP_WEB_ENV_LOW_LATENCY_SESS_0079.pcap
NAT_ENH_EXP_WEB_ENV_LOW_LATENCY_SESS_W0012,DS1_NATIVE_IPSEC_ENHANCED,1,EXP_WEB_ENV_LOW,GRP_EXP_WEB_ENV_LOW_LATENCY_SESS,LATENCY_SESS,12,WEB,ENV_LOW,2.916953,66.8506,18090.1107,0.015036,0.041841,270.61,400.8,66.0,1478.0,126.0,134.0,214.0,964.1999999999937,0.2347,EXP_WEB_ENV_LOW_LATENCY_SESS_0079.pcap
NAT_ENH_EXP_WEB_ENV_LOW_LATENCY_SESS_W0013,DS1_NATIVE_IPSEC_ENHANCED,1,EXP_WEB_ENV_LOW,GRP_EXP_WEB_ENV_LOW_LATENCY_SESS,LATENCY_SESS,13,WEB,ENV_LOW,2.82259,70.8569,19911.8549,0.014184,0.040469,281.01,412.95,66.0,1478.0,130.0,134.0,214.0,1411.0,0.2182,EXP_WEB_ENV_LOW_LATENCY_SESS_0079.pcap
NAT_ENH_EXP_WEB_ENV_LOW_LATENCY_SESS_W0000,DS1_NATIVE_IPSEC_ENHANCED,1,EXP_WEB_ENV_LOW,GRP_EXP_WEB_ENV_LOW_LATENCY_SESS,LATENCY_SESS,0,WEB,ENV_LOW,2.956675,16.2345,3784.6567,0.062908,0.150429,233.12,369.53,42.0,1478.0,83.0,134.0,134.0,294.0,0.0729,EXP_WEB_ENV_LOW_LATENCY_SESS_0080.pcap
NAT_ENH_EXP_WEB_ENV_LOW_LATENCY_SESS_W0001,DS1_NATIVE_IPSEC_ENHANCED,1,EXP_WEB_ENV_LOW,GRP_EXP_WEB_ENV_LOW_LATENCY_SESS,LATENCY_SESS,1,WEB,ENV_LOW,2.562346,28.4895,6712.9888,0.035588,0.101526,235.63,366.05,42.0,1478.0,74.0,134.0,134.0,294.0,0.0351,EXP_WEB_ENV_LOW_LATENCY_SESS_0080.pcap
NAT_ENH_EXP_WEB_ENV_LOW_LATENCY_SESS_W0002,DS1_NATIVE_IPSEC_ENHANCED,1,EXP_WEB_ENV_LOW,GRP_EXP_WEB_ENV_LOW_LATENCY_SESS,LATENCY_SESS,2,WEB,ENV_LOW,2.602991,36.8806,9967.3794,0.0274,0.084824,270.26,404.55,42.0,1478.0,90.0,134.0,214.0,852.5,0.0166,EXP_WEB_ENV_LOW_LATENCY_SESS_0080.pcap
NAT_ENH_EXP_WEB_ENV_LOW_LATENCY_SESS_W0003,DS1_NATIVE_IPSEC_ENHANCED,1,EXP_WEB_ENV_LOW,GRP_EXP_WEB_ENV_LOW_LATENCY_SESS,LATENCY_SESS,3,WEB,ENV_LOW,2.645616,51.0278,13805.8594,0.019743,0.069548,270.56,403.38,42.0,1478.0,118.0,134.0,214.0,964.2000000000096,0.0048,EXP_WEB_ENV_LOW_LATENCY_SESS_0080.pcap
NAT_ENH_EXP_WEB_ENV_LOW_LATENCY_SESS_W0004,DS1_NATIVE_IPSEC_ENHANCED,1,EXP_WEB_ENV_LOW,GRP_EXP_WEB_ENV_LOW_LATENCY_SESS,LATENCY_SESS,4,WEB,ENV_LOW,2.548394,68.6707,18495.9628,0.014646,0.041226,269.34,401.96,42.0,1478.0,118.0,134.0,214.0,964.1999999999937,0.0033,EXP_WEB_ENV_LOW_LATENCY_SESS_0080.pcap
NAT_ENH_EXP_WEB_ENV_LOW_LATENCY_SESS_W0005,DS1_NATIVE_IPSEC_ENHANCED,1,EXP_WEB_ENV_LOW,GRP_EXP_WEB_ENV_LOW_LATENCY_SESS,LATENCY_SESS,5,WEB,ENV_LOW,2.821181,72.6646,20084.1416,0.013829,0.03895,276.4,408.96,66.0,1478.0,118.0,134.0,214.0,1411.0,0.0025,EXP_WEB_ENV_LOW_LATENCY_SESS_0080.pcap
NAT_ENH_EXP_WEB_ENV_LOW_LATENCY_SESS_W0006,DS1_NATIVE_IPSEC_ENHANCED,1,EXP_WEB_ENV_LOW,GRP_EXP_WEB_ENV_LOW_LATENCY_SESS,LATENCY_SESS,6,WEB,ENV_LOW,2.762821,76.7332,20830.521,0.013094,0.036667,271.47,403.12,66.0,1478.0,118.0,134.0,214.0,1299.3000000000063,0.0024,EXP_WEB_ENV_LOW_LATENCY_SESS_0080.pcap
NAT_ENH_EXP_WEB_ENV_LOW_LATENCY_SESS_W0007,DS1_NATIVE_IPSEC_ENHANCED,1,EXP_WEB_ENV_LOW,GRP_EXP_WEB_ENV_LOW_LATENCY_SESS,LATENCY_SESS,7,WEB,ENV_LOW,2.826431,73.591,20220.1997,0.013654,0.038096,274.76,406.24,66.0,1478.0,118.0,134.0,214.0,1411.0,0.0025,EXP_WEB_ENV_LOW_LATENCY_SESS_0080.pcap
NAT_ENH_EXP_WEB_ENV_LOW_LATENCY_SESS_W0008,DS1_NATIVE_IPSEC_ENHANCED,1,EXP_WEB_ENV_LOW,GRP_EXP_WEB_ENV_LOW_LATENCY_SESS,LATENCY_SESS,8,WEB,ENV_LOW,2.942838,76.4568,20074.8396,0.013138,0.037311,262.56,393.06,66.0,1478.0,118.0,134.0,134.0,294.0,0.0024,EXP_WEB_ENV_LOW_LATENCY_SESS_0080.pcap
NAT_ENH_EXP_WEB_ENV_LOW_LATENCY_SESS_W0009,DS1_NATIVE_IPSEC_ENHANCED,1,EXP_WEB_ENV_LOW,GRP_EXP_WEB_ENV_LOW_LATENCY_SESS,LATENCY_SESS,9,WEB,ENV_LOW,2.762544,73.845,19424.8479,0.013609,0.038614,263.05,393.48,66.0,1478.0,118.0,134.0,154.0,294.0,0.0026,EXP_WEB_ENV_LOW_LATENCY_SESS_0080.pcap
NAT_ENH_EXP_WEB_ENV_LOW_LATENCY_SESS_W0010,DS1_NATIVE_IPSEC_ENHANCED,1,EXP_WEB_ENV_LOW,GRP_EXP_WEB_ENV_LOW_LATENCY_SESS,LATENCY_SESS,10,WEB,ENV_LOW,2.87338,70.3005,18610.1374,0.014295,0.041585,264.72,395.05,66.0,1478.0,118.0,134.0,194.0,294.0,0.0013,EXP_WEB_ENV_LOW_LATENCY_SESS_0080.pcap
NAT_ENH_EXP_WEB_ENV_LOW_LATENCY_SESS_W0011,DS1_NATIVE_IPSEC_ENHANCED,1,EXP_WEB_ENV_LOW,GRP_EXP_WEB_ENV_LOW_LATENCY_SESS,LATENCY_SESS,11,WEB,ENV_LOW,2.931775,66.1715,17912.0166,0.015191,0.044072,270.69,401.89,66.0,1478.0,118.0,134.0,214.0,1075.9000000000192,0.229,EXP_WEB_ENV_LOW_LATENCY_SESS_0080.pcap
NAT_ENH_EXP_WEB_ENV_LOW_LATENCY_SESS_W0012,DS1_NATIVE_IPSEC_ENHANCED,1,EXP_WEB_ENV_LOW,GRP_EXP_WEB_ENV_LOW_LATENCY_SESS,LATENCY_SESS,12,WEB,ENV_LOW,2.803955,63.1251,16940.0003,0.015932,0.04618,268.36,399.67,66.0,1478.0,118.0,134.0,214.0,740.8000000000063,0.2268,EXP_WEB_ENV_LOW_LATENCY_SESS_0080.pcap
NAT_ENH_EXP_WEB_ENV_LOW_LATENCY_SESS_W0013,DS1_NATIVE_IPSEC_ENHANCED,1,EXP_WEB_ENV_LOW,GRP_EXP_WEB_ENV_LOW_LATENCY_SESS,LATENCY_SESS,13,WEB,ENV_LOW,2.841019,63.3575,16830.9319,0.015872,0.046078,265.65,396.89,66.0,1478.0,118.0,134.0,154.0,405.6999999999937,0.2287,EXP_WEB_ENV_LOW_LATENCY_SESS_0080.pcap
NAT_ENH_EXP_WEB_ENV_LOW_LATENCY_SESS_W0000,DS1_NATIVE_IPSEC_ENHANCED,1,EXP_WEB_ENV_LOW,GRP_EXP_WEB_ENV_LOW_LATENCY_SESS,LATENCY_SESS,0,WEB,ENV_LOW,2.94906,4.7473,391.9893,0.226851,0.345629,82.57,24.88,42.0,134.0,70.0,90.0,90.0,109.60000000000002,2.7778,EXP_WEB_ENV_LOW_LATENCY_SESS_0081.pcap
NAT_ENH_EXP_WEB_ENV_LOW_LATENCY_SESS_W0001,DS1_NATIVE_IPSEC_ENHANCED,1,EXP_WEB_ENV_LOW,GRP_EXP_WEB_ENV_LOW_LATENCY_SESS,LATENCY_SESS,1,WEB,ENV_LOW,2.758695,18.1245,4133.1135,0.0563,0.191229,228.04,363.06,42.0,1478.0,74.0,134.0,134.0,294.0,0.054,EXP_WEB_ENV_LOW_LATENCY_SESS_0081.pcap
NAT_ENH_EXP_WEB_ENV_LOW_LATENCY_SESS_W0002,DS1_NATIVE_IPSEC_ENHANCED,1,EXP_WEB_ENV_LOW,GRP_EXP_WEB_ENV_LOW_LATENCY_SESS,LATENCY_SESS,2,WEB,ENV_LOW,2.876008,26.7732,6239.5519,0.037842,0.149932,233.05,357.09,42.0,1478.0,74.0,134.0,134.0,294.0,0.0242,EXP_WEB_ENV_LOW_LATENCY_SESS_0081.pcap
NAT_ENH_EXP_WEB_ENV_LOW_LATENCY_SESS_W0003,DS1_NATIVE_IPSEC_ENHANCED,1,EXP_WEB_ENV_LOW,GRP_EXP_WEB_ENV_LOW_LATENCY_SESS,LATENCY_SESS,3,WEB,ENV_LOW,2.548475,41.5935,10662.4549,0.024271,0.109598,256.35,387.66,42.0,1478.0,97.0,134.0,134.0,294.0,0.0064,EXP_WEB_ENV_LOW_LATENCY_SESS_0081.pcap
NAT_ENH_EXP_WEB_ENV_LOW_LATENCY_SESS_W0004,DS1_NATIVE_IPSEC_ENHANCED,1,EXP_WEB_ENV_LOW,GRP_EXP_WEB_ENV_LOW_LATENCY_SESS,LATENCY_SESS,4,WEB,ENV_LOW,2.043383,69.0032,18213.4224,0.014596,0.03723,263.95,396.13,42.0,1478.0,118.0,134.0,214.0,294.0,0.0061,EXP_WEB_ENV_LOW_LATENCY_SESS_0081.pcap
NAT_ENH_EXP_WEB_ENV_LOW_LATENCY_SESS_W0005,DS1_NATIVE_IPSEC_ENHANCED,1,EXP_WEB_ENV_LOW,GRP_EXP_WEB_ENV_LOW_LATENCY_SESS,LATENCY_SESS,5,WEB,ENV_LOW,2.520133,70.2344,18812.8958,0.014319,0.037213,267.86,400.03,42.0,1478.0,118.0,134.0,214.0,740.8000000000063,0.0047,EXP_WEB_ENV_LOW_LATENCY_SESS_0081.pcap
NAT_ENH_EXP_WEB_ENV_LOW_LATENCY_SESS_W0006,DS1_NATIVE_IPSEC_ENHANCED,1,EXP_WEB_ENV_LOW,GRP_EXP_WEB_ENV_LOW_LATENCY_SESS,LATENCY_SESS,6,WEB,ENV_LOW,2.932954,75.6916,21062.725,0.013271,0.035138,278.27,410.01,66.0,1478.0,134.0,134.0,214.0,1411.0,0.0023,EXP_WEB_ENV_LOW_LATENCY_SESS_0081.pcap
NAT_ENH_EXP_WEB_ENV_LOW_LATENCY_SESS_W0007,DS1_NATIVE_IPSEC_ENHANCED,1,EXP_WEB_ENV_LOW,GRP_EXP_WEB_ENV_LOW_LATENCY_SESS,LATENCY_SESS,7,WEB,ENV_LOW,2.963754,76.2546,20999.0442,0.013172,0.034269,275.38,406.95,66.0,1478.0,134.0,134.0,214.0,1411.0,0.0023,EXP_WEB_ENV_LOW_LATENCY_SESS_0081.pcap
NAT_ENH_EXP_WEB_ENV_LOW_LATENCY_SESS_W0000,DS1_NATIVE_IPSEC_ENHANCED,1,EXP_WEB_ENV_LOW,GRP_EXP_WEB_ENV_LOW_LATENCY_SESS,LATENCY_SESS,0,WEB,ENV_LOW,2.985109,18.4248,4026.6538,0.05528,0.154566,218.55,347.76,42.0,1478.0,80.0,134.0,134.0,265.2000000000001,0.0844,EXP_WEB_ENV_LOW_LATENCY_SESS_0082.pcap
NAT_ENH_EXP_WEB_ENV_LOW_LATENCY_SESS_W0001,DS1_NATIVE_IPSEC_ENHANCED,1,EXP_WEB_ENV_LOW,GRP_EXP_WEB_ENV_LOW_LATENCY_SESS,LATENCY_SESS,1,WEB,ENV_LOW,2.085025,39.3281,10171.5803,0.025741,0.068567,258.63,394.11,42.0,1478.0,90.0,134.0,134.0,294.0,0.0283,EXP_WEB_ENV_LOW_LATENCY_SESS_0082.pcap
NAT_ENH_EXP_WEB_ENV_LOW_LATENCY_SESS_W0002,DS1_NATIVE_IPSEC_ENHANCED,1,EXP_WEB_ENV_LOW,GRP_EXP_WEB_ENV_LOW_LATENCY_SESS,LATENCY_SESS,2,WEB,ENV_LOW,2.553836,44.6387,12139.3851,0.0226,0.061589,271.95,406.31,42.0,1478.0,90.0,134.0,214.0,1075.9000000000033,0.0192,EXP_WEB_ENV_LOW_LATENCY_SESS_0082.pcap
NAT_ENH_EXP_WEB_ENV_LOW_LATENCY_SESS_W0003,DS1_NATIVE_IPSEC_ENHANCED,1,EXP_WEB_ENV_LOW,GRP_EXP_WEB_ENV_LOW_LATENCY_SESS,LATENCY_SESS,3,WEB,ENV_LOW,2.634514,52.3816,14039.4011,0.01923,0.053766,268.02,399.39,42.0,1478.0,118.0,134.0,214.0,629.0999999999968,0.0072,EXP_WEB_ENV_LOW_LATENCY_SESS_0082.pcap
NAT_ENH_EXP_WEB_ENV_LOW_LATENCY_SESS_W0004,DS1_NATIVE_IPSEC_ENHANCED,1,EXP_WEB_ENV_LOW,GRP_EXP_WEB_ENV_LOW_LATENCY_SESS,LATENCY_SESS,4,WEB,ENV_LOW,2.872163,59.1888,16245.9453,0.016995,0.045045,274.48,406.66,42.0,1478.0,122.0,134.0,214.0,1411.0,0.0037,EXP_WEB_ENV_LOW_LATENCY_SESS_0082.pcap
NAT_ENH_EXP_WEB_ENV_LOW_LATENCY_SESS_W0005,DS1_NATIVE_IPSEC_ENHANCED,1,EXP_WEB_ENV_LOW,GRP_EXP_WEB_ENV_LOW_LATENCY_SESS,LATENCY_SESS,5,WEB,ENV_LOW,2.891011,65.0292,17923.8336,0.01546,0.042537,275.63,407.26,66.0,1478.0,118.0,134.0,214.0,1411.0,0.0027,EXP_WEB_ENV_LOW_LATENCY_SESS_0082.pcap
NAT_ENH_EXP_WEB_ENV_LOW_LATENCY_SESS_W0006,DS1_NATIVE_IPSEC_ENHANCED,1,EXP_WEB_ENV_LOW,GRP_EXP_WEB_ENV_LOW_LATENCY_SESS,LATENCY_SESS,6,WEB,ENV_LOW,2.835769,66.2959,18272.9964,0.015165,0.041614,275.63,407.26,66.0,1478.0,118.0,134.0,214.0,1411.0,0.0027,EXP_WEB_ENV_LOW_LATENCY_SESS_0082.pcap
NAT_ENH_EXP_WEB_ENV_LOW_LATENCY_SESS_W0007,DS1_NATIVE_IPSEC_ENHANCED,1,EXP_WEB_ENV_LOW,GRP_EXP_WEB_ENV_LOW_LATENCY_SESS,LATENCY_SESS,7,WEB,ENV_LOW,2.834819,67.0237,18349.6719,0.014999,0.04142,273.78,405.52,66.0,1478.0,118.0,134.0,214.0,1411.0,0.0027,EXP_WEB_ENV_LOW_LATENCY_SESS_0082.pcap
NAT_ENH_EXP_WEB_ENV_LOW_LATENCY_SESS_W0008,DS1_NATIVE_IPSEC_ENHANCED,1,EXP_WEB_ENV_LOW,GRP_EXP_WEB_ENV_LOW_LATENCY_SESS,LATENCY_SESS,8,WEB,ENV_LOW,2.763148,64.7812,17240.8423,0.015523,0.043656,266.14,397.98,66.0,1478.0,118.0,134.0,174.0,517.4000000000191,0.0029,EXP_WEB_ENV_LOW_LATENCY_SESS_0082.pcap
NAT_ENH_EXP_WEB_ENV_LOW_LATENCY_SESS_W0009,DS1_NATIVE_IPSEC_ENHANCED,1,EXP_WEB_ENV_LOW,GRP_EXP_WEB_ENV_LOW_LATENCY_SESS,LATENCY_SESS,9,WEB,ENV_LOW,2.891274,65.3691,17903.5264,0.015379,0.042899,273.88,406.65,66.0,1478.0,118.0,134.0,214.0,1411.0,0.0027,EXP_WEB_ENV_LOW_LATENCY_SESS_0082.pcap
NAT_ENH_EXP_WEB_ENV_LOW_LATENCY_SESS_W0010,DS1_NATIVE_IPSEC_ENHANCED,1,EXP_WEB_ENV_LOW,GRP_EXP_WEB_ENV_LOW_LATENCY_SESS,LATENCY_SESS,10,WEB,ENV_LOW,2.893618,63.5882,16693.6334,0.015812,0.043994,262.53,393.21,66.0,1478.0,118.0,134.0,154.0,294.0,0.0029,EXP_WEB_ENV_LOW_LATENCY_SESS_0082.pcap
NAT_ENH_EXP_WEB_ENV_LOW_LATENCY_SESS_W0011,DS1_NATIVE_IPSEC_ENHANCED,1,EXP_WEB_ENV_LOW,GRP_EXP_WEB_ENV_LOW_LATENCY_SESS,LATENCY_SESS,11,WEB,ENV_LOW,2.855803,64.7804,16985.4152,0.015521,0.043774,262.2,392.11,66.0,1478.0,118.0,134.0,134.0,294.0,0.2398,EXP_WEB_ENV_LOW_LATENCY_SESS_0082.pcap
NAT_ENH_EXP_WEB_ENV_LOW_LATENCY_SESS_W0012,DS1_NATIVE_IPSEC_ENHANCED,1,EXP_WEB_ENV_LOW,GRP_EXP_WEB_ENV_LOW_LATENCY_SESS,LATENCY_SESS,12,WEB,ENV_LOW,2.83378,66.3425,18259.0051,0.015154,0.043062,275.22,407.35,66.0,1478.0,118.0,134.0,214.0,1411.0,0.2226,EXP_WEB_ENV_LOW_LATENCY_SESS_0082.pcap
NAT_ENH_EXP_WEB_ENV_LOW_LATENCY_SESS_W0013,DS1_NATIVE_IPSEC_ENHANCED,1,EXP_WEB_ENV_LOW,GRP_EXP_WEB_ENV_LOW_LATENCY_SESS,LATENCY_SESS,13,WEB,ENV_LOW,2.769666,65.7119,17398.8491,0.015302,0.043506,264.77,394.79,66.0,1478.0,118.0,134.0,194.0,294.0,0.238,EXP_WEB_ENV_LOW_LATENCY_SESS_0082.pcap
NAT_ENH_EXP_WEB_ENV_LOW_LATENCY_SESS_W0000,DS1_NATIVE_IPSEC_ENHANCED,1,EXP_WEB_ENV_LOW,GRP_EXP_WEB_ENV_LOW_LATENCY_SESS,LATENCY_SESS,0,WEB,ENV_LOW,2.998541,29.0141,7234.8522,0.034867,0.085582,249.36,384.51,42.0,1478.0,86.0,134.0,134.0,294.0,0.0406,EXP_WEB_ENV_LOW_LATENCY_SESS_0083.pcap
NAT_ENH_EXP_WEB_ENV_LOW_LATENCY_SESS_W0001,DS1_NATIVE_IPSEC_ENHANCED,1,EXP_WEB_ENV_LOW,GRP_EXP_WEB_ENV_LOW_LATENCY_SESS,LATENCY_SESS,1,WEB,ENV_LOW,2.831831,40.9629,11008.4254,0.024625,0.068639,268.74,403.54,42.0,1478.0,90.0,134.0,214.0,852.5,0.0221,EXP_WEB_ENV_LOW_LATENCY_SESS_0083.pcap
NAT_ENH_EXP_WEB_ENV_LOW_LATENCY_SESS_W0002,DS1_NATIVE_IPSEC_ENHANCED,1,EXP_WEB_ENV_LOW,GRP_EXP_WEB_ENV_LOW_LATENCY_SESS,LATENCY_SESS,2,WEB,ENV_LOW,2.932925,48.7568,12748.0246,0.020654,0.055968,261.46,393.88,42.0,1478.0,90.0,134.0,174.0,294.0,0.0159,EXP_WEB_ENV_LOW_LATENCY_SESS_0083.pcap
NAT_ENH_EXP_WEB_ENV_LOW_LATENCY_SESS_W0003,DS1_NATIVE_IPSEC_ENHANCED,1,EXP_WEB_ENV_LOW,GRP_EXP_WEB_ENV_LOW_LATENCY_SESS,LATENCY_SESS,3,WEB,ENV_LOW,2.907165,59.8521,16229.2127,0.016804,0.045559,271.16,402.63,42.0,1478.0,122.0,134.0,214.0,1075.9000000000192,0.0056,EXP_WEB_ENV_LOW_LATENCY_SESS_0083.pcap
NAT_ENH_EXP_WEB_ENV_LOW_LATENCY_SESS_W0004,DS1_NATIVE_IPSEC_ENHANCED,1,EXP_WEB_ENV_LOW,GRP_EXP_WEB_ENV_LOW_LATENCY_SESS,LATENCY_SESS,4,WEB,ENV_LOW,2.900809,65.499,17981.8799,0.015348,0.041381,274.54,405.2,66.0,1478.0,134.0,134.0,214.0,1411.0,0.2323,EXP_WEB_ENV_LOW_LATENCY_SESS_0083.pcap
NAT_ENH_EXP_WEB_ENV_LOW_LATENCY_SESS_W0005,DS1_NATIVE_IPSEC_ENHANCED,1,EXP_WEB_ENV_LOW,GRP_EXP_WEB_ENV_LOW_LATENCY_SESS,LATENCY_SESS,5,WEB,ENV_LOW,2.918103,67.5096,19134.6914,0.014888,0.040417,283.44,415.61,66.0,1478.0,134.0,134.0,214.0,1411.0,0.0013,EXP_WEB_ENV_LOW_LATENCY_SESS_0083.pcap
NAT_ENH_EXP_WEB_ENV_LOW_LATENCY_SESS_W0006,DS1_NATIVE_IPSEC_ENHANCED,1,EXP_WEB_ENV_LOW,GRP_EXP_WEB_ENV_LOW_LATENCY_SESS,LATENCY_SESS,6,WEB,ENV_LOW,2.810392,70.4528,18846.4819,0.014266,0.038616,267.51,398.53,66.0,1478.0,118.0,134.0,214.0,629.1000000000126,0.0027,EXP_WEB_ENV_LOW_LATENCY_SESS_0083.pcap
NAT_ENH_EXP_WEB_ENV_LOW_LATENCY_SESS_W0007,DS1_NATIVE_IPSEC_ENHANCED,1,EXP_WEB_ENV_LOW,GRP_EXP_WEB_ENV_LOW_LATENCY_SESS,LATENCY_SESS,7,WEB,ENV_LOW,2.859803,65.7388,17039.2858,0.015293,0.049857,259.2,389.69,66.0,1478.0,118.0,134.0,134.0,294.0,0.0029,EXP_WEB_ENV_LOW_LATENCY_SESS_0083.pcap
NAT_ENH_EXP_WEB_ENV_LOW_LATENCY_SESS_W0008,DS1_NATIVE_IPSEC_ENHANCED,1,EXP_WEB_ENV_LOW,GRP_EXP_WEB_ENV_LOW_LATENCY_SESS,LATENCY_SESS,8,WEB,ENV_LOW,2.902132,68.5703,18240.3831,0.014657,0.047856,266.01,397.91,66.0,1478.0,118.0,134.0,174.0,517.4000000000191,0.0027,EXP_WEB_ENV_LOW_LATENCY_SESS_0083.pcap
NAT_ENH_EXP_WEB_ENV_LOW_LATENCY_SESS_W0009,DS1_NATIVE_IPSEC_ENHANCED,1,EXP_WEB_ENV_LOW,GRP_EXP_WEB_ENV_LOW_LATENCY_SESS,LATENCY_SESS,9,WEB,ENV_LOW,2.835663,67.3564,18312.4733,0.014925,0.048923,271.87,405.01,66.0,1478.0,118.0,134.0,214.0,1411.0,0.0027,EXP_WEB_ENV_LOW_LATENCY_SESS_0083.pcap
NAT_ENH_EXP_WEB_ENV_LOW_LATENCY_SESS_W0000,DS1_NATIVE_IPSEC_ENHANCED,1,EXP_WEB_ENV_LOW,GRP_EXP_WEB_ENV_LOW_LATENCY_SESS,LATENCY_SESS,0,WEB,ENV_LOW,2.884586,7.9734,778.6212,0.131118,0.268481,97.65,38.76,42.0,214.0,70.0,90.0,134.0,134.0,0.6089,EXP_WEB_ENV_LOW_LATENCY_SESS_0084.pcap
NAT_ENH_EXP_WEB_ENV_LOW_LATENCY_SESS_W0001,DS1_NATIVE_IPSEC_ENHANCED,1,EXP_WEB_ENV_LOW,GRP_EXP_WEB_ENV_LOW_LATENCY_SESS,LATENCY_SESS,1,WEB,ENV_LOW,2.489205,24.9076,5146.2216,0.040807,0.14296,206.61,329.47,42.0,1478.0,74.0,134.0,134.0,222.0,0.0478,EXP_WEB_ENV_LOW_LATENCY_SESS_0084.pcap
NAT_ENH_EXP_WEB_ENV_LOW_LATENCY_SESS_W0002,DS1_NATIVE_IPSEC_ENHANCED,1,EXP_WEB_ENV_LOW,GRP_EXP_WEB_ENV_LOW_LATENCY_SESS,LATENCY_SESS,2,WEB,ENV_LOW,2.98985,29.0984,7234.4765,0.034766,0.124061,248.62,384.82,42.0,1478.0,74.0,134.0,134.0,294.0,0.0277,EXP_WEB_ENV_LOW_LATENCY_SESS_0084.pcap
NAT_ENH_EXP_WEB_ENV_LOW_LATENCY_SESS_W0003,DS1_NATIVE_IPSEC_ENHANCED,1,EXP_WEB_ENV_LOW,GRP_EXP_WEB_ENV_LOW_LATENCY_SESS,LATENCY_SESS,3,WEB,ENV_LOW,2.479247,50.4185,13008.7881,0.019994,0.082708,258.02,390.73,42.0,1478.0,118.0,134.0,134.0,294.0,0.0054,EXP_WEB_ENV_LOW_LATENCY_SESS_0084.pcap
NAT_ENH_EXP_WEB_ENV_LOW_LATENCY_SESS_W0004,DS1_NATIVE_IPSEC_ENHANCED,1,EXP_WEB_ENV_LOW,GRP_EXP_WEB_ENV_LOW_LATENCY_SESS,LATENCY_SESS,4,WEB,ENV_LOW,2.215491,71.7674,19059.4335,0.014022,0.039954,265.57,398.42,42.0,1478.0,118.0,134.0,174.0,517.4000000000191,0.0037,EXP_WEB_ENV_LOW_LATENCY_SESS_0084.pcap
NAT_ENH_EXP_WEB_ENV_LOW_LATENCY_SESS_W0005,DS1_NATIVE_IPSEC_ENHANCED,1,EXP_WEB_ENV_LOW,GRP_EXP_WEB_ENV_LOW_LATENCY_SESS,LATENCY_SESS,5,WEB,ENV_LOW,2.72251,70.5232,19133.0804,0.014254,0.039382,271.3,404.12,42.0,1478.0,118.0,134.0,214.0,1299.3000000000063,0.0043,EXP_WEB_ENV_LOW_LATENCY_SESS_0084.pcap
NAT_ENH_EXP_WEB_ENV_LOW_LATENCY_SESS_W0006,DS1_NATIVE_IPSEC_ENHANCED,1,EXP_WEB_ENV_LOW,GRP_EXP_WEB_ENV_LOW_LATENCY_SESS,LATENCY_SESS,6,WEB,ENV_LOW,2.83091,79.4797,21947.0067,0.012638,0.034904,276.13,407.68,66.0,1478.0,118.0,134.0,214.0,1411.0,0.0023,EXP_WEB_ENV_LOW_LATENCY_SESS_0084.pcap
NAT_ENH_EXP_WEB_ENV_LOW_LATENCY_SESS_W0007,DS1_NATIVE_IPSEC_ENHANCED,1,EXP_WEB_ENV_LOW,GRP_EXP_WEB_ENV_LOW_LATENCY_SESS,LATENCY_SESS,7,WEB,ENV_LOW,2.758094,87.7417,24344.7099,0.011444,0.030016,277.46,408.84,66.0,1478.0,122.0,134.0,214.0,1411.0,0.0021,EXP_WEB_ENV_LOW_LATENCY_SESS_0084.pcap
NAT_ENH_EXP_WEB_ENV_LOW_LATENCY_SESS_W0008,DS1_NATIVE_IPSEC_ENHANCED,1,EXP_WEB_ENV_LOW,GRP_EXP_WEB_ENV_LOW_LATENCY_SESS,LATENCY_SESS,8,WEB,ENV_LOW,2.990615,90.2824,24550.804,0.011118,0.028026,271.93,402.76,66.0,1478.0,118.0,134.0,214.0,1411.0,0.0019,EXP_WEB_ENV_LOW_LATENCY_SESS_0084.pcap
NAT_ENH_EXP_WEB_ENV_LOW_LATENCY_SESS_W0009,DS1_NATIVE_IPSEC_ENHANCED,1,EXP_WEB_ENV_LOW,GRP_EXP_WEB_ENV_LOW_LATENCY_SESS,LATENCY_SESS,9,WEB,ENV_LOW,2.957683,95.3449,26295.9229,0.010526,0.026816,275.8,407.18,66.0,1478.0,118.0,134.0,214.0,1411.0,0.0018,EXP_WEB_ENV_LOW_LATENCY_SESS_0084.pcap
NAT_ENH_EXP_WEB_ENV_LOW_LATENCY_SESS_W0010,DS1_NATIVE_IPSEC_ENHANCED,1,EXP_WEB_ENV_LOW,GRP_EXP_WEB_ENV_LOW_LATENCY_SESS,LATENCY_SESS,10,WEB,ENV_LOW,2.883168,101.6243,27439.6083,0.009874,0.024826,270.01,400.62,66.0,1478.0,118.0,134.0,214.0,1187.6000000000126,0.0009,EXP_WEB_ENV_LOW_LATENCY_SESS_0084.pcap
NAT_ENH_EXP_WEB_ENV_LOW_LATENCY_SESS_W0011,DS1_NATIVE_IPSEC_ENHANCED,1,EXP_WEB_ENV_LOW,GRP_EXP_WEB_ENV_LOW_LATENCY_SESS,LATENCY_SESS,11,WEB,ENV_LOW,2.938567,106.1742,28654.7838,0.009449,0.023893,269.88,401.02,66.0,1478.0,118.0,134.0,214.0,1299.3000000000382,0.2309,EXP_WEB_ENV_LOW_LATENCY_SESS_0084.pcap
NAT_ENH_EXP_WEB_ENV_LOW_LATENCY_SESS_W0012,DS1_NATIVE_IPSEC_ENHANCED,1,EXP_WEB_ENV_LOW,GRP_EXP_WEB_ENV_LOW_LATENCY_SESS,LATENCY_SESS,12,WEB,ENV_LOW,2.972373,106.3124,28463.4532,0.009436,0.024144,267.73,398.94,66.0,1478.0,118.0,134.0,214.0,852.5,0.2296,EXP_WEB_ENV_LOW_LATENCY_SESS_0084.pcap
NAT_ENH_EXP_WEB_ENV_LOW_LATENCY_SESS_W0013,DS1_NATIVE_IPSEC_ENHANCED,1,EXP_WEB_ENV_LOW,GRP_EXP_WEB_ENV_LOW_LATENCY_SESS,LATENCY_SESS,13,WEB,ENV_LOW,2.96484,99.8368,26737.0252,0.01005,0.026466,267.81,399.11,66.0,1478.0,118.0,134.0,214.0,852.5,0.2272,EXP_WEB_ENV_LOW_LATENCY_SESS_0084.pcap
NAT_ENH_EXP_WEB_ENV_LOW_LATENCY_SESS_W0000,DS1_NATIVE_IPSEC_ENHANCED,1,EXP_WEB_ENV_LOW,GRP_EXP_WEB_ENV_LOW_LATENCY_SESS,LATENCY_SESS,0,WEB,ENV_LOW,2.949685,18.6461,4075.0113,0.054624,0.151778,218.55,347.76,42.0,1478.0,80.0,134.0,134.0,265.2000000000001,0.0844,EXP_WEB_ENV_LOW_LATENCY_SESS_0085.pcap
NAT_ENH_EXP_WEB_ENV_LOW_LATENCY_SESS_W0001,DS1_NATIVE_IPSEC_ENHANCED,1,EXP_WEB_ENV_LOW,GRP_EXP_WEB_ENV_LOW_LATENCY_SESS,LATENCY_SESS,1,WEB,ENV_LOW,2.194835,41.0054,10105.5435,0.024661,0.086587,246.44,378.47,42.0,1478.0,78.0,134.0,134.0,294.0,0.027,EXP_WEB_ENV_LOW_LATENCY_SESS_0085.pcap
NAT_ENH_EXP_WEB_ENV_LOW_LATENCY_SESS_W0002,DS1_NATIVE_IPSEC_ENHANCED,1,EXP_WEB_ENV_LOW,GRP_EXP_WEB_ENV_LOW_LATENCY_SESS,LATENCY_SESS,2,WEB,ENV_LOW,2.751703,51.241,13452.3965,0.019655,0.071459,262.53,396.56,42.0,1478.0,90.0,134.0,134.0,294.0,0.016,EXP_WEB_ENV_LOW_LATENCY_SESS_0085.pcap
NAT_ENH_EXP_WEB_ENV_LOW_LATENCY_SESS_W0003,DS1_NATIVE_IPSEC_ENHANCED,1,EXP_WEB_ENV_LOW,GRP_EXP_WEB_ENV_LOW_LATENCY_SESS,LATENCY_SESS,3,WEB,ENV_LOW,2.285224,76.5789,20618.9856,0.013133,0.040571,269.25,402.0,42.0,1478.0,118.0,134.0,214.0,964.1999999999937,0.0037,EXP_WEB_ENV_LOW_LATENCY_SESS_0085.pcap
NAT_ENH_EXP_WEB_ENV_LOW_LATENCY_SESS_W0004,DS1_NATIVE_IPSEC_ENHANCED,1,EXP_WEB_ENV_LOW,GRP_EXP_WEB_ENV_LOW_LATENCY_SESS,LATENCY_SESS,4,WEB,ENV_LOW,2.866249,76.4065,20347.4989,0.013148,0.039234,266.31,397.78,42.0,1478.0,118.0,134.0,214.0,517.4000000000191,0.003,EXP_WEB_ENV_LOW_LATENCY_SESS_0085.pcap
NAT_ENH_EXP_WEB_ENV_LOW_LATENCY_SESS_W0005,DS1_NATIVE_IPSEC_ENHANCED,1,EXP_WEB_ENV_LOW,GRP_EXP_WEB_ENV_LOW_LATENCY_SESS,LATENCY_SESS,5,WEB,ENV_LOW,2.94844,86.1472,23242.4598,0.011654,0.030623,269.8,400.67,66.0,1478.0,122.0,134.0,214.0,1075.9000000000192,0.001,EXP_WEB_ENV_LOW_LATENCY_SESS_0085.pcap
NAT_ENH_EXP_WEB_ENV_LOW_LATENCY_SESS_W0006,DS1_NATIVE_IPSEC_ENHANCED,1,EXP_WEB_ENV_LOW,GRP_EXP_WEB_ENV_LOW_LATENCY_SESS,LATENCY_SESS,6,WEB,ENV_LOW,2.868784,87.4935,23712.8348,0.011475,0.030388,271.02,402.89,66.0,1478.0,118.0,134.0,214.0,1411.0,0.0021,EXP_WEB_ENV_LOW_LATENCY_SESS_0085.pcap
NAT_ENH_EXP_WEB_ENV_LOW_LATENCY_SESS_W0007,DS1_NATIVE_IPSEC_ENHANCED,1,EXP_WEB_ENV_LOW,GRP_EXP_WEB_ENV_LOW_LATENCY_SESS,LATENCY_SESS,7,WEB,ENV_LOW,2.894678,87.0563,23541.4776,0.011533,0.030598,270.42,402.2,66.0,1478.0,118.0,134.0,214.0,1299.3000000000063,0.0021,EXP_WEB_ENV_LOW_LATENCY_SESS_0085.pcap
NAT_ENH_EXP_WEB_ENV_LOW_LATENCY_SESS_W0008,DS1_NATIVE_IPSEC_ENHANCED,1,EXP_WEB_ENV_LOW,GRP_EXP_WEB_ENV_LOW_LATENCY_SESS,LATENCY_SESS,8,WEB,ENV_LOW,2.806327,84.0957,22598.9336,0.011942,0.031319,268.73,399.58,66.0,1478.0,118.0,134.0,214.0,852.5,0.0022,EXP_WEB_ENV_LOW_LATENCY_SESS_0085.pcap
NAT_ENH_EXP_WEB_ENV_LOW_LATENCY_SESS_W0009,DS1_NATIVE_IPSEC_ENHANCED,1,EXP_WEB_ENV_LOW,GRP_EXP_WEB_ENV_LOW_LATENCY_SESS,LATENCY_SESS,9,WEB,ENV_LOW,2.904384,79.5349,21657.6035,0.012628,0.033196,272.3,403.11,66.0,1478.0,126.0,134.0,214.0,1411.0,0.0022,EXP_WEB_ENV_LOW_LATENCY_SESS_0085.pcap
NAT_ENH_EXP_WEB_ENV_LOW_LATENCY_SESS_W0010,DS1_NATIVE_IPSEC_ENHANCED,1,EXP_WEB_ENV_LOW,GRP_EXP_WEB_ENV_LOW_LATENCY_SESS,LATENCY_SESS,10,WEB,ENV_LOW,2.905226,76.414,21276.1417,0.013146,0.03448,278.43,409.93,66.0,1478.0,134.0,134.0,214.0,1411.0,0.0023,EXP_WEB_ENV_LOW_LATENCY_SESS_0085.pcap
NAT_ENH_EXP_WEB_ENV_LOW_LATENCY_SESS_W0011,DS1_NATIVE_IPSEC_ENHANCED,1,EXP_WEB_ENV_LOW,GRP_EXP_WEB_ENV_LOW_LATENCY_SESS,LATENCY_SESS,11,WEB,ENV_LOW,2.972872,72.657,20544.4431,0.013827,0.036067,282.76,414.67,66.0,1478.0,134.0,134.0,214.0,1411.0,0.0011,EXP_WEB_ENV_LOW_LATENCY_SESS_0085.pcap
NAT_ENH_EXP_WEB_ENV_LOW_LATENCY_SESS_W0012,DS1_NATIVE_IPSEC_ENHANCED,1,EXP_WEB_ENV_LOW,GRP_EXP_WEB_ENV_LOW_LATENCY_SESS,LATENCY_SESS,12,WEB,ENV_LOW,2.95039,72.8717,20677.2657,0.013787,0.036381,283.75,415.38,66.0,1478.0,134.0,134.0,214.0,1411.0,0.2163,EXP_WEB_ENV_LOW_LATENCY_SESS_0085.pcap
NAT_ENH_EXP_WEB_ENV_LOW_LATENCY_SESS_W0013,DS1_NATIVE_IPSEC_ENHANCED,1,EXP_WEB_ENV_LOW,GRP_EXP_WEB_ENV_LOW_LATENCY_SESS,LATENCY_SESS,13,WEB,ENV_LOW,2.984681,71.3644,20372.6972,0.014079,0.036991,285.47,416.93,66.0,1478.0,134.0,134.0,214.0,1411.0,0.2172,EXP_WEB_ENV_LOW_LATENCY_SESS_0085.pcap
NAT_ENH_EXP_WEB_ENV_LOW_LATENCY_SESS_W0000,DS1_NATIVE_IPSEC_ENHANCED,1,EXP_WEB_ENV_LOW,GRP_EXP_WEB_ENV_LOW_LATENCY_SESS,LATENCY_SESS,0,WEB,ENV_LOW,2.946382,22.061,5479.6017,0.046037,0.126887,248.38,385.69,42.0,1478.0,86.0,134.0,134.0,294.0,0.0615,EXP_WEB_ENV_LOW_LATENCY_SESS_0086.pcap
NAT_ENH_EXP_WEB_ENV_LOW_LATENCY_SESS_W0001,DS1_NATIVE_IPSEC_ENHANCED,1,EXP_WEB_ENV_LOW,GRP_EXP_WEB_ENV_LOW_LATENCY_SESS,LATENCY_SESS,1,WEB,ENV_LOW,2.936988,36.4319,9251.315,0.027707,0.094068,253.93,386.45,42.0,1478.0,90.0,134.0,134.0,294.0,0.0288,EXP_WEB_ENV_LOW_LATENCY_SESS_0086.pcap
NAT_ENH_EXP_WEB_ENV_LOW_LATENCY_SESS_W0002,DS1_NATIVE_IPSEC_ENHANCED,1,EXP_WEB_ENV_LOW,GRP_EXP_WEB_ENV_LOW_LATENCY_SESS,LATENCY_SESS,2,WEB,ENV_LOW,2.963542,50.2777,13873.2639,0.020024,0.07454,275.93,409.39,42.0,1478.0,118.0,134.0,214.0,1411.0,0.0144,EXP_WEB_ENV_LOW_LATENCY_SESS_0086.pcap
NAT_ENH_EXP_WEB_ENV_LOW_LATENCY_SESS_W0003,DS1_NATIVE_IPSEC_ENHANCED,1,EXP_WEB_ENV_LOW,GRP_EXP_WEB_ENV_LOW_LATENCY_SESS,LATENCY_SESS,3,WEB,ENV_LOW,2.947745,65.1345,17730.8412,0.015433,0.059461,272.22,403.8,42.0,1478.0,118.0,134.0,214.0,1299.3000000000063,0.0064,EXP_WEB_ENV_LOW_LATENCY_SESS_0086.pcap
NAT_ENH_EXP_WEB_ENV_LOW_LATENCY_SESS_W0004,DS1_NATIVE_IPSEC_ENHANCED,1,EXP_WEB_ENV_LOW,GRP_EXP_WEB_ENV_LOW_LATENCY_SESS,LATENCY_SESS,4,WEB,ENV_LOW,2.666121,82.5169,23077.7222,0.012174,0.030834,279.67,411.61,42.0,1478.0,134.0,134.0,214.0,1411.0,0.0028,EXP_WEB_ENV_LOW_LATENCY_SESS_0086.pcap
NAT_ENH_EXP_WEB_ENV_LOW_LATENCY_SESS_W0005,DS1_NATIVE_IPSEC_ENHANCED,1,EXP_WEB_ENV_LOW,GRP_EXP_WEB_ENV_LOW_LATENCY_SESS,LATENCY_SESS,5,WEB,ENV_LOW,2.978417,85.9517,23094.4834,0.01168,0.029637,268.69,399.29,66.0,1478.0,118.0,134.0,214.0,852.5,0.002,EXP_WEB_ENV_LOW_LATENCY_SESS_0086.pcap
NAT_ENH_EXP_WEB_ENV_LOW_LATENCY_SESS_W0000,DS1_NATIVE_IPSEC_ENHANCED,1,EXP_WEB_ENV_LOW,GRP_EXP_WEB_ENV_LOW_LATENCY_SESS,LATENCY_SESS,0,WEB,ENV_LOW,2.991337,37.4415,9190.8733,0.026949,0.105265,245.47,379.57,42.0,1478.0,86.0,134.0,134.0,294.0,0.0352,EXP_WEB_ENV_LOW_LATENCY_SESS_0087.pcap
NAT_ENH_EXP_WEB_ENV_LOW_LATENCY_SESS_W0001,DS1_NATIVE_IPSEC_ENHANCED,1,EXP_WEB_ENV_LOW,GRP_EXP_WEB_ENV_LOW_LATENCY_SESS,LATENCY_SESS,1,WEB,ENV_LOW,2.895959,56.2853,14683.2194,0.017876,0.082182,260.87,394.58,42.0,1478.0,90.0,134.0,134.0,294.0,0.0181,EXP_WEB_ENV_LOW_LATENCY_SESS_0087.pcap
NAT_ENH_EXP_WEB_ENV_LOW_LATENCY_SESS_W0002,DS1_NATIVE_IPSEC_ENHANCED,1,EXP_WEB_ENV_LOW,GRP_EXP_WEB_ENV_LOW_LATENCY_SESS,LATENCY_SESS,2,WEB,ENV_LOW,2.362071,92.2919,24537.3653,0.010885,0.034839,265.87,398.94,42.0,1478.0,97.0,134.0,194.0,629.1000000000126,0.0102,EXP_WEB_ENV_LOW_LATENCY_SESS_0087.pcap
NAT_ENH_EXP_WEB_ENV_LOW_LATENCY_SESS_W0003,DS1_NATIVE_IPSEC_ENHANCED,1,EXP_WEB_ENV_LOW,GRP_EXP_WEB_ENV_LOW_LATENCY_SESS,LATENCY_SESS,3,WEB,ENV_LOW,2.825955,92.712,24473.4952,0.010827,0.033616,263.97,395.89,42.0,1478.0,118.0,134.0,194.0,294.0,0.0085,EXP_WEB_ENV_LOW_LATENCY_SESS_0087.pcap
NAT_ENH_EXP_WEB_ENV_LOW_LATENCY_SESS_W0004,DS1_NATIVE_IPSEC_ENHANCED,1,EXP_WEB_ENV_LOW,GRP_EXP_WEB_ENV_LOW_LATENCY_SESS,LATENCY_SESS,4,WEB,ENV_LOW,2.783336,113.1735,30351.3464,0.008864,0.022662,268.18,399.57,42.0,1478.0,118.0,134.0,214.0,964.2000000000254,0.0021,EXP_WEB_ENV_LOW_LATENCY_SESS_0087.pcap
NAT_ENH_EXP_WEB_ENV_LOW_LATENCY_SESS_W0005,DS1_NATIVE_IPSEC_ENHANCED,1,EXP_WEB_ENV_LOW,GRP_EXP_WEB_ENV_LOW_LATENCY_SESS,LATENCY_SESS,5,WEB,ENV_LOW,2.813035,113.4007,31322.3972,0.008846,0.02262,276.21,407.47,66.0,1478.0,134.0,134.0,214.0,1411.0,0.2234,EXP_WEB_ENV_LOW_LATENCY_SESS_0087.pcap
NAT_ENH_EXP_WEB_ENV_LOW_LATENCY_SESS_W0006,DS1_NATIVE_IPSEC_ENHANCED,1,EXP_WEB_ENV_LOW,GRP_EXP_WEB_ENV_LOW_LATENCY_SESS,LATENCY_SESS,6,WEB,ENV_LOW,2.890054,109.6865,30414.3107,0.009146,0.022711,277.28,408.51,66.0,1478.0,134.0,134.0,214.0,1411.0,0.0008,EXP_WEB_ENV_LOW_LATENCY_SESS_0087.pcap
NAT_ENH_EXP_WEB_ENV_LOW_LATENCY_SESS_W0007,DS1_NATIVE_IPSEC_ENHANCED,1,EXP_WEB_ENV_LOW,GRP_EXP_WEB_ENV_LOW_LATENCY_SESS,LATENCY_SESS,7,WEB,ENV_LOW,2.899457,107.6064,29067.5118,0.009323,0.023313,270.13,400.97,66.0,1478.0,118.0,134.0,214.0,1299.3000000000382,0.0017,EXP_WEB_ENV_LOW_LATENCY_SESS_0087.pcap
NAT_ENH_EXP_WEB_ENV_LOW_LATENCY_SESS_W0008,DS1_NATIVE_IPSEC_ENHANCED,1,EXP_WEB_ENV_LOW,GRP_EXP_WEB_ENV_LOW_LATENCY_SESS,LATENCY_SESS,8,WEB,ENV_LOW,2.950509,105.0666,28464.2406,0.009549,0.023773,270.92,402.1,66.0,1478.0,118.0,134.0,214.0,1411.0,0.0017,EXP_WEB_ENV_LOW_LATENCY_SESS_0087.pcap
NAT_ENH_EXP_WEB_ENV_LOW_LATENCY_SESS_W0000,DS1_NATIVE_IPSEC_ENHANCED,1,EXP_WEB_ENV_LOW,GRP_EXP_WEB_ENV_LOW_LATENCY_SESS,LATENCY_SESS,0,WEB,ENV_LOW,2.995581,13.0192,3388.9921,0.078831,0.187744,260.31,404.91,42.0,1478.0,80.0,134.0,174.0,517.4000000000032,0.0809,EXP_WEB_ENV_LOW_LATENCY_SESS_0088.pcap
NAT_ENH_EXP_WEB_ENV_LOW_LATENCY_SESS_W0001,DS1_NATIVE_IPSEC_ENHANCED,1,EXP_WEB_ENV_LOW,GRP_EXP_WEB_ENV_LOW_LATENCY_SESS,LATENCY_SESS,1,WEB,ENV_LOW,2.572188,30.7131,8121.4899,0.032977,0.11824,264.43,400.34,42.0,1478.0,90.0,134.0,174.0,517.4000000000032,0.0288,EXP_WEB_ENV_LOW_LATENCY_SESS_0088.pcap
NAT_ENH_EXP_WEB_ENV_LOW_LATENCY_SESS_W0002,DS1_NATIVE_IPSEC_ENHANCED,1,EXP_WEB_ENV_LOW,GRP_EXP_WEB_ENV_LOW_LATENCY_SESS,LATENCY_SESS,2,WEB,ENV_LOW,2.637378,40.9498,11497.0248,0.024648,0.095878,280.76,415.64,42.0,1478.0,90.0,134.0,214.0,1411.0,0.0142,EXP_WEB_ENV_LOW_LATENCY_SESS_0088.pcap
NAT_ENH_EXP_WEB_ENV_LOW_LATENCY_SESS_W0003,DS1_NATIVE_IPSEC_ENHANCED,1,EXP_WEB_ENV_LOW,GRP_EXP_WEB_ENV_LOW_LATENCY_SESS,LATENCY_SESS,3,WEB,ENV_LOW,2.833951,52.2239,14494.252,0.019279,0.081358,277.54,410.35,42.0,1478.0,130.0,134.0,214.0,1411.0,0.0065,EXP_WEB_ENV_LOW_LATENCY_SESS_0088.pcap
NAT_ENH_EXP_WEB_ENV_LOW_LATENCY_SESS_W0004,DS1_NATIVE_IPSEC_ENHANCED,1,EXP_WEB_ENV_LOW,GRP_EXP_WEB_ENV_LOW_LATENCY_SESS,LATENCY_SESS,4,WEB,ENV_LOW,2.471814,83.7442,23016.7002,0.011999,0.032815,274.85,407.4,42.0,1478.0,126.0,134.0,214.0,1411.0,0.0027,EXP_WEB_ENV_LOW_LATENCY_SESS_0088.pcap
NAT_ENH_EXP_WEB_ENV_LOW_LATENCY_SESS_W0005,DS1_NATIVE_IPSEC_ENHANCED,1,EXP_WEB_ENV_LOW,GRP_EXP_WEB_ENV_LOW_LATENCY_SESS,LATENCY_SESS,5,WEB,ENV_LOW,2.955102,85.2762,23066.8859,0.011773,0.031898,270.5,402.26,42.0,1478.0,118.0,134.0,214.0,1299.3000000000063,0.0033,EXP_WEB_ENV_LOW_LATENCY_SESS_0088.pcap
NAT_ENH_EXP_WEB_ENV_LOW_LATENCY_SESS_W0006,DS1_NATIVE_IPSEC_ENHANCED,1,EXP_WEB_ENV_LOW,GRP_EXP_WEB_ENV_LOW_LATENCY_SESS,LATENCY_SESS,6,WEB,ENV_LOW,2.969585,90.585,24652.6035,0.011081,0.029243,272.15,403.56,66.0,1478.0,134.0,134.0,214.0,1411.0,0.0019,EXP_WEB_ENV_LOW_LATENCY_SESS_0088.pcap
NAT_ENH_EXP_WEB_ENV_LOW_LATENCY_SESS_W0007,DS1_NATIVE_IPSEC_ENHANCED,1,EXP_WEB_ENV_LOW,GRP_EXP_WEB_ENV_LOW_LATENCY_SESS,LATENCY_SESS,7,WEB,ENV_LOW,2.886585,94.9219,25571.3932,0.010574,0.027673,269.39,400.44,66.0,1478.0,118.0,134.0,214.0,1075.9000000000192,0.0019,EXP_WEB_ENV_LOW_LATENCY_SESS_0088.pcap
NAT_ENH_EXP_WEB_ENV_LOW_LATENCY_SESS_W0008,DS1_NATIVE_IPSEC_ENHANCED,1,EXP_WEB_ENV_LOW,GRP_EXP_WEB_ENV_LOW_LATENCY_SESS,LATENCY_SESS,8,WEB,ENV_LOW,2.830941,98.2006,26257.7005,0.01022,0.025581,267.39,397.89,66.0,1478.0,118.0,134.0,214.0,629.1000000000126,0.0019,EXP_WEB_ENV_LOW_LATENCY_SESS_0088.pcap
NAT_ENH_EXP_WEB_ENV_LOW_LATENCY_SESS_W0009,DS1_NATIVE_IPSEC_ENHANCED,1,EXP_WEB_ENV_LOW,GRP_EXP_WEB_ENV_LOW_LATENCY_SESS,LATENCY_SESS,9,WEB,ENV_LOW,2.927262,97.3606,26665.5319,0.010307,0.026831,273.88,405.48,66.0,1478.0,118.0,134.0,214.0,1411.0,0.0018,EXP_WEB_ENV_LOW_LATENCY_SESS_0088.pcap
NAT_ENH_EXP_WEB_ENV_LOW_LATENCY_SESS_W0010,DS1_NATIVE_IPSEC_ENHANCED,1,EXP_WEB_ENV_LOW,GRP_EXP_WEB_ENV_LOW_LATENCY_SESS,LATENCY_SESS,10,WEB,ENV_LOW,2.774456,90.1078,24568.7801,0.011142,0.029454,272.66,403.19,66.0,1478.0,122.0,134.0,214.0,1411.0,0.001,EXP_WEB_ENV_LOW_LATENCY_SESS_0088.pcap
NAT_ENH_EXP_WEB_ENV_LOW_LATENCY_SESS_W0011,DS1_NATIVE_IPSEC_ENHANCED,1,EXP_WEB_ENV_LOW,GRP_EXP_WEB_ENV_LOW_LATENCY_SESS,LATENCY_SESS,11,WEB,ENV_LOW,2.94697,88.5655,24574.3935,0.011334,0.030407,277.47,408.48,66.0,1478.0,134.0,134.0,214.0,1411.0,0.2278,EXP_WEB_ENV_LOW_LATENCY_SESS_0088.pcap
NAT_ENH_EXP_WEB_ENV_LOW_LATENCY_SESS_W0012,DS1_NATIVE_IPSEC_ENHANCED,1,EXP_WEB_ENV_LOW,GRP_EXP_WEB_ENV_LOW_LATENCY_SESS,LATENCY_SESS,12,WEB,ENV_LOW,2.894633,82.9121,23148.0118,0.012111,0.033397,279.19,410.1,66.0,1478.0,134.0,134.0,214.0,1411.0,0.2279,EXP_WEB_ENV_LOW_LATENCY_SESS_0088.pcap
NAT_ENH_EXP_WEB_ENV_LOW_LATENCY_SESS_W0013,DS1_NATIVE_IPSEC_ENHANCED,1,EXP_WEB_ENV_LOW,GRP_EXP_WEB_ENV_LOW_LATENCY_SESS,LATENCY_SESS,13,WEB,ENV_LOW,2.906174,79.486,22681.0237,0.012636,0.035224,285.35,416.71,66.0,1478.0,134.0,134.0,214.0,1411.0,0.2215,EXP_WEB_ENV_LOW_LATENCY_SESS_0088.pcap
NAT_ENH_EXP_WEB_ENV_LOW_LATENCY_SESS_W0000,DS1_NATIVE_IPSEC_ENHANCED,1,EXP_WEB_ENV_LOW,GRP_EXP_WEB_ENV_LOW_LATENCY_SESS,LATENCY_SESS,0,WEB,ENV_LOW,2.982877,17.4328,3877.4649,0.058488,0.143809,222.42,357.03,42.0,1478.0,83.0,134.0,134.0,286.7999999999999,0.0881,EXP_WEB_ENV_LOW_LATENCY_SESS_0089.pcap
NAT_ENH_EXP_WEB_ENV_LOW_LATENCY_SESS_W0001,DS1_NATIVE_IPSEC_ENHANCED,1,EXP_WEB_ENV_LOW,GRP_EXP_WEB_ENV_LOW_LATENCY_SESS,LATENCY_SESS,1,WEB,ENV_LOW,2.96308,28.6864,7255.288,0.035275,0.110978,252.92,388.28,42.0,1478.0,90.0,134.0,134.0,294.0,0.0324,EXP_WEB_ENV_LOW_LATENCY_SESS_0089.pcap
NAT_ENH_EXP_WEB_ENV_LOW_LATENCY_SESS_W0002,DS1_NATIVE_IPSEC_ENHANCED,1,EXP_WEB_ENV_LOW,GRP_EXP_WEB_ENV_LOW_LATENCY_SESS,LATENCY_SESS,2,WEB,ENV_LOW,2.876066,44.1575,11250.0897,0.022826,0.080383,254.77,388.43,42.0,1478.0,90.0,134.0,134.0,294.0,0.0184,EXP_WEB_ENV_LOW_LATENCY_SESS_0089.pcap
NAT_ENH_EXP_WEB_ENV_LOW_LATENCY_SESS_W0003,DS1_NATIVE_IPSEC_ENHANCED,1,EXP_WEB_ENV_LOW,GRP_EXP_WEB_ENV_LOW_LATENCY_SESS,LATENCY_SESS,3,WEB,ENV_LOW,2.397657,72.5708,18332.8963,0.013859,0.045435,252.62,383.35,42.0,1478.0,97.0,134.0,134.0,294.0,0.006,EXP_WEB_ENV_LOW_LATENCY_SESS_0089.pcap
NAT_ENH_EXP_WEB_ENV_LOW_LATENCY_SESS_W0004,DS1_NATIVE_IPSEC_ENHANCED,1,EXP_WEB_ENV_LOW,GRP_EXP_WEB_ENV_LOW_LATENCY_SESS,LATENCY_SESS,4,WEB,ENV_LOW,2.911965,72.8031,18660.2509,0.013801,0.043913,256.31,387.55,42.0,1478.0,111.0,134.0,134.0,294.0,0.0062,EXP_WEB_ENV_LOW_LATENCY_SESS_0089.pcap
NAT_ENH_EXP_WEB_ENV_LOW_LATENCY_SESS_W0005,DS1_NATIVE_IPSEC_ENHANCED,1,EXP_WEB_ENV_LOW,GRP_EXP_WEB_ENV_LOW_LATENCY_SESS,LATENCY_SESS,5,WEB,ENV_LOW,2.925706,85.7913,23199.5274,0.011703,0.031183,270.42,403.16,42.0,1478.0,118.0,134.0,214.0,1411.0,0.0023,EXP_WEB_ENV_LOW_LATENCY_SESS_0089.pcap
NAT_ENH_EXP_WEB_ENV_LOW_LATENCY_SESS_W0006,DS1_NATIVE_IPSEC_ENHANCED,1,EXP_WEB_ENV_LOW,GRP_EXP_WEB_ENV_LOW_LATENCY_SESS,LATENCY_SESS,6,WEB,ENV_LOW,2.828579,87.6765,22858.121,0.011452,0.030842,260.71,391.48,66.0,1478.0,118.0,134.0,134.0,294.0,0.0022,EXP_WEB_ENV_LOW_LATENCY_SESS_0089.pcap
NAT_ENH_EXP_WEB_ENV_LOW_LATENCY_SESS_W0007,DS1_NATIVE_IPSEC_ENHANCED,1,EXP_WEB_ENV_LOW,GRP_EXP_WEB_ENV_LOW_LATENCY_SESS,LATENCY_SESS,7,WEB,ENV_LOW,2.934312,84.5173,22034.4677,0.01188,0.031458,260.71,391.48,66.0,1478.0,118.0,134.0,134.0,294.0,0.0022,EXP_WEB_ENV_LOW_LATENCY_SESS_0089.pcap
NAT_ENH_EXP_WEB_ENV_LOW_LATENCY_SESS_W0008,DS1_NATIVE_IPSEC_ENHANCED,1,EXP_WEB_ENV_LOW,GRP_EXP_WEB_ENV_LOW_LATENCY_SESS,LATENCY_SESS,8,WEB,ENV_LOW,2.812214,87.8312,22949.179,0.011432,0.030771,261.29,392.16,66.0,1478.0,118.0,134.0,134.0,294.0,0.0022,EXP_WEB_ENV_LOW_LATENCY_SESS_0089.pcap
NAT_ENH_EXP_WEB_ENV_LOW_LATENCY_SESS_W0009,DS1_NATIVE_IPSEC_ENHANCED,1,EXP_WEB_ENV_LOW,GRP_EXP_WEB_ENV_LOW_LATENCY_SESS,LATENCY_SESS,9,WEB,ENV_LOW,2.94681,82.4621,22755.1148,0.012177,0.032765,275.95,408.44,66.0,1478.0,118.0,134.0,214.0,1411.0,0.0021,EXP_WEB_ENV_LOW_LATENCY_SESS_0089.pcap
NAT_ENH_EXP_WEB_ENV_LOW_LATENCY_SESS_W0010,DS1_NATIVE_IPSEC_ENHANCED,1,EXP_WEB_ENV_LOW,GRP_EXP_WEB_ENV_LOW_LATENCY_SESS,LATENCY_SESS,10,WEB,ENV_LOW,2.921602,83.8581,23036.3341,0.011974,0.031973,274.71,407.01,66.0,1478.0,118.0,134.0,214.0,1411.0,0.001,EXP_WEB_ENV_LOW_LATENCY_SESS_0089.pcap
NAT_ENH_EXP_WEB_ENV_LOW_LATENCY_SESS_W0011,DS1_NATIVE_IPSEC_ENHANCED,1,EXP_WEB_ENV_LOW,GRP_EXP_WEB_ENV_LOW_LATENCY_SESS,LATENCY_SESS,11,WEB,ENV_LOW,2.956974,83.1932,21784.4321,0.012069,0.03288,261.85,392.79,66.0,1478.0,118.0,134.0,134.0,294.0,0.0011,EXP_WEB_ENV_LOW_LATENCY_SESS_0089.pcap
NAT_ENH_EXP_WEB_ENV_LOW_LATENCY_SESS_W0012,DS1_NATIVE_IPSEC_ENHANCED,1,EXP_WEB_ENV_LOW,GRP_EXP_WEB_ENV_LOW_LATENCY_SESS,LATENCY_SESS,12,WEB,ENV_LOW,2.930765,84.9608,23117.1732,0.011818,0.032627,272.09,404.26,66.0,1478.0,118.0,134.0,214.0,1411.0,0.2194,EXP_WEB_ENV_LOW_LATENCY_SESS_0089.pcap
NAT_ENH_EXP_WEB_ENV_LOW_LATENCY_SESS_W0013,DS1_NATIVE_IPSEC_ENHANCED,1,EXP_WEB_ENV_LOW,GRP_EXP_WEB_ENV_LOW_LATENCY_SESS,LATENCY_SESS,13,WEB,ENV_LOW,2.964297,85.6864,23050.6588,0.011717,0.031793,269.01,400.86,66.0,1478.0,118.0,134.0,194.0,1075.9000000000192,0.2252,EXP_WEB_ENV_LOW_LATENCY_SESS_0089.pcap
NAT_ENH_EXP_WEB_ENV_LOW_LATENCY_SESS_W0000,DS1_NATIVE_IPSEC_ENHANCED,1,EXP_WEB_ENV_LOW,GRP_EXP_WEB_ENV_LOW_LATENCY_SESS,LATENCY_SESS,0,WEB,ENV_LOW,2.996626,13.6821,3446.543,0.074916,0.194714,251.9,396.65,42.0,1478.0,86.0,134.0,134.0,294.0,0.0997,EXP_WEB_ENV_LOW_LATENCY_SESS_0090.pcap
NAT_ENH_EXP_WEB_ENV_LOW_LATENCY_SESS_W0001,DS1_NATIVE_IPSEC_ENHANCED,1,EXP_WEB_ENV_LOW,GRP_EXP_WEB_ENV_LOW_LATENCY_SESS,LATENCY_SESS,1,WEB,ENV_LOW,2.967893,25.2705,5854.9952,0.040107,0.141998,231.69,361.92,42.0,1478.0,80.0,134.0,134.0,294.0,0.0457,EXP_WEB_ENV_LOW_LATENCY_SESS_0090.pcap
NAT_ENH_EXP_WEB_ENV_LOW_LATENCY_SESS_W0002,DS1_NATIVE_IPSEC_ENHANCED,1,EXP_WEB_ENV_LOW,GRP_EXP_WEB_ENV_LOW_LATENCY_SESS,LATENCY_SESS,2,WEB,ENV_LOW,2.968449,34.0245,8901.2811,0.029684,0.117227,261.61,396.27,42.0,1478.0,90.0,134.0,134.0,294.0,0.0226,EXP_WEB_ENV_LOW_LATENCY_SESS_0090.pcap
NAT_ENH_EXP_WEB_ENV_LOW_LATENCY_SESS_W0003,DS1_NATIVE_IPSEC_ENHANCED,1,EXP_WEB_ENV_LOW,GRP_EXP_WEB_ENV_LOW_LATENCY_SESS,LATENCY_SESS,3,WEB,ENV_LOW,2.925962,46.4804,12509.732,0.021674,0.097781,269.14,402.22,42.0,1478.0,118.0,134.0,214.0,852.5,0.0092,EXP_WEB_ENV_LOW_LATENCY_SESS_0090.pcap
NAT_ENH_EXP_WEB_ENV_LOW_LATENCY_SESS_W0004,DS1_NATIVE_IPSEC_ENHANCED,1,EXP_WEB_ENV_LOW,GRP_EXP_WEB_ENV_LOW_LATENCY_SESS,LATENCY_SESS,4,WEB,ENV_LOW,2.310437,75.3104,20370.6055,0.013355,0.036999,270.49,402.83,42.0,1478.0,118.0,134.0,214.0,1075.9000000000192,0.0018,EXP_WEB_ENV_LOW_LATENCY_SESS_0090.pcap
NAT_ENH_EXP_WEB_ENV_LOW_LATENCY_SESS_W0005,DS1_NATIVE_IPSEC_ENHANCED,1,EXP_WEB_ENV_LOW,GRP_EXP_WEB_ENV_LOW_LATENCY_SESS,LATENCY_SESS,5,WEB,ENV_LOW,2.804223,76.3135,20574.3262,0.013165,0.036103,269.6,401.72,42.0,1478.0,118.0,134.0,214.0,1075.9000000000192,0.0015,EXP_WEB_ENV_LOW_LATENCY_SESS_0090.pcap
NAT_ENH_EXP_WEB_ENV_LOW_LATENCY_SESS_W0006,DS1_NATIVE_IPSEC_ENHANCED,1,EXP_WEB_ENV_LOW,GRP_EXP_WEB_ENV_LOW_LATENCY_SESS,LATENCY_SESS,6,WEB,ENV_LOW,2.957612,70.6651,18347.234,0.014219,0.038072,259.64,389.38,66.0,1478.0,118.0,134.0,134.0,294.0,0.0026,EXP_WEB_ENV_LOW_LATENCY_SESS_0090.pcap
NAT_ENH_EXP_WEB_ENV_LOW_LATENCY_SESS_W0007,DS1_NATIVE_IPSEC_ENHANCED,1,EXP_WEB_ENV_LOW,GRP_EXP_WEB_ENV_LOW_LATENCY_SESS,LATENCY_SESS,7,WEB,ENV_LOW,2.789068,75.6525,20605.0911,0.013281,0.035328,272.36,403.85,66.0,1478.0,118.0,134.0,214.0,1411.0,0.0024,EXP_WEB_ENV_LOW_LATENCY_SESS_0090.pcap
NAT_ENH_EXP_WEB_ENV_LOW_LATENCY_SESS_W0008,DS1_NATIVE_IPSEC_ENHANCED,1,EXP_WEB_ENV_LOW,GRP_EXP_WEB_ENV_LOW_LATENCY_SESS,LATENCY_SESS,8,WEB,ENV_LOW,2.822919,78.2878,20785.932,0.012831,0.033835,265.51,395.96,66.0,1478.0,118.0,134.0,214.0,294.0,0.0024,EXP_WEB_ENV_LOW_LATENCY_SESS_0090.pcap
NAT_ENH_EXP_WEB_ENV_LOW_LATENCY_SESS_W0009,DS1_NATIVE_IPSEC_ENHANCED,1,EXP_WEB_ENV_LOW,GRP_EXP_WEB_ENV_LOW_LATENCY_SESS,LATENCY_SESS,9,WEB,ENV_LOW,2.766535,79.1604,21124.2598,0.012691,0.033168,266.85,397.51,66.0,1478.0,118.0,134.0,214.0,517.4000000000191,0.0024,EXP_WEB_ENV_LOW_LATENCY_SESS_0090.pcap
